<?xml version="1.0" encoding="utf-8"?>
<COLLADA xmlns="http://www.collada.org/2005/11/COLLADASchema" version="1.4.1" xmlns:xsi="http://www.w3.org/2001/XMLSchema-instance">
  <asset>
    <contributor>
      <author>Blender User</author>
      <authoring_tool>Blender 4.5.5 LTS commit date:2025-11-17, commit time:16:03, hash:836beaaf597a</authoring_tool>
    </contributor>
    <created>2025-11-25T11:58:48</created>
    <modified>2025-11-25T11:58:48</modified>
    <unit name="meter" meter="1"/>
    <up_axis>Z_UP</up_axis>
  </asset>
  <library_cameras>
    <camera id="Camera-camera" name="Camera">
      <optics>
        <technique_common>
          <perspective>
            <xfov sid="xfov">39.59775</xfov>
            <aspect_ratio>1.777778</aspect_ratio>
            <znear sid="znear">0.1</znear>
            <zfar sid="zfar">100</zfar>
          </perspective>
        </technique_common>
      </optics>
      <extra>
        <technique profile="blender">
          <shiftx sid="shiftx" type="float">0</shiftx>
          <shifty sid="shifty" type="float">0</shifty>
          <dof_distance sid="dof_distance" type="float">10</dof_distance>
        </technique>
      </extra>
    </camera>
  </library_cameras>
  <library_lights>
    <light id="Light-light" name="Light">
      <technique_common>
        <point>
          <color sid="color">1000 1000 1000</color>
          <constant_attenuation>1</constant_attenuation>
          <linear_attenuation>0</linear_attenuation>
          <quadratic_attenuation>0</quadratic_attenuation>
        </point>
      </technique_common>
      <extra>
        <technique profile="blender">
          <type sid="type" type="int">0</type>
          <flag sid="flag" type="int">0</flag>
          <mode sid="mode" type="int">2097153</mode>
          <red sid="red" type="float">1</red>
          <green sid="green" type="float">1</green>
          <blue sid="blue" type="float">1</blue>
          <energy sid="blender_energy" type="float">1000</energy>
          <spotsize sid="spotsize" type="float">75</spotsize>
          <spotblend sid="spotblend" type="float">0.15</spotblend>
          <clipsta sid="clipsta" type="float">0.04999995</clipsta>
          <clipend sid="clipend" type="float">40</clipend>
          <radius sid="radius" type="float">0.1</radius>
          <area_shape sid="area_shape" type="int">1</area_shape>
          <area_size sid="area_size" type="float">0.1</area_size>
          <area_sizey sid="area_sizey" type="float">0.1</area_sizey>
          <area_sizez sid="area_sizez" type="float">1</area_sizez>
        </technique>
      </extra>
    </light>
  </library_lights>
  <library_effects>
    <effect id="mat_0-effect">
      <profile_COMMON>
        <technique sid="common">
          <lambert>
            <emission>
              <color sid="emission">0 0 0 1</color>
            </emission>
            <diffuse>
              <color sid="diffuse">0.5906188 0.6375969 0.8549926 1</color>
            </diffuse>
            <reflectivity>
              <float sid="specular">1</float>
            </reflectivity>
            <index_of_refraction>
              <float sid="ior">1.5</float>
            </index_of_refraction>
          </lambert>
        </technique>
      </profile_COMMON>
    </effect>
  </library_effects>
  <library_images/>
  <library_materials>
    <material id="mat_0-material" name="mat_0">
      <instance_effect url="#mat_0-effect"/>
    </material>
  </library_materials>
  <library_geometries>
    <geometry id="_204_MECA_025_SPEC_stp-mesh" name="0204_MECA_025_SPEC.stp">
      <mesh>
        <source id="_204_MECA_025_SPEC_stp-mesh-positions">
          <float_array id="_204_MECA_025_SPEC_stp-mesh-positions-array" count="9405">-0.0726583 0.02059674 0.006249964 -0.07260155 0.02015531 0.006199836 -0.07254767 0.01973605 0.006051898 -0.07249939 0.01935994 0.005813658 -0.07245898 0.01904582 0.005496978 -0.07242864 0.01880949 0.005117714 -0.07240974 0.01866281 0.004694998 -0.07240337 0.01861304 0.004249989 -0.02676475 0.02447813 0.004249989 -0.02701967 0.02646183 0.006249964 -0.02696293 0.0260204 0.006199836 -0.02690905 0.02560114 0.006051898 -0.02686071 0.02522504 0.005813658 -0.02682036 0.02491092 0.005496978 -0.02679002 0.02467459 0.005117714 -0.02677112 0.0245279 0.004694998 -0.07240337 0.01861304 -0.004249989 -0.07240974 0.01866281 -0.004694998 -0.07242864 0.01880949 -0.005117714 -0.07245898 0.01904582 -0.005496978 -0.07249939 0.01935994 -0.005813658 -0.07254767 0.01973605 -0.006051898 -0.07260155 0.02015531 -0.006199836 -0.0726583 0.02059674 -0.006249964 -0.02701967 0.02646183 -0.006249964 -0.02676475 0.02447813 -0.004249989 -0.02677112 0.0245279 -0.004694998 -0.02679002 0.02467459 -0.005117714 -0.02682036 0.02491092 -0.005496978 -0.02686071 0.02522504 -0.005813658 -0.02690905 0.02560114 -0.006051898 -0.02696293 0.0260204 -0.006199836 -0.01199996 0.007999956 0.00209999 -0.01250255 0.007999956 0.002038955 -0.01297587 0.007999956 0.001859426 -0.0133925 0.007999956 0.001571834 -0.01372826 0.007999956 0.001192927 -0.01396352 0.007999956 7.4467e-4 -0.01408463 0.007999956 2.53127e-4 -0.01408463 0.007999956 -2.53127e-4 -0.01396352 0.007999956 -7.4467e-4 -0.01372826 0.007999956 -0.001192927 -0.0133925 0.007999956 -0.001571834 -0.01297587 0.007999956 -0.001859426 -0.01250255 0.007999956 -0.002038955 -0.01199996 0.007999956 -0.00209999 -0.01199996 0.009261786 0 -0.01199996 0.009261786 0 -0.0123037 0.008841156 6.3068e-4 -0.01254725 0.008841156 4.36444e-4 -0.01260739 0.008420586 0.001261353 -0.01268243 0.008841156 1.55765e-4 -0.01309454 0.008420586 8.72886e-4 -0.01268243 0.008841156 -1.55765e-4 -0.01336485 0.008420586 3.11529e-4 -0.01254725 0.008841156 -4.36444e-4 -0.01336485 0.008420586 -3.11529e-4 -0.0123037 0.008841156 -6.3068e-4 -0.01309454 0.008420586 -8.72886e-4 -0.01260739 0.008420586 -0.001261353 -0.01199996 0.007999956 -0.00209999 -0.01149743 0.007999956 -0.002038955 -0.01102405 0.007999956 -0.001859426 -0.01060742 0.007999956 -0.001571834 -0.01027172 0.007999956 -0.001192927 -0.01003646 0.007999956 -7.4467e-4 -0.009915292 0.007999956 -2.53127e-4 -0.009915292 0.007999956 2.53127e-4 -0.01003646 0.007999956 7.4467e-4 -0.01027172 0.007999956 0.001192927 -0.01060742 0.007999956 0.001571834 -0.01102405 0.007999956 0.001859426 -0.01149743 0.007999956 0.002038955 -0.01199996 0.007999956 0.00209999 -0.01199996 0.009261786 0 -0.01199996 0.009261786 0 -0.01145267 0.008841156 -4.36444e-4 -0.01169627 0.008841156 -6.3068e-4 -0.01139253 0.008420586 -0.001261353 -0.01131755 0.008841156 -1.55765e-4 -0.01090538 0.008420586 -8.72886e-4 -0.01131755 0.008841156 1.55765e-4 -0.01063507 0.008420586 -3.11529e-4 -0.01145267 0.008841156 4.36444e-4 -0.01063507 0.008420586 3.11529e-4 -0.01169627 0.008841156 6.3068e-4 -0.01090538 0.008420586 8.72886e-4 -0.01139253 0.008420586 0.001261353 -0.02676475 0.02447813 -0.004249989 -0.02677112 0.0245279 -0.004694998 -0.02679002 0.02467459 -0.005117714 -0.02682036 0.02491092 -0.005496978 -0.02686071 0.02522504 -0.005813658 -0.02690905 0.02560114 -0.006051898 -0.02696293 0.0260204 -0.006199836 -0.02701967 0.02646183 -0.006249964 -0.01799994 0.01852709 -0.006249964 -0.01824945 0.0205093 -0.006249964 -0.01898229 0.02236795 -0.006249964 -0.01974922 0.02351987 -0.006249964 -0.02079123 0.02459907 -0.006249964 -0.02191561 0.02540588 -0.006249964 -0.02306181 0.02596801 -0.006249964 -0.02428293 0.02634066 -0.006249964 -0.02554774 0.02651429 -0.006249964 -0.02628475 0.02652204 -0.006249964 -0.01844501 0.01852709 -0.006199836 -0.01886773 0.01852709 -0.006051898 -0.01924693 0.01852709 -0.005813658 -0.01956361 0.01852709 -0.005496978 -0.01980191 0.01852709 -0.005117714 -0.01994985 0.01852709 -0.004694998 -0.01999998 0.01852709 -0.004249989 -0.02531242 0.02448755 -0.004249989 -0.02390033 0.02414774 -0.004249989 -0.02261132 0.02347856 -0.004249989 -0.02152085 0.02251923 -0.004249989 -0.02069282 0.021326 -0.004249989 -0.02017575 0.0199688 -0.004249989 -0.02626925 0.02607727 -0.006199836 -0.02625417 0.02565479 -0.006051898 -0.02557325 0.02606999 -0.006199836 -0.02624064 0.02527582 -0.005813658 -0.0251342 0.02603226 -0.006199836 -0.02559709 0.02564793 -0.006051898 -0.02622938 0.02495932 -0.005496978 -0.02518266 0.02561235 -0.006051898 -0.02561855 0.02526932 -0.005813658 -0.02437877 0.02590602 -0.006199836 -0.02622085 0.0247212 -0.005117714 -0.02522611 0.02523565 -0.005813658 -0.02563643 0.02495312 -0.005496978 -0.02446949 0.0254932 -0.006051898 -0.02621561 0.02457338 -0.004694998 -0.02526241 0.024921 -0.005496978 -0.0256499 0.02471524 -0.005117714 -0.02455085 0.02512282 -0.005813658 -0.02335619 0.02560436 -0.006199836 -0.02528971 0.0246843 -0.005117714 -0.02565824 0.0245676 -0.004694998 -0.0246188 0.02481347 -0.005496978 -0.02350413 0.02520835 -0.006051898 -0.02530664 0.02453738 -0.004694998 -0.02466994 0.02458077 -0.005117714 -0.02363681 0.02485311 -0.005813658 -0.022143 0.02502334 -0.006199836 -0.02470165 0.02443629 -0.004694998 -0.02374768 0.02455645 -0.005496978 -0.0217331 0.02476179 -0.006199836 -0.02235883 0.02465987 -0.006051898 -0.023831 0.02433329 -0.005117714 -0.02197188 0.02441293 -0.006051898 -0.02255243 0.02433377 -0.005813658 -0.0238828 0.02419471 -0.004694998 -0.02108114 0.02426141 -0.006199836 -0.02218604 0.0241 -0.005813658 -0.02271413 0.0240615 -0.005496978 -0.02135634 0.02394056 -0.006051898 -0.02236485 0.02383863 -0.005496978 -0.02283573 0.02385658 -0.005117714 -0.02160328 0.02365273 -0.005813658 -0.02035999 0.02355384 -0.006199836 -0.02249944 0.023642 -0.005117714 -0.02291125 0.02372938 -0.004694998 -0.02009707 0.02324229 -0.006199836 -0.02180945 0.02341234 -0.005496978 -0.02067559 0.02327257 -0.006051898 -0.022583 0.02351993 -0.004694998 -0.02042734 0.02297842 -0.006051898 -0.0219646 0.0232315 -0.005117714 -0.02095866 0.02302026 -0.005813658 -0.02072364 0.02274179 -0.005813658 -0.02206087 0.02311927 -0.004694998 -0.02119511 0.02280956 -0.005496978 -0.01937276 0.02215439 -0.006199836 -0.02097105 0.02254414 -0.005496978 -0.02137297 0.02265101 -0.005117714 -0.01974356 0.02195143 -0.006051898 -0.02115726 0.02239543 -0.005117714 -0.02148342 0.0225526 -0.004694998 -0.02007621 0.02176934 -0.005813658 -0.02127283 0.0223031 -0.004694998 -0.02035403 0.02161729 -0.005496978 -0.01868063 0.02039909 -0.006199836 -0.020563 0.02150291 -0.005117714 -0.01909017 0.02029436 -0.006051898 -0.02069276 0.02143186 -0.004694998 -0.01945757 0.02020043 -0.005813658 -0.01976436 0.02012193 -0.005496978 -0.01999521 0.02006292 -0.005117714 -0.0201385 0.02002626 -0.004694998 -0.02701967 0.02646183 0.006249964 -0.02696293 0.0260204 0.006199836 -0.02690905 0.02560114 0.006051898 -0.02686071 0.02522504 0.005813658 -0.02682036 0.02491092 0.005496978 -0.02679002 0.02467459 0.005117714 -0.02677112 0.0245279 0.004694998 -0.02676475 0.02447813 0.004249989 -0.01999998 0.01852709 0.004249989 -0.02017575 0.0199688 0.004249989 -0.02069282 0.021326 0.004249989 -0.02152085 0.02251923 0.004249989 -0.02261132 0.02347856 0.004249989 -0.02390033 0.02414774 0.004249989 -0.02531242 0.02448755 0.004249989 -0.01799994 0.01852709 0.006249964 -0.01844501 0.01852709 0.006199836 -0.01886773 0.01852709 0.006051898 -0.01924693 0.01852709 0.005813658 -0.01956361 0.01852709 0.005496978 -0.01980191 0.01852709 0.005117714 -0.01994985 0.01852709 0.004694998 -0.02502179 0.02646708 0.006249964 -0.02308493 0.02597707 0.006249964 -0.02184462 0.02536326 0.006249964 -0.02064144 0.02446728 0.006249964 -0.0196979 0.02345496 0.006249964 -0.01899427 0.0223897 0.006249964 -0.01846903 0.0212261 0.006249964 -0.01813554 0.01999372 0.006249964 -0.01803398 0.01926368 0.006249964 -0.01847708 0.01922237 0.006199836 -0.01889801 0.01918351 0.006051898 -0.01857298 0.01991176 0.006199836 -0.0192756 0.01914858 0.005813658 -0.01866638 0.0203424 0.006199836 -0.01898854 0.01983433 0.006051898 -0.01959097 0.01911944 0.005496978 -0.0190767 0.02024084 0.006051898 -0.01936137 0.01976478 0.005813658 -0.01888787 0.0210756 0.006199836 -0.0198282 0.0190975 0.005117714 -0.01944482 0.0201497 0.005813658 -0.01967269 0.01970678 0.005496978 -0.01928579 0.02093303 0.006051898 -0.01997548 0.01908391 0.004694998 -0.0197522 0.02007365 0.005496978 -0.01990693 0.01966309 0.005117714 -0.01964277 0.02080512 0.005813658 -0.01931738 0.02205139 0.006199836 -0.01998353 0.02001637 0.005117714 -0.02005231 0.01963597 0.004694998 -0.01994091 0.0206983 0.005496978 -0.01969134 0.02185422 0.006051898 -0.02012705 0.01998084 0.004694998 -0.0201652 0.0206179 0.005117714 -0.02002674 0.02167731 0.005813658 -0.02004832 0.0231806 0.006199836 -0.02030444 0.02056801 0.004694998 -0.02030688 0.02152955 0.005496978 -0.02035999 0.02355384 0.006199836 -0.02038133 0.02292025 0.006051898 -0.02051764 0.02141839 0.005117714 -0.02067559 0.02327257 0.006051898 -0.02068006 0.02268666 0.005813658 -0.02064847 0.02134943 0.004694998 -0.0209394 0.02413672 0.006199836 -0.02095866 0.02302026 0.005813658 -0.02092957 0.02249157 0.005496978 -0.02122253 0.02382284 0.006051898 -0.02119511 0.02280956 0.005496978 -0.02111726 0.02234482 0.005117714 -0.02147656 0.02354127 0.005813658 -0.0217331 0.02476179 0.006199836 -0.02137297 0.02265101 0.005117714 -0.02123379 0.02225369 0.004694998 -0.02207565 0.02498286 0.006199836 -0.02168869 0.02330613 0.005496978 -0.02197188 0.02441293 0.006051898 -0.02148342 0.0225526 0.004694998 -0.02229523 0.02462166 0.006051898 -0.02184832 0.02312922 0.005117714 -0.02218604 0.0241 0.005813658 -0.02249222 0.02429759 0.005813658 -0.02194738 0.02301937 0.004694998 -0.02236485 0.02383863 0.005496978 -0.023247 0.02556258 0.006199836 -0.02265673 0.02402698 0.005496978 -0.02249944 0.023642 0.005117714 -0.02340102 0.02516895 0.006051898 -0.02278047 0.02382338 0.005117714 -0.022583 0.02351993 0.004694998 -0.02353924 0.02481579 0.005813658 -0.0228573 0.02369701 0.004694998 -0.02365463 0.02452087 0.005496978 -0.02507615 0.02602535 0.006199836 -0.02374142 0.02429902 0.005117714 -0.02512788 0.02560579 0.006051898 -0.02379536 0.02416127 0.004694998 -0.02517426 0.02522945 0.005813658 -0.02521294 0.02491515 0.005496978 -0.02524209 0.02467864 0.005117714 -0.02526015 0.02453184 0.004694998 -0.01799994 0.01852709 0.006249964 -0.01799994 0.005499958 0.006249964 -0.00999999 0.005499958 0.006249964 -0.008998632 0.00561279 0.006249964 -0.008047521 0.005945622 0.006249964 -0.00719428 0.006481707 0.006249964 -0.006481707 0.00719428 0.006249964 -0.005945622 0.008047521 0.006249964 -0.00561279 0.008998632 0.006249964 -0.005499958 0.00999999 0.006249964 -0.005499958 0.0266326 0.006249964 -0.005631804 0.02771389 0.006249964 -0.006019592 0.02873182 0.006249964 -0.006640613 0.02962672 0.006249964 -0.007458448 0.03034621 0.006249964 -0.008425235 0.03084808 0.006249964 -0.009484291 0.03110295 0.006249964 -0.01057356 0.03109592 0.006249964 -0.1116006 0.01811277 0.006249964 -0.1123798 0.01791983 0.006249964 -0.1130945 0.01755446 0.006249964 -0.1137072 0.01703584 0.006249964 -0.1141856 0.01639133 0.006249964 -0.1196077 0.006999969 0.006249964 -0.1196814 0.006842017 0.006249964 -0.1197264 0.006673634 0.006249964 -0.1197416 0.006499946 0.006249964 -0.1197166 0.006277441 0.006249964 -0.1196426 0.006066083 0.006249964 -0.1195235 0.005876481 0.006249964 -0.1193652 0.005718111 0.006249964 -0.1191755 0.005599021 0.006249964 -0.1189641 0.005525052 0.006249964 -0.1187416 0.005499958 0.006249964 -0.08455657 0.005499958 0.006249964 -0.07782822 0.01715385 0.006249964 -0.07687139 0.01844292 0.006249964 -0.07564604 0.0194801 0.006249964 -0.0742166 0.02021086 0.006249964 -0.0726583 0.02059674 0.006249964 -0.02701967 0.02646183 0.006249964 -0.02502179 0.02646708 0.006249964 -0.02308493 0.02597707 0.006249964 -0.02184462 0.02536326 0.006249964 -0.02064144 0.02446728 0.006249964 -0.0196979 0.02345496 0.006249964 -0.01899427 0.0223897 0.006249964 -0.01846903 0.0212261 0.006249964 -0.01813554 0.01999372 0.006249964 -0.01803398 0.01926368 0.006249964 -0.07782822 0.01715385 0.006249964 -0.07744282 0.01693129 0.006199836 -0.07707673 0.01671993 0.006051898 -0.07674831 0.01653033 0.005813658 -0.07647407 0.01637202 0.005496978 -0.07626771 0.01625287 0.005117714 -0.07613962 0.0161789 0.004694998 -0.07609617 0.01615387 0.004249989 -0.07240337 0.01861304 0.004249989 -0.07351648 0.01833742 0.004249989 -0.07453751 0.01781547 0.004249989 -0.07541275 0.01707464 0.004249989 -0.0726583 0.02059674 0.006249964 -0.07260155 0.02015531 0.006199836 -0.07254767 0.01973605 0.006051898 -0.07249939 0.01935994 0.005813658 -0.07245898 0.01904582 0.005496978 -0.07242864 0.01880949 0.005117714 -0.07240974 0.01866281 0.004694998 -0.07687139 0.01844292 0.006249964 -0.07564604 0.0194801 0.006249964 -0.0742166 0.02021086 0.006249964 -0.07406085 0.01979398 0.006199836 -0.07391285 0.01939803 0.006051898 -0.07378005 0.01904278 0.005813658 -0.07366919 0.01874613 0.005496978 -0.07539939 0.01910972 0.006199836 -0.0735858 0.01852297 0.005117714 -0.07516509 0.01875787 0.006051898 -0.07353401 0.01838439 0.004694998 -0.07495486 0.01844221 0.005813658 -0.07477933 0.01817864 0.005496978 -0.07654684 0.01813846 0.006199836 -0.07464724 0.01798033 0.005117714 -0.07623851 0.01784926 0.006051898 -0.07456529 0.01785719 0.004694998 -0.07596194 0.0175898 0.005813658 -0.07573097 0.01737314 0.005496978 -0.07555717 0.01721012 0.005117714 -0.07544928 0.01710891 0.004694998 -0.07240337 0.01861304 -0.004249989 -0.02676475 0.02447813 -0.004249989 -0.07240337 0.01861304 0.004249989 -0.02676475 0.02447813 0.004249989 -0.07609617 0.01615387 -0.004249989 -0.07613962 0.0161789 -0.004694998 -0.07626771 0.01625287 -0.005117714 -0.07647407 0.01637202 -0.005496978 -0.07674831 0.01653033 -0.005813658 -0.07707673 0.01671993 -0.006051898 -0.07744282 0.01693129 -0.006199836 -0.07782822 0.01715385 -0.006249964 -0.0726583 0.02059674 -0.006249964 -0.07428902 0.02018338 -0.006249964 -0.07526254 0.01971805 -0.006249964 -0.07615303 0.01910859 -0.006249964 -0.07708126 0.01820892 -0.006249964 -0.07240337 0.01861304 -0.004249989 -0.07240974 0.01866281 -0.004694998 -0.07242864 0.01880949 -0.005117714 -0.07245898 0.01904582 -0.005496978 -0.07249939 0.01935994 -0.005813658 -0.07254767 0.01973605 -0.006051898 -0.07260155 0.02015531 -0.006199836 -0.07541275 0.01707464 -0.004249989 -0.07453751 0.01781547 -0.004249989 -0.07351648 0.01833742 -0.004249989 -0.07674336 0.0179193 -0.006199836 -0.07642239 0.01764422 -0.006051898 -0.07613444 0.01739746 -0.005813658 -0.07587414 0.01876181 -0.006199836 -0.07589393 0.01719141 -0.005496978 -0.0756092 0.01843237 -0.006051898 -0.07539939 0.01910972 -0.006199836 -0.07571303 0.01703631 -0.005117714 -0.07537156 0.01813691 -0.005813658 -0.07504028 0.01933246 -0.006199836 -0.07516509 0.01875787 -0.006051898 -0.07560074 0.01694005 -0.004694998 -0.07517307 0.01789009 -0.005496978 -0.0748291 0.01896625 -0.006051898 -0.07495486 0.01844221 -0.005813658 -0.07502377 0.01770442 -0.005117714 -0.07463967 0.01863777 -0.005813658 -0.07412862 0.01976823 -0.006199836 -0.07477933 0.01817864 -0.005496978 -0.07493102 0.01758915 -0.004694998 -0.07448148 0.01836341 -0.005496978 -0.07397621 0.01937395 -0.006051898 -0.07464724 0.01798033 -0.005117714 -0.07436251 0.018157 -0.005117714 -0.07383954 0.01902019 -0.005813658 -0.07456529 0.01785719 -0.004694998 -0.0742886 0.01802885 -0.004694998 -0.0737254 0.01872479 -0.005496978 -0.07363957 0.01850253 -0.005117714 -0.07358622 0.01836454 -0.004694998 -0.005499958 0.00999999 -0.006249964 -0.00561279 0.008998632 -0.006249964 -0.005945622 0.008047521 -0.006249964 -0.006481707 0.00719428 -0.006249964 -0.00719428 0.006481707 -0.006249964 -0.008047521 0.005945622 -0.006249964 -0.008998632 0.00561279 -0.006249964 -0.00999999 0.005499958 -0.006249964 -0.01799994 0.005499958 -0.006249964 -0.01799994 0.01852709 -0.006249964 -0.01824945 0.0205093 -0.006249964 -0.01898229 0.02236795 -0.006249964 -0.01974922 0.02351987 -0.006249964 -0.02079123 0.02459907 -0.006249964 -0.02191561 0.02540588 -0.006249964 -0.02306181 0.02596801 -0.006249964 -0.02428293 0.02634066 -0.006249964 -0.02554774 0.02651429 -0.006249964 -0.02628475 0.02652204 -0.006249964 -0.02701967 0.02646183 -0.006249964 -0.0726583 0.02059674 -0.006249964 -0.07428902 0.02018338 -0.006249964 -0.07526254 0.01971805 -0.006249964 -0.07615303 0.01910859 -0.006249964 -0.07708126 0.01820892 -0.006249964 -0.07782822 0.01715385 -0.006249964 -0.08455657 0.005499958 -0.006249964 -0.1187416 0.005499958 -0.006249964 -0.1189641 0.005525052 -0.006249964 -0.1191755 0.005599021 -0.006249964 -0.1193652 0.005718111 -0.006249964 -0.1195235 0.005876481 -0.006249964 -0.1196426 0.006066083 -0.006249964 -0.1197166 0.006277441 -0.006249964 -0.1197416 0.006499946 -0.006249964 -0.1197264 0.006673634 -0.006249964 -0.1196814 0.006842017 -0.006249964 -0.1196077 0.006999969 -0.006249964 -0.1141856 0.01639133 -0.006249964 -0.1137072 0.01703584 -0.006249964 -0.1130945 0.01755446 -0.006249964 -0.1123798 0.01791983 -0.006249964 -0.1116006 0.01811277 -0.006249964 -0.01057356 0.03109592 -0.006249964 -0.009484291 0.03110295 -0.006249964 -0.008425235 0.03084808 -0.006249964 -0.007458448 0.03034621 -0.006249964 -0.006640613 0.02962672 -0.006249964 -0.006019592 0.02873182 -0.006249964 -0.005631804 0.02771389 -0.006249964 -0.005499958 0.0266326 -0.006249964 -0.00999999 0.005499958 0.006249964 -0.008998632 0.00561279 0.006249964 -0.008047521 0.005945622 0.006249964 -0.00719428 0.006481707 0.006249964 -0.006481707 0.00719428 0.006249964 -0.005945622 0.008047521 0.006249964 -0.00561279 0.008998632 0.006249964 -0.005499958 0.00999999 0.006249964 -0.004200935 0.00999999 0.006999969 -0.004385232 0.00999999 0.006746292 -0.004618287 0.00999999 0.006536424 -0.004889845 0.00999999 0.006379663 -0.005188107 0.00999999 0.006282746 -0.00999999 0.004200935 0.006999969 -0.008709549 0.004346311 0.006999969 -0.007483839 0.004775226 0.006999969 -0.006384313 0.005466103 0.006999969 -0.005466103 0.006384313 0.006999969 -0.004775226 0.007483839 0.006999969 -0.004346311 0.008709549 0.006999969 -0.00999999 0.004385232 0.006746292 -0.00999999 0.004618287 0.006536424 -0.00999999 0.004889845 0.006379663 -0.00999999 0.005188107 0.006282746 -0.008929252 0.005308747 0.006282746 -0.008862853 0.005017995 0.006379663 -0.008802413 0.004753232 0.006536424 -0.008750557 0.004526019 0.006746292 -0.007912158 0.005664646 0.006282746 -0.007782757 0.005395948 0.006379663 -0.007664918 0.005151271 0.006536424 -0.007563829 0.004941284 0.006746292 -0.00699985 0.006237924 0.006282746 -0.006813883 0.00600475 0.006379663 -0.006644546 0.005792379 0.006536424 -0.00649923 0.005610227 0.006746292 -0.006237924 0.00699985 0.006282746 -0.00600475 0.006813883 0.006379663 -0.005792379 0.006644546 0.006536424 -0.005610227 0.00649923 0.006746292 -0.005664646 0.007912158 0.006282746 -0.005395948 0.007782757 0.006379663 -0.005151271 0.007664918 0.006536424 -0.004941284 0.007563829 0.006746292 -0.005308747 0.008929252 0.006282746 -0.005017995 0.008862853 0.006379663 -0.004753232 0.008802413 0.006536424 -0.004526019 0.008750557 0.006746292 -0.005499958 0.00999999 0.006249964 -0.005499958 0.0266326 0.006249964 -0.004200935 0.0266326 0.006999969 -0.004385232 0.0266326 0.006746292 -0.004618287 0.0266326 0.006536424 -0.004889845 0.0266326 0.006379663 -0.005188107 0.0266326 0.006282746 -0.004200935 0.00999999 0.006999969 -0.004385232 0.00999999 0.006746292 -0.004618287 0.00999999 0.006536424 -0.004889845 0.00999999 0.006379663 -0.005188107 0.00999999 0.006282746 -0.005499958 0.0266326 0.006249964 -0.005631804 0.02771389 0.006249964 -0.006019592 0.02873182 0.006249964 -0.006640613 0.02962672 0.006249964 -0.007458448 0.03034621 0.006249964 -0.008425235 0.03084808 0.006249964 -0.009484291 0.03110295 0.006249964 -0.01057356 0.03109592 0.006249964 -0.01073914 0.03238433 0.006999969 -0.01071566 0.03220152 0.006746292 -0.01068592 0.03197038 0.006536424 -0.01065135 0.03170102 0.006379663 -0.01061332 0.03140521 0.006282746 -0.00999999 0.03243166 0.006999969 -0.01024693 0.03242641 0.006999969 -0.01049351 0.03241062 0.006999969 -0.004200935 0.0266326 0.006999969 -0.004346311 0.02792304 0.006999969 -0.004775226 0.02914875 0.006999969 -0.005466103 0.03024828 0.006999969 -0.006384313 0.03116649 0.006999969 -0.007483839 0.03185737 0.006999969 -0.008709549 0.03228628 0.006999969 -0.004385232 0.0266326 0.006746292 -0.004618287 0.0266326 0.006536424 -0.004889845 0.0266326 0.006379663 -0.005188107 0.0266326 0.006282746 -0.005308747 0.02770334 0.006282746 -0.005017995 0.02776974 0.006379663 -0.004753232 0.02783018 0.006536424 -0.004526019 0.02788203 0.006746292 -0.005664646 0.02872043 0.006282746 -0.005395948 0.02884984 0.006379663 -0.005151271 0.02896761 0.006536424 -0.004941284 0.02906876 0.006746292 -0.006237924 0.02963274 0.006282746 -0.00600475 0.02981871 0.006379663 -0.005792379 0.02998805 0.006536424 -0.005610227 0.03013336 0.006746292 -0.00699985 0.03039467 0.006282746 -0.006813883 0.03062784 0.006379663 -0.007282316 0.03060358 0.006282746 -0.006644546 0.03084015 0.006536424 -0.007113873 0.03084969 0.006379663 -0.00649923 0.03102236 0.006746292 -0.006960511 0.0310738 0.006536424 -0.007912158 0.03096795 0.006282746 -0.006828904 0.03126615 0.006746292 -0.007782757 0.03123664 0.006379663 -0.008316099 0.03114026 0.006282746 -0.007664918 0.03148132 0.006536424 -0.008211731 0.03141963 0.006379663 -0.007563829 0.03169131 0.006746292 -0.008116722 0.03167402 0.006536424 -0.008929252 0.03132385 0.006282746 -0.008035182 0.03189235 0.006746292 -0.008862853 0.0316146 0.006379663 -0.009448528 0.03141278 0.006282746 -0.008802413 0.03187936 0.006536424 -0.009414374 0.03170907 0.006379663 -0.008750557 0.03210657 0.006746292 -0.00999999 0.03144448 0.006282746 -0.009383261 0.03197884 0.006536424 -0.00999999 0.03174275 0.006379663 -0.009356558 0.03221035 0.006746292 -0.01040947 0.03142702 0.006282746 -0.00999999 0.03201431 0.006536424 -0.01043486 0.03172421 0.006379663 -0.00999999 0.03224736 0.006746292 -0.01045799 0.03199476 0.006536424 -0.01047784 0.03222697 0.006746292 -0.01057356 0.03109592 0.006249964 -0.1116006 0.01811277 0.006249964 -0.1117662 0.01940119 0.006999969 -0.1117427 0.01921838 0.006746292 -0.111713 0.01898723 0.006536424 -0.1116784 0.01871788 0.006379663 -0.1116403 0.01842206 0.006282746 -0.01073914 0.03238433 0.006999969 -0.01071566 0.03220152 0.006746292 -0.01068592 0.03197038 0.006536424 -0.01065135 0.03170102 0.006379663 -0.01061332 0.03140521 0.006282746 -0.1116006 0.01811277 0.006249964 -0.1123798 0.01791983 0.006249964 -0.1130945 0.01755446 0.006249964 -0.1137072 0.01703584 0.006249964 -0.1141856 0.01639133 0.006249964 -0.1153106 0.01704084 0.006999969 -0.1151509 0.01694869 0.006746292 -0.1149491 0.01683217 0.006536424 -0.114714 0.01669639 0.006379663 -0.1144556 0.01654726 0.006282746 -0.1117662 0.01940119 0.006999969 -0.1128345 0.01913666 0.006999969 -0.1138145 0.01863569 0.006999969 -0.1146546 0.0179246 0.006999969 -0.1117427 0.01921838 0.006746292 -0.111713 0.01898723 0.006536424 -0.1116784 0.01871788 0.006379663 -0.1116403 0.01842206 0.006282746 -0.1124889 0.01821196 0.006282746 -0.1125934 0.01849132 0.006379663 -0.1126884 0.01874572 0.006536424 -0.11277 0.01896399 0.006746292 -0.1132674 0.01781404 0.006282746 -0.1134327 0.01806223 0.006379663 -0.1135832 0.01828831 0.006536424 -0.1137124 0.01848226 0.006746292 -0.1139346 0.01724922 0.006282746 -0.1141521 0.01745325 0.006379663 -0.1143502 0.01763904 0.006536424 -0.1145201 0.01779848 0.006746292 -0.1141856 0.01639133 0.006249964 -0.1196077 0.006999969 0.006249964 -0.1207327 0.007649481 0.006999969 -0.1205731 0.007557332 0.006746292 -0.1203712 0.007440805 0.006536424 -0.120136 0.007305026 0.006379663 -0.1198778 0.007155895 0.006282746 -0.1153106 0.01704084 0.006999969 -0.1151509 0.01694869 0.006746292 -0.1149491 0.01683217 0.006536424 -0.114714 0.01669639 0.006379663 -0.1144556 0.01654726 0.006282746 -0.1207327 0.007649481 0.006999969 -0.120902 0.00728631 0.006999969 -0.1210058 0.006899178 0.006999969 -0.1210407 0.006499946 0.006999969 -0.1205731 0.007557332 0.006746292 -0.1203712 0.007440805 0.006536424 -0.120136 0.007305026 0.006379663 -0.1198778 0.007155895 0.006282746 -0.1196077 0.006999969 0.006249964 -0.1196814 0.006842017 0.006249964 -0.1197264 0.006673634 0.006249964 -0.1197416 0.006499946 0.006249964 -0.1200535 0.006499946 0.006282746 -0.1203517 0.006499946 0.006379663 -0.1206233 0.006499946 0.006536424 -0.1208564 0.006499946 0.006746292 -0.1199744 0.006948649 0.006282746 -0.1200336 0.006727755 0.006282746 -0.1202546 0.007050633 0.006379663 -0.1203273 0.006779551 0.006379663 -0.1205099 0.007143557 0.006536424 -0.1205947 0.006826698 0.006536424 -0.1207288 0.007223248 0.006746292 -0.1208242 0.00686717 0.006746292 -0.1187416 0.004200935 0.006999969 -0.1187416 0.004385232 0.006746292 -0.1187416 0.004618287 0.006536424 -0.1187416 0.004889845 0.006379663 -0.1187416 0.005188107 0.006282746 -0.1187416 0.005499958 0.006249964 -0.1210407 0.006499946 0.006999969 -0.120983 0.005988359 0.006999969 -0.120813 0.005502462 0.006999969 -0.1205391 0.005066573 0.006999969 -0.1201751 0.004702508 0.006999969 -0.1197392 0.004428625 0.006999969 -0.1192532 0.004258573 0.006999969 -0.1197416 0.006499946 0.006249964 -0.1200535 0.006499946 0.006282746 -0.1203517 0.006499946 0.006379663 -0.1206233 0.006499946 0.006536424 -0.1208564 0.006499946 0.006746292 -0.1197166 0.006277441 0.006249964 -0.1196426 0.006066083 0.006249964 -0.1195235 0.005876481 0.006249964 -0.1193652 0.005718111 0.006249964 -0.1191755 0.005599021 0.006249964 -0.1189641 0.005525052 0.006249964 -0.1199893 0.006094574 0.006282746 -0.1202729 0.006002426 0.006379663 -0.119803 0.0057289 0.006282746 -0.1205312 0.005918502 0.006536424 -0.1200442 0.005553603 0.006379663 -0.1207529 0.0058465 0.006746292 -0.1195127 0.005438625 0.006282746 -0.1202639 0.005393922 0.006536424 -0.119688 0.005197346 0.006379663 -0.1204525 0.00525695 0.006746292 -0.119147 0.005252301 0.006282746 -0.1198477 0.004977643 0.006536424 -0.1192392 0.004968643 0.006379663 -0.1199846 0.004789113 0.006746292 -0.1193231 0.004710376 0.006536424 -0.1193951 0.004488766 0.006746292 -0.1187416 0.005499958 0.006249964 -0.08455657 0.005499958 0.006249964 -0.08455657 0.004200935 0.006999969 -0.08455657 0.004413604 0.006715655 -0.08455657 0.004688024 0.00648874 -0.08455657 0.004999816 0.006335794 -0.08455657 0.005253076 0.006270408 -0.1187416 0.004200935 0.006999969 -0.1187416 0.004385232 0.006746292 -0.1187416 0.004618287 0.006536424 -0.1187416 0.004889845 0.006379663 -0.1187416 0.005188107 0.006282746 -0.01799994 0.005499958 0.006249964 -0.00999999 0.005499958 0.006249964 -0.00999999 0.004200935 0.006999969 -0.00999999 0.004385232 0.006746292 -0.00999999 0.004618287 0.006536424 -0.00999999 0.004889845 0.006379663 -0.00999999 0.005188107 0.006282746 -0.01799994 0.004200935 0.006999969 -0.01799994 0.004385232 0.006746292 -0.01799994 0.004618287 0.006536424 -0.01799994 0.004889845 0.006379663 -0.01799994 0.005188107 0.006282746 -0.01199996 0.007999956 -0.00209999 -0.01199996 -0.000999987 -0.00209999 -0.01199996 -0.000999987 0.00209999 -0.01250255 -0.000999987 0.002038955 -0.01297587 -0.000999987 0.001859426 -0.0133925 -0.000999987 0.001571834 -0.01372826 -0.000999987 0.001192927 -0.01396352 -0.000999987 7.4467e-4 -0.01408463 -0.000999987 2.53127e-4 -0.01408463 -0.000999987 -2.53127e-4 -0.01396352 -0.000999987 -7.4467e-4 -0.01372826 -0.000999987 -0.001192927 -0.0133925 -0.000999987 -0.001571834 -0.01297587 -0.000999987 -0.001859426 -0.01250255 -0.000999987 -0.002038955 -0.01199996 0.007999956 0.00209999 -0.01250255 0.007999956 0.002038955 -0.01297587 0.007999956 0.001859426 -0.0133925 0.007999956 0.001571834 -0.01372826 0.007999956 0.001192927 -0.01396352 0.007999956 7.4467e-4 -0.01408463 0.007999956 2.53127e-4 -0.01408463 0.007999956 -2.53127e-4 -0.01396352 0.007999956 -7.4467e-4 -0.01372826 0.007999956 -0.001192927 -0.0133925 0.007999956 -0.001571834 -0.01297587 0.007999956 -0.001859426 -0.01250255 0.007999956 -0.002038955 -0.01199996 -0.000999987 -0.00209999 -0.01149743 -0.000999987 -0.002038955 -0.01102405 -0.000999987 -0.001859426 -0.01060742 -0.000999987 -0.001571834 -0.01027172 -0.000999987 -0.001192927 -0.01003646 -0.000999987 -7.4467e-4 -0.009915292 -0.000999987 -2.53127e-4 -0.009915292 -0.000999987 2.53127e-4 -0.01003646 -0.000999987 7.4467e-4 -0.01027172 -0.000999987 0.001192927 -0.01060742 -0.000999987 0.001571834 -0.01102405 -0.000999987 0.001859426 -0.01149743 -0.000999987 0.002038955 -0.01199996 -0.000999987 0.00209999 -0.01199996 0.007999956 -0.00209999 -0.01149743 0.007999956 -0.002038955 -0.01102405 0.007999956 -0.001859426 -0.01060742 0.007999956 -0.001571834 -0.01027172 0.007999956 -0.001192927 -0.01003646 0.007999956 -7.4467e-4 -0.009915292 0.007999956 -2.53127e-4 -0.009915292 0.007999956 2.53127e-4 -0.01003646 0.007999956 7.4467e-4 -0.01027172 0.007999956 0.001192927 -0.01060742 0.007999956 0.001571834 -0.01102405 0.007999956 0.001859426 -0.01149743 0.007999956 0.002038955 -0.01199996 0.007999956 0.00209999 -0.08455657 0.005499958 -0.006249964 -0.1187416 0.005499958 -0.006249964 -0.1187416 0.005188107 -0.006282746 -0.1187416 0.004889845 -0.006379663 -0.1187416 0.004618287 -0.006536424 -0.1187416 0.004385232 -0.006746292 -0.1187416 0.004200935 -0.006999969 -0.08455657 0.004200935 -0.006999969 -0.08455657 0.00514853 -0.006291687 -0.08455657 0.004828929 -0.006408452 -0.08455657 0.004561424 -0.006579875 -0.08455657 0.004360973 -0.006773889 -0.1187416 0.004200935 -0.006999969 -0.1192532 0.004258573 -0.006999969 -0.1197392 0.004428625 -0.006999969 -0.1201751 0.004702508 -0.006999969 -0.1205391 0.005066573 -0.006999969 -0.120813 0.005502462 -0.006999969 -0.120983 0.005988359 -0.006999969 -0.1210407 0.006499946 -0.006999969 -0.1187416 0.005499958 -0.006249964 -0.1187416 0.005188107 -0.006282746 -0.1187416 0.004889845 -0.006379663 -0.1187416 0.004618287 -0.006536424 -0.1187416 0.004385232 -0.006746292 -0.1189641 0.005525052 -0.006249964 -0.1191755 0.005599021 -0.006249964 -0.1193652 0.005718111 -0.006249964 -0.1195235 0.005876481 -0.006249964 -0.1196426 0.006066083 -0.006249964 -0.1197166 0.006277441 -0.006249964 -0.1197416 0.006499946 -0.006249964 -0.1200535 0.006499946 -0.006282746 -0.1203517 0.006499946 -0.006379663 -0.1206233 0.006499946 -0.006536424 -0.1208564 0.006499946 -0.006746292 -0.119147 0.005252301 -0.006282746 -0.1192392 0.004968643 -0.006379663 -0.1195127 0.005438625 -0.006282746 -0.1193231 0.004710376 -0.006536424 -0.119688 0.005197346 -0.006379663 -0.1193951 0.004488766 -0.006746292 -0.119803 0.0057289 -0.006282746 -0.1198477 0.004977643 -0.006536424 -0.1200442 0.005553603 -0.006379663 -0.1199846 0.004789113 -0.006746292 -0.1199893 0.006094574 -0.006282746 -0.1202639 0.005393922 -0.006536424 -0.1202729 0.006002426 -0.006379663 -0.1204525 0.00525695 -0.006746292 -0.1205312 0.005918502 -0.006536424 -0.1207529 0.0058465 -0.006746292 -0.1196077 0.006999969 -0.006249964 -0.1198778 0.007155895 -0.006282746 -0.120136 0.007305026 -0.006379663 -0.1203712 0.007440805 -0.006536424 -0.1205731 0.007557332 -0.006746292 -0.1207327 0.007649481 -0.006999969 -0.1210407 0.006499946 -0.006999969 -0.1210058 0.006899178 -0.006999969 -0.120902 0.00728631 -0.006999969 -0.1197416 0.006499946 -0.006249964 -0.1200535 0.006499946 -0.006282746 -0.1203517 0.006499946 -0.006379663 -0.1206233 0.006499946 -0.006536424 -0.1208564 0.006499946 -0.006746292 -0.1197264 0.006673634 -0.006249964 -0.1196814 0.006842017 -0.006249964 -0.1200336 0.006727755 -0.006282746 -0.1199744 0.006948649 -0.006282746 -0.1203273 0.006779551 -0.006379663 -0.1202546 0.007050633 -0.006379663 -0.1205947 0.006826698 -0.006536424 -0.1205099 0.007143557 -0.006536424 -0.1208242 0.00686717 -0.006746292 -0.1207288 0.007223248 -0.006746292 -0.1196077 0.006999969 -0.006249964 -0.1141856 0.01639133 -0.006249964 -0.1144556 0.01654726 -0.006282746 -0.114714 0.01669639 -0.006379663 -0.1149491 0.01683217 -0.006536424 -0.1151509 0.01694869 -0.006746292 -0.1153106 0.01704084 -0.006999969 -0.1207327 0.007649481 -0.006999969 -0.1198778 0.007155895 -0.006282746 -0.120136 0.007305026 -0.006379663 -0.1203712 0.007440805 -0.006536424 -0.1205731 0.007557332 -0.006746292 -0.1141856 0.01639133 -0.006249964 -0.1137072 0.01703584 -0.006249964 -0.1130945 0.01755446 -0.006249964 -0.1123798 0.01791983 -0.006249964 -0.1116006 0.01811277 -0.006249964 -0.1116403 0.01842206 -0.006282746 -0.1116784 0.01871788 -0.006379663 -0.111713 0.01898723 -0.006536424 -0.1117427 0.01921838 -0.006746292 -0.1117662 0.01940119 -0.006999969 -0.1153106 0.01704084 -0.006999969 -0.1146546 0.0179246 -0.006999969 -0.1138145 0.01863569 -0.006999969 -0.1128345 0.01913666 -0.006999969 -0.1144556 0.01654726 -0.006282746 -0.114714 0.01669639 -0.006379663 -0.1149491 0.01683217 -0.006536424 -0.1151509 0.01694869 -0.006746292 -0.1139346 0.01724922 -0.006282746 -0.1141521 0.01745325 -0.006379663 -0.1143502 0.01763904 -0.006536424 -0.1145201 0.01779848 -0.006746292 -0.1132674 0.01781404 -0.006282746 -0.1134327 0.01806223 -0.006379663 -0.1135832 0.01828831 -0.006536424 -0.1137124 0.01848226 -0.006746292 -0.1124889 0.01821196 -0.006282746 -0.1125934 0.01849132 -0.006379663 -0.1126884 0.01874572 -0.006536424 -0.11277 0.01896399 -0.006746292 -0.1116006 0.01811277 -0.006249964 -0.01057356 0.03109592 -0.006249964 -0.01061332 0.03140521 -0.006282746 -0.01065135 0.03170102 -0.006379663 -0.01068592 0.03197038 -0.006536424 -0.01071566 0.03220152 -0.006746292 -0.01073914 0.03238433 -0.006999969 -0.1117662 0.01940119 -0.006999969 -0.1116403 0.01842206 -0.006282746 -0.1116784 0.01871788 -0.006379663 -0.111713 0.01898723 -0.006536424 -0.1117427 0.01921838 -0.006746292 -0.01057356 0.03109592 -0.006249964 -0.009484291 0.03110295 -0.006249964 -0.008425235 0.03084808 -0.006249964 -0.007458448 0.03034621 -0.006249964 -0.006640613 0.02962672 -0.006249964 -0.006019592 0.02873182 -0.006249964 -0.005631804 0.02771389 -0.006249964 -0.005499958 0.0266326 -0.006249964 -0.005188107 0.0266326 -0.006282746 -0.004889845 0.0266326 -0.006379663 -0.004618287 0.0266326 -0.006536424 -0.004385232 0.0266326 -0.006746292 -0.004200935 0.0266326 -0.006999969 -0.00999999 0.03243166 -0.006999969 -0.008709549 0.03228628 -0.006999969 -0.007483839 0.03185737 -0.006999969 -0.006384313 0.03116649 -0.006999969 -0.005466103 0.03024828 -0.006999969 -0.004775226 0.02914875 -0.006999969 -0.004346311 0.02792304 -0.006999969 -0.01073914 0.03238433 -0.006999969 -0.01049351 0.03241062 -0.006999969 -0.01024693 0.03242641 -0.006999969 -0.01061332 0.03140521 -0.006282746 -0.01065135 0.03170102 -0.006379663 -0.01068592 0.03197038 -0.006536424 -0.01071566 0.03220152 -0.006746292 -0.01020491 0.03144013 -0.006282746 -0.0102176 0.0317381 -0.006379663 -0.01022917 0.03200942 -0.006536424 -0.009448528 0.03141278 -0.006282746 -0.01023912 0.03224223 -0.006746292 -0.009414374 0.03170907 -0.006379663 -0.008929252 0.03132385 -0.006282746 -0.009383261 0.03197884 -0.006536424 -0.008862853 0.0316146 -0.006379663 -0.009356558 0.03221035 -0.006746292 -0.008802413 0.03187936 -0.006536424 -0.008316099 0.03114026 -0.006282746 -0.008750557 0.03210657 -0.006746292 -0.008211731 0.03141963 -0.006379663 -0.007912158 0.03096795 -0.006282746 -0.008116722 0.03167402 -0.006536424 -0.007782757 0.03123664 -0.006379663 -0.008035182 0.03189235 -0.006746292 -0.007664918 0.03148132 -0.006536424 -0.007282316 0.03060358 -0.006282746 -0.007563829 0.03169131 -0.006746292 -0.007113873 0.03084969 -0.006379663 -0.00699985 0.03039467 -0.006282746 -0.006960511 0.0310738 -0.006536424 -0.006813883 0.03062784 -0.006379663 -0.006828904 0.03126615 -0.006746292 -0.006644546 0.03084015 -0.006536424 -0.006407797 0.02983427 -0.006282746 -0.00649923 0.03102236 -0.006746292 -0.006185173 0.03003269 -0.006379663 -0.005982398 0.03021335 -0.006536424 -0.005808472 0.03036844 -0.006746292 -0.005743741 0.02887731 -0.006282746 -0.005479931 0.02901643 -0.006379663 -0.005239725 0.02914309 -0.006536424 -0.005033612 0.02925181 -0.006746292 -0.005329072 0.02778881 -0.006282746 -0.005039572 0.02786052 -0.006379663 -0.004775941 0.02792572 -0.006536424 -0.004549741 0.02798175 -0.006746292 -0.005499958 0.0266326 -0.006249964 -0.005499958 0.00999999 -0.006249964 -0.005188107 0.00999999 -0.006282746 -0.004889845 0.00999999 -0.006379663 -0.004618287 0.00999999 -0.006536424 -0.004385232 0.00999999 -0.006746292 -0.004200935 0.00999999 -0.006999969 -0.004200935 0.0266326 -0.006999969 -0.005188107 0.0266326 -0.006282746 -0.004889845 0.0266326 -0.006379663 -0.004618287 0.0266326 -0.006536424 -0.004385232 0.0266326 -0.006746292 -0.005499958 0.00999999 -0.006249964 -0.00561279 0.008998632 -0.006249964 -0.005945622 0.008047521 -0.006249964 -0.006481707 0.00719428 -0.006249964 -0.00719428 0.006481707 -0.006249964 -0.008047521 0.005945622 -0.006249964 -0.008998632 0.00561279 -0.006249964 -0.00999999 0.005499958 -0.006249964 -0.00999999 0.005188107 -0.006282746 -0.00999999 0.004889845 -0.006379663 -0.00999999 0.004618287 -0.006536424 -0.00999999 0.004385232 -0.006746292 -0.00999999 0.004200935 -0.006999969 -0.004200935 0.00999999 -0.006999969 -0.004346311 0.008709549 -0.006999969 -0.004775226 0.007483839 -0.006999969 -0.005466103 0.006384313 -0.006999969 -0.006384313 0.005466103 -0.006999969 -0.007483839 0.004775226 -0.006999969 -0.008709549 0.004346311 -0.006999969 -0.005188107 0.00999999 -0.006282746 -0.004889845 0.00999999 -0.006379663 -0.004618287 0.00999999 -0.006536424 -0.004385232 0.00999999 -0.006746292 -0.005308747 0.008929252 -0.006282746 -0.005017995 0.008862853 -0.006379663 -0.004753232 0.008802413 -0.006536424 -0.004526019 0.008750557 -0.006746292 -0.005664646 0.007912158 -0.006282746 -0.005395948 0.007782757 -0.006379663 -0.005151271 0.007664918 -0.006536424 -0.004941284 0.007563829 -0.006746292 -0.006237924 0.00699985 -0.006282746 -0.00600475 0.006813883 -0.006379663 -0.005792379 0.006644546 -0.006536424 -0.005610227 0.00649923 -0.006746292 -0.00699985 0.006237924 -0.006282746 -0.006813883 0.00600475 -0.006379663 -0.006644546 0.005792379 -0.006536424 -0.00649923 0.005610227 -0.006746292 -0.007912158 0.005664646 -0.006282746 -0.007782757 0.005395948 -0.006379663 -0.007664918 0.005151271 -0.006536424 -0.007563829 0.004941284 -0.006746292 -0.008929252 0.005308747 -0.006282746 -0.008862853 0.005017995 -0.006379663 -0.008802413 0.004753232 -0.006536424 -0.008750557 0.004526019 -0.006746292 -0.00999999 0.005499958 -0.006249964 -0.01799994 0.005499958 -0.006249964 -0.01799994 0.005188107 -0.006282746 -0.01799994 0.004889845 -0.006379663 -0.01799994 0.004618287 -0.006536424 -0.01799994 0.004385232 -0.006746292 -0.01799994 0.004200935 -0.006999969 -0.00999999 0.004200935 -0.006999969 -0.00999999 0.005188107 -0.006282746 -0.00999999 0.004889845 -0.006379663 -0.00999999 0.004618287 -0.006536424 -0.00999999 0.004385232 -0.006746292 -0.01799994 0.005499958 -0.006249964 -0.01844501 0.005499958 -0.006199836 -0.01886773 0.005499958 -0.006051898 -0.01924693 0.005499958 -0.005813658 -0.01956361 0.005499958 -0.005496978 -0.01980191 0.005499958 -0.005117714 -0.01994985 0.005499958 -0.004694998 -0.01999998 0.005499958 -0.004249989 -0.01999998 0.004636943 -0.005330324 -0.01999998 0.004275381 -0.005963563 -0.01999998 0.004063546 -0.006577491 -0.01799994 0.004200935 -0.006999969 -0.01876145 0.00417906 -0.006933271 -0.01942759 0.004125535 -0.006773233 -0.01799994 0.005188107 -0.006282746 -0.01799994 0.004889845 -0.006379663 -0.01799994 0.004618287 -0.006536424 -0.01799994 0.004385232 -0.006746292 -0.01847386 0.004889845 -0.006326258 -0.01892399 0.004889845 -0.006168723 -0.01855546 0.004385232 -0.006683707 -0.01932781 0.004889845 -0.005915045 -0.01908308 0.004385232 -0.006499052 -0.01961719 0.004889845 -0.005635678 -0.0195564 0.004385232 -0.006201684 -0.01973903 0.00417906 -0.006430685 -0.01987373 0.004889845 -0.005262136 -0.01989561 0.004385232 -0.005874216 -0.01799994 0.005499958 -0.006249964 -0.01799994 0.01852709 -0.006249964 -0.01844501 0.005499958 -0.006199836 -0.01886773 0.005499958 -0.006051898 -0.01924693 0.005499958 -0.005813658 -0.01956361 0.005499958 -0.005496978 -0.01980191 0.005499958 -0.005117714 -0.01994985 0.005499958 -0.004694998 -0.01999998 0.005499958 -0.004249989 -0.01999998 0.01852709 -0.004249989 -0.01844501 0.01852709 -0.006199836 -0.01886773 0.01852709 -0.006051898 -0.01924693 0.01852709 -0.005813658 -0.01956361 0.01852709 -0.005496978 -0.01980191 0.01852709 -0.005117714 -0.01994985 0.01852709 -0.004694998 -0.01999998 0.01852709 0.004249989 -0.02017575 0.0199688 0.004249989 -0.02069282 0.021326 0.004249989 -0.02152085 0.02251923 0.004249989 -0.02261132 0.02347856 0.004249989 -0.02390033 0.02414774 0.004249989 -0.02531242 0.02448755 0.004249989 -0.02676475 0.02447813 0.004249989 -0.01999998 0.01852709 -0.004249989 -0.02676475 0.02447813 -0.004249989 -0.02531242 0.02448755 -0.004249989 -0.02390033 0.02414774 -0.004249989 -0.02261132 0.02347856 -0.004249989 -0.02152085 0.02251923 -0.004249989 -0.02069282 0.021326 -0.004249989 -0.02017575 0.0199688 -0.004249989 -0.01999998 0.005499958 0.004249989 -0.01999998 0.01852709 0.004249989 -0.01994985 0.005499958 0.004694998 -0.01980191 0.005499958 0.005117714 -0.01956361 0.005499958 0.005496978 -0.01924693 0.005499958 0.005813658 -0.01886773 0.005499958 0.006051898 -0.01844501 0.005499958 0.006199836 -0.01799994 0.005499958 0.006249964 -0.01799994 0.01852709 0.006249964 -0.01844501 0.01852709 0.006199836 -0.01886773 0.01852709 0.006051898 -0.01924693 0.01852709 0.005813658 -0.01956361 0.01852709 0.005496978 -0.01980191 0.01852709 0.005117714 -0.01994985 0.01852709 0.004694998 -0.01999998 0.005499958 0.004249989 -0.01994985 0.005499958 0.004694998 -0.01980191 0.005499958 0.005117714 -0.01956361 0.005499958 0.005496978 -0.01924693 0.005499958 0.005813658 -0.01886773 0.005499958 0.006051898 -0.01844501 0.005499958 0.006199836 -0.01799994 0.005499958 0.006249964 -0.01799994 0.004200935 0.006999969 -0.01799994 0.004385232 0.006746292 -0.01799994 0.004618287 0.006536424 -0.01799994 0.004889845 0.006379663 -0.01799994 0.005188107 0.006282746 -0.01999998 0.004063367 0.006577193 -0.01912558 0.00415337 0.006856501 -0.0185554 0.004189133 0.006964385 -0.01999998 0.004314839 0.005880534 -0.01999998 0.004843413 0.005042791 -0.01850038 0.004385232 0.006695628 -0.01909846 0.004189193 0.006793618 -0.01898968 0.004385232 0.006541728 -0.01843124 0.004843354 0.006357669 -0.01972746 0.004189193 0.006416201 -0.01840746 0.005188107 0.0062415 -0.01885288 0.004843354 0.006224989 -0.0195564 0.004385232 0.006201684 -0.01880586 0.005188107 0.006116151 -0.01993477 0.004385232 0.005827367 -0.01934128 0.004843354 0.005931973 -0.01926738 0.005188107 0.005839288 -0.01966738 0.004843354 0.005609393 -0.01957547 0.005188107 0.00553447 -0.01993829 0.004843354 0.005183398 -0.01983141 0.005188107 0.005131959 -0.006999969 0.01499998 0.00209999 -0.006999969 0.01449739 0.002038955 -0.006999969 0.01402407 0.001859426 -0.006999969 0.01360744 0.001571834 -0.006999969 0.01327168 0.001192927 -0.006999969 0.01303642 7.4467e-4 -0.006999969 0.01291531 2.53127e-4 -0.006999969 0.01291531 -2.53127e-4 -0.006999969 0.01303642 -7.4467e-4 -0.006999969 0.01327168 -0.001192927 -0.006999969 0.01360744 -0.001571834 -0.006999969 0.01402407 -0.001859426 -0.006999969 0.01449739 -0.002038955 -0.006999969 0.01499998 -0.00209999 -0.008261799 0.01499998 0 -0.008261799 0.01499998 0 -0.007841169 0.01469624 6.3068e-4 -0.007841169 0.01445269 4.36444e-4 -0.007420599 0.01439255 0.001261353 -0.007841169 0.01431751 1.55765e-4 -0.007420599 0.0139054 8.72886e-4 -0.007841169 0.01431751 -1.55765e-4 -0.007420599 0.01363509 3.11529e-4 -0.007841169 0.01445269 -4.36444e-4 -0.007420599 0.01363509 -3.11529e-4 -0.007841169 0.01469624 -6.3068e-4 -0.007420599 0.0139054 -8.72886e-4 -0.007420599 0.01439255 -0.001261353 -0.006999969 0.01499998 -0.00209999 -0.006999969 0.01550251 -0.002038955 -0.006999969 0.01597589 -0.001859426 -0.006999969 0.01639252 -0.001571834 -0.006999969 0.01672822 -0.001192927 -0.006999969 0.01696348 -7.4467e-4 -0.006999969 0.01708465 -2.53127e-4 -0.006999969 0.01708465 2.53127e-4 -0.006999969 0.01696348 7.4467e-4 -0.006999969 0.01672822 0.001192927 -0.006999969 0.01639252 0.001571834 -0.006999969 0.01597589 0.001859426 -0.006999969 0.01550251 0.002038955 -0.006999969 0.01499998 0.00209999 -0.008261799 0.01499998 0 -0.008261799 0.01499998 0 -0.007841169 0.01554727 -4.36444e-4 -0.007841169 0.01530367 -6.3068e-4 -0.007420599 0.01560741 -0.001261353 -0.007841169 0.01568239 -1.55765e-4 -0.007420599 0.01609456 -8.72886e-4 -0.007841169 0.01568239 1.55765e-4 -0.007420599 0.01636487 -3.11529e-4 -0.007841169 0.01554727 4.36444e-4 -0.007420599 0.01636487 3.11529e-4 -0.007841169 0.01530367 6.3068e-4 -0.007420599 0.01609456 8.72886e-4 -0.007420599 0.01560741 0.001261353 -0.006999969 0.03399997 0.00209999 -0.006999969 0.03349739 0.002038955 -0.006999969 0.03302407 0.001859426 -0.006999969 0.03260743 0.001571834 -0.006999969 0.03227168 0.001192927 -0.006999969 0.03203642 7.4467e-4 -0.006999969 0.0319153 2.53127e-4 -0.006999969 0.0319153 -2.53127e-4 -0.006999969 0.03203642 -7.4467e-4 -0.006999969 0.03227168 -0.001192927 -0.006999969 0.03260743 -0.001571834 -0.006999969 0.03302407 -0.001859426 -0.006999969 0.03349739 -0.002038955 -0.006999969 0.03399997 -0.00209999 -0.008261799 0.03399997 0 -0.008261799 0.03399997 0 -0.007841169 0.03369623 6.3068e-4 -0.007841169 0.03345268 4.36444e-4 -0.007420599 0.03339254 0.001261353 -0.007841169 0.0333175 1.55765e-4 -0.007420599 0.03290539 8.72886e-4 -0.007841169 0.0333175 -1.55765e-4 -0.007420599 0.03263509 3.11529e-4 -0.007841169 0.03345268 -4.36444e-4 -0.007420599 0.03263509 -3.11529e-4 -0.007841169 0.03369623 -6.3068e-4 -0.007420599 0.03290539 -8.72886e-4 -0.007420599 0.03339254 -0.001261353 -0.006999969 0.03399997 -0.00209999 -0.006999969 0.03450256 -0.002038955 -0.006999969 0.03497588 -0.001859426 -0.006999969 0.03539252 -0.001571834 -0.006999969 0.03572821 -0.001192927 -0.006999969 0.03596353 -7.4467e-4 -0.006999969 0.03608465 -2.53127e-4 -0.006999969 0.03608465 2.53127e-4 -0.006999969 0.03596353 7.4467e-4 -0.006999969 0.03572821 0.001192927 -0.006999969 0.03539252 0.001571834 -0.006999969 0.03497588 0.001859426 -0.006999969 0.03450256 0.002038955 -0.006999969 0.03399997 0.00209999 -0.008261799 0.03399997 0 -0.008261799 0.03399997 0 -0.007841169 0.03454726 -4.36444e-4 -0.007841169 0.03430372 -6.3068e-4 -0.007420599 0.03460741 -0.001261353 -0.007841169 0.03468245 -1.55765e-4 -0.007420599 0.03509455 -8.72886e-4 -0.007841169 0.03468245 1.55765e-4 -0.007420599 0.03536486 -3.11529e-4 -0.007841169 0.03454726 4.36444e-4 -0.007420599 0.03536486 3.11529e-4 -0.007841169 0.03430372 6.3068e-4 -0.007420599 0.03509455 8.72886e-4 -0.007420599 0.03460741 0.001261353 -0.09499996 0.007999956 0.00209999 -0.09550255 0.007999956 0.002038955 -0.09597587 0.007999956 0.001859426 -0.09639251 0.007999956 0.001571834 -0.09672826 0.007999956 0.001192927 -0.09696352 0.007999956 7.4467e-4 -0.09708464 0.007999956 2.53127e-4 -0.09708464 0.007999956 -2.53127e-4 -0.09696352 0.007999956 -7.4467e-4 -0.09672826 0.007999956 -0.001192927 -0.09639251 0.007999956 -0.001571834 -0.09597587 0.007999956 -0.001859426 -0.09550255 0.007999956 -0.002038955 -0.09499996 0.007999956 -0.00209999 -0.09499996 0.009261786 0 -0.09499996 0.009261786 0 -0.09530371 0.008841156 6.3068e-4 -0.09554725 0.008841156 4.36444e-4 -0.09560739 0.008420586 0.001261353 -0.09568244 0.008841156 1.55765e-4 -0.09609454 0.008420586 8.72886e-4 -0.09568244 0.008841156 -1.55765e-4 -0.09636485 0.008420586 3.11529e-4 -0.09554725 0.008841156 -4.36444e-4 -0.09636485 0.008420586 -3.11529e-4 -0.09530371 0.008841156 -6.3068e-4 -0.09609454 0.008420586 -8.72886e-4 -0.09560739 0.008420586 -0.001261353 -0.09499996 0.007999956 -0.00209999 -0.09449744 0.007999956 -0.002038955 -0.09402406 0.007999956 -0.001859426 -0.09360742 0.007999956 -0.001571834 -0.09327173 0.007999956 -0.001192927 -0.09303647 0.007999956 -7.4467e-4 -0.09291529 0.007999956 -2.53127e-4 -0.09291529 0.007999956 2.53127e-4 -0.09303647 0.007999956 7.4467e-4 -0.09327173 0.007999956 0.001192927 -0.09360742 0.007999956 0.001571834 -0.09402406 0.007999956 0.001859426 -0.09449744 0.007999956 0.002038955 -0.09499996 0.007999956 0.00209999 -0.09499996 0.009261786 0 -0.09499996 0.009261786 0 -0.09445267 0.008841156 -4.36444e-4 -0.09469628 0.008841156 -6.3068e-4 -0.09439253 0.008420586 -0.001261353 -0.09431755 0.008841156 -1.55765e-4 -0.09390538 0.008420586 -8.72886e-4 -0.09431755 0.008841156 1.55765e-4 -0.09363508 0.008420586 -3.11529e-4 -0.09445267 0.008841156 4.36444e-4 -0.09363508 0.008420586 3.11529e-4 -0.09469628 0.008841156 6.3068e-4 -0.09390538 0.008420586 8.72886e-4 -0.09439253 0.008420586 0.001261353 -0.08455657 0.005499958 0.006249964 -0.07782822 0.01715385 0.006249964 -0.08362656 0.005754292 0.00613147 -0.08287924 0.005958497 0.005832195 -0.08240479 0.006088376 0.005489826 -0.08208227 0.00617665 0.005112409 -0.08191007 0.006223797 0.004773914 -0.08183813 0.006243467 0.004513025 -0.08181416 0.006249964 0.004249989 -0.07609617 0.01615387 0.004249989 -0.07744282 0.01693129 0.006199836 -0.07707673 0.01671993 0.006051898 -0.07674831 0.01653033 0.005813658 -0.07647407 0.01637202 0.005496978 -0.07626771 0.01625287 0.005117714 -0.07613962 0.0161789 0.004694998 -0.07609617 0.01615387 -0.004249989 -0.07541275 0.01707464 -0.004249989 -0.07453751 0.01781547 -0.004249989 -0.07351648 0.01833742 -0.004249989 -0.07240337 0.01861304 -0.004249989 -0.07609617 0.01615387 0.004249989 -0.07240337 0.01861304 0.004249989 -0.07351648 0.01833742 0.004249989 -0.07453751 0.01781547 0.004249989 -0.07541275 0.01707464 0.004249989 -0.08181416 0.006249964 -0.004249989 -0.07609617 0.01615387 -0.004249989 -0.08185386 0.006239116 -0.004588842 -0.08197349 0.006206452 -0.004921674 -0.08216458 0.00615406 -0.005228102 -0.08242934 0.0060817 -0.005512177 -0.08275073 0.005993783 -0.005755126 -0.08312195 0.005892097 -0.005954384 -0.08355933 0.005772709 -0.006113052 -0.08404272 0.005640506 -0.006214559 -0.08455657 0.005499958 -0.006249964 -0.07782822 0.01715385 -0.006249964 -0.07613962 0.0161789 -0.004694998 -0.07626771 0.01625287 -0.005117714 -0.07647407 0.01637202 -0.005496978 -0.07674831 0.01653033 -0.005813658 -0.07707673 0.01671993 -0.006051898 -0.07744282 0.01693129 -0.006199836 -0.08181416 0.006249964 -0.004249989 -0.08185386 0.006239116 -0.004588842 -0.08197349 0.006206452 -0.004921674 -0.08216458 0.00615406 -0.005228102 -0.08242934 0.0060817 -0.005512177 -0.08275073 0.005993783 -0.005755126 -0.08312195 0.005892097 -0.005954384 -0.08355933 0.005772709 -0.006113052 -0.08404272 0.005640506 -0.006214559 -0.08455657 0.005499958 -0.006249964 -0.08455657 0.00514853 -0.006291687 -0.08455657 0.004828929 -0.006408452 -0.08455657 0.004561424 -0.006579875 -0.08455657 0.004360973 -0.006773889 -0.08455657 0.004200935 -0.006999969 -0.08303493 0.004135608 -0.006824672 -0.08380073 0.00418359 -0.006956815 -0.08286255 0.004434108 -0.006259799 -0.08262526 0.004845142 -0.005741536 -0.08235228 0.005317986 -0.005254924 -0.08345967 0.004845738 -0.006210863 -0.08455657 0.005499958 0.006249964 -0.08362656 0.005754292 0.00613147 -0.08287924 0.005958497 0.005832195 -0.08240479 0.006088376 0.005489826 -0.08208227 0.00617665 0.005112409 -0.08191007 0.006223797 0.004773914 -0.08183813 0.006243467 0.004513025 -0.08181416 0.006249964 0.004249989 -0.08223295 0.005524635 0.005051851 -0.08255445 0.004967749 0.005608856 -0.08282512 0.004499018 0.006166279 -0.08294671 0.004288375 0.006497919 -0.08303493 0.004135608 0.006824731 -0.08455657 0.004200935 0.006999969 -0.08380073 0.00418359 0.006956815 -0.08455657 0.004413604 0.006715655 -0.08455657 0.004688024 0.00648874 -0.08455657 0.004999816 0.006335794 -0.08455657 0.005253076 0.006270408 -0.08262401 0.00499773 0.005656242 -0.08346563 0.004844784 0.006213486 -0.002901911 0.00999999 0.007749974 -0.003213763 0.00999999 0.007717192 -0.003512024 0.00999999 0.007620275 -0.003783583 0.00999999 0.007463514 -0.004016637 0.00999999 0.007253646 -0.004200935 0.00999999 0.006999969 -0.00999999 0.004200935 0.006999969 -0.008709549 0.004346311 0.006999969 -0.007483839 0.004775226 0.006999969 -0.006384313 0.005466103 0.006999969 -0.005466103 0.006384313 0.006999969 -0.004775226 0.007483839 0.006999969 -0.004346311 0.008709549 0.006999969 -0.00999999 0.002901911 0.007749974 -0.00999999 0.003213763 0.007717192 -0.00999999 0.003512024 0.007620275 -0.00999999 0.003783583 0.007463514 -0.00999999 0.004016637 0.007253646 -0.003104031 0.008318006 0.007749974 -0.003441572 0.007285177 0.007749974 -0.003932774 0.006315946 0.007749974 -0.004687666 0.005292296 0.007749974 -0.005468487 0.004536628 0.007749974 -0.006344258 0.003915667 0.007749974 -0.007303655 0.003433942 0.007749974 -0.008324801 0.003102421 0.007749974 -0.009156167 0.002952218 0.007749974 -0.009193897 0.003261804 0.007717192 -0.009229302 0.00355792 0.007620275 -0.009261548 0.003827571 0.007463514 -0.008489906 0.003383934 0.007717192 -0.009289264 0.004058957 0.007253646 -0.008556246 0.003674685 0.007620275 -0.008616685 0.003939449 0.007463514 -0.008668541 0.004166603 0.007253646 -0.007422804 0.003722131 0.007717192 -0.007536113 0.003998041 0.007620275 -0.007055521 0.003885805 0.007717192 -0.007639229 0.004249274 0.007463514 -0.007184922 0.004154503 0.007620275 -0.007727742 0.004464864 0.007253646 -0.006505429 0.004182696 0.007717192 -0.007302761 0.00439918 0.007463514 -0.00665903 0.00443834 0.007620275 -0.00740391 0.004609167 0.007253646 -0.006798863 0.004671156 0.007463514 -0.005768835 0.004694283 0.007717192 -0.006918847 0.004870891 0.007253646 -0.005954802 0.004927456 0.007620275 -0.006124138 0.005139768 0.007463514 -0.006269395 0.005321979 0.007253646 -0.004921376 0.005498766 0.007717192 -0.005144596 0.005696594 0.007620275 -0.004694283 0.005768835 0.007717192 -0.005347788 0.005876719 0.007463514 -0.004927456 0.005954802 0.007620275 -0.005522191 0.006031334 0.007253646 -0.005139768 0.006124138 0.007463514 -0.004199564 0.006477475 0.007717192 -0.005321979 0.006269395 0.007253646 -0.004454493 0.006632328 0.007620275 -0.003885805 0.007055521 0.007717192 -0.004686594 0.006773293 0.007463514 -0.004154503 0.007184922 0.007620275 -0.004885792 0.00689423 0.007253646 -0.00372982 0.007404208 0.007717192 -0.00439918 0.007302761 0.007463514 -0.004005372 0.007518291 0.007620275 -0.004609167 0.00740391 0.007253646 -0.004256308 0.007622182 0.007463514 -0.0044716 0.007711291 0.007253646 -0.003407061 0.008391737 0.007717192 -0.003696799 0.008462429 0.007620275 -0.003960669 0.008526802 0.007463514 -0.004187047 0.008581995 0.007253646 -0.002901911 0.0266326 0.007749974 -0.003213763 0.0266326 0.007717192 -0.003512024 0.0266326 0.007620275 -0.003783583 0.0266326 0.007463514 -0.004016637 0.0266326 0.007253646 -0.004200935 0.0266326 0.006999969 -0.004200935 0.00999999 0.006999969 -0.002901911 0.00999999 0.007749974 -0.003213763 0.00999999 0.007717192 -0.003512024 0.00999999 0.007620275 -0.003783583 0.00999999 0.007463514 -0.004016637 0.00999999 0.007253646 -0.00999999 0.03373068 0.007749974 -0.00999999 0.03341883 0.007717192 -0.00999999 0.03312057 0.007620275 -0.00999999 0.03284901 0.007463514 -0.00999999 0.03261595 0.007253646 -0.00999999 0.03243166 0.006999969 -0.004200935 0.0266326 0.006999969 -0.004346311 0.02792304 0.006999969 -0.004775226 0.02914875 0.006999969 -0.005466103 0.03024828 0.006999969 -0.006384313 0.03116649 0.006999969 -0.007483839 0.03185737 0.006999969 -0.008709549 0.03228628 0.006999969 -0.002901911 0.0266326 0.007749974 -0.003213763 0.0266326 0.007717192 -0.003512024 0.0266326 0.007620275 -0.003783583 0.0266326 0.007463514 -0.004016637 0.0266326 0.007253646 -0.008318006 0.0335285 0.007749974 -0.006731808 0.03293353 0.007749974 -0.005331814 0.03197968 0.007749974 -0.004570364 0.03120452 0.007749974 -0.003841578 0.03016209 0.007749974 -0.003310561 0.02900636 0.007749974 -0.003026664 0.02795749 0.007749974 -0.002933144 0.02729797 0.007749974 -0.003243625 0.02726876 0.007717192 -0.003540575 0.02724081 0.007620275 -0.003333032 0.02789932 0.007717192 -0.003810942 0.02721536 0.007463514 -0.003626048 0.02784365 0.007620275 -0.004042983 0.02719348 0.007253646 -0.003892838 0.02779293 0.007463514 -0.00412178 0.02774947 0.007253646 -0.003604471 0.02890205 0.007717192 -0.003885567 0.02880233 0.007620275 -0.004141509 0.02871149 0.007463514 -0.003885805 0.02957707 0.007717192 -0.004361093 0.02863359 0.007253646 -0.004154503 0.02944767 0.007620275 -0.004112184 0.030007 0.007717192 -0.00439918 0.02932983 0.007463514 -0.004370927 0.0298587 0.007620275 -0.004609167 0.02922868 0.007253646 -0.004606544 0.0297237 0.007463514 -0.004808723 0.02960783 0.007253646 -0.004694283 0.03086376 0.007717192 -0.004927456 0.03067779 0.007620275 -0.005139768 0.03050845 0.007463514 -0.005321979 0.0303632 0.007253646 -0.005536913 0.03174471 0.007717192 -0.005733072 0.03152006 0.007620275 -0.005911648 0.0313155 0.007463514 -0.006064951 0.03113996 0.007253646 -0.006875395 0.03265672 0.007717192 -0.007012724 0.03239196 0.007620275 -0.007137775 0.03215092 0.007463514 -0.007245063 0.03194403 0.007253646 -0.008391916 0.03322553 0.007717192 -0.008462548 0.03293579 0.007620275 -0.008526921 0.03267198 0.007463514 -0.008582115 0.03244554 0.007253646 -0.00999999 0.03373068 0.007749974 -0.00999999 0.03341883 0.007717192 -0.00999999 0.03312057 0.007620275 -0.00999999 0.03284901 0.007463514 -0.00999999 0.03261595 0.007253646 -0.00999999 0.03243166 0.006999969 -0.01090472 0.0336728 0.007749974 -0.01086497 0.03336346 0.007717192 -0.01082694 0.03306764 0.007620275 -0.01079231 0.03279829 0.007463514 -0.01076263 0.0325672 0.007253646 -0.01073914 0.03238433 0.006999969 -0.01024693 0.03242641 0.006999969 -0.01049351 0.03241062 0.006999969 -0.01028901 0.03341269 0.007717192 -0.01057749 0.03339421 0.007717192 -0.01027631 0.03311473 0.007620275 -0.0105521 0.03309702 0.007620275 -0.01026475 0.03284335 0.007463514 -0.01052904 0.03282648 0.007463514 -0.0102548 0.03261053 0.007253646 -0.01050919 0.03259426 0.007253646 -0.1119318 0.02068966 0.007749974 -0.111892 0.02038031 0.007717192 -0.111854 0.0200845 0.007620275 -0.1118194 0.01981514 0.007463514 -0.1117897 0.019584 0.007253646 -0.1117662 0.01940119 0.006999969 -0.01073914 0.03238433 0.006999969 -0.01090472 0.0336728 0.007749974 -0.01086497 0.03336346 0.007717192 -0.01082694 0.03306764 0.007620275 -0.01079231 0.03279829 0.007463514 -0.01076263 0.0325672 0.007253646 -0.1164356 0.01769036 0.007749974 -0.1161655 0.01753443 0.007717192 -0.1159072 0.0173853 0.007620275 -0.115672 0.01724952 0.007463514 -0.1154702 0.01713299 0.007253646 -0.1153106 0.01704084 0.006999969 -0.1117662 0.01940119 0.006999969 -0.1128345 0.01913666 0.006999969 -0.1138145 0.01863569 0.006999969 -0.1146546 0.0179246 0.006999969 -0.1119318 0.02068966 0.007749974 -0.111892 0.02038031 0.007717192 -0.111854 0.0200845 0.007620275 -0.1118194 0.01981514 0.007463514 -0.1117897 0.019584 0.007253646 -0.1155918 0.01882421 0.007749974 -0.1145097 0.01973342 0.007749974 -0.1136259 0.0202161 0.007749974 -0.112796 0.0205143 0.007749974 -0.112712 0.02021396 0.007717192 -0.1126317 0.01992672 0.007620275 -0.1131801 0.02006137 0.007717192 -0.1125587 0.01966518 0.007463514 -0.1130757 0.019782 0.007620275 -0.1134995 0.01993101 0.007717192 -0.1124959 0.01944071 0.007253646 -0.1129807 0.01952761 0.007463514 -0.1133787 0.01965838 0.007620275 -0.1128991 0.01930934 0.007253646 -0.1132686 0.01941013 0.007463514 -0.114338 0.01947301 0.007717192 -0.1131742 0.01919704 0.007253646 -0.114174 0.01922392 0.007620275 -0.1140245 0.01899719 0.007463514 -0.1138963 0.01880258 0.007253646 -0.1153649 0.01861029 0.007717192 -0.1151478 0.01840573 0.007620275 -0.1149502 0.01821947 0.007463514 -0.1147807 0.01805961 0.007253646 -0.1218577 0.008298993 0.007749974 -0.1215876 0.008143067 0.007717192 -0.1213293 0.007993936 0.007620275 -0.1210941 0.007858157 0.007463514 -0.1208923 0.00774163 0.007253646 -0.1207327 0.007649481 0.006999969 -0.1153106 0.01704084 0.006999969 -0.1164356 0.01769036 0.007749974 -0.1161655 0.01753443 0.007717192 -0.1159072 0.0173853 0.007620275 -0.115672 0.01724952 0.007463514 -0.1154702 0.01713299 0.007253646 -0.1187416 0.002901911 0.007749974 -0.1187416 0.003213763 0.007717192 -0.1187416 0.003512024 0.007620275 -0.1187416 0.003783583 0.007463514 -0.1187416 0.004016637 0.007253646 -0.1187416 0.004200935 0.006999969 -0.1210407 0.006499946 0.006999969 -0.120983 0.005988359 0.006999969 -0.120813 0.005502462 0.006999969 -0.1205391 0.005066573 0.006999969 -0.1201751 0.004702508 0.006999969 -0.1197392 0.004428625 0.006999969 -0.1192532 0.004258573 0.006999969 -0.1207327 0.007649481 0.006999969 -0.120902 0.00728631 0.006999969 -0.1210058 0.006899178 0.006999969 -0.1218577 0.008298993 0.007749974 -0.1215876 0.008143067 0.007717192 -0.1213293 0.007993936 0.007620275 -0.1210941 0.007858157 0.007463514 -0.1208923 0.00774163 0.007253646 -0.1196143 0.003009319 0.007749974 -0.1204347 0.003325104 0.007749974 -0.1209536 0.003662168 0.007749974 -0.1214348 0.004114031 0.007749974 -0.1218254 0.004646182 0.007749974 -0.1220974 0.005201935 0.007749974 -0.1222624 0.005757927 0.007749974 -0.1223359 0.006333231 0.007749974 -0.122316 0.006912827 0.007749974 -0.1222032 0.007481753 0.007749974 -0.1220557 0.007901072 0.007749974 -0.1217685 0.007779657 0.007717192 -0.1214938 0.007663488 0.007620275 -0.1219031 0.007396638 0.007717192 -0.1212436 0.007557749 0.007463514 -0.1219779 0.0070706 0.007717192 -0.1216163 0.007315278 0.007620275 -0.121029 0.007466971 0.007253646 -0.1216842 0.007018804 0.007620275 -0.1213549 0.007241189 0.007463514 -0.1220279 0.006499946 0.007717192 -0.1214168 0.006971657 0.007463514 -0.1211308 0.007177591 0.007253646 -0.1217296 0.006499946 0.007620275 -0.1211873 0.006931185 0.007253646 -0.1219572 0.005822241 0.007717192 -0.1214581 0.006499946 0.007463514 -0.1216654 0.005883753 0.007620275 -0.121225 0.006499946 0.007253646 -0.1218066 0.005314409 0.007717192 -0.1213997 0.005939781 0.007463514 -0.1217024 0.005074143 0.007717192 -0.1215284 0.005421996 0.007620275 -0.1211716 0.005987823 0.007253646 -0.1215581 0.004806876 0.007717192 -0.1214337 0.005203545 0.007620275 -0.1212751 0.005519986 0.007463514 -0.1213025 0.004960536 0.007620275 -0.121189 0.005321383 0.007463514 -0.1213109 0.004451036 0.007717192 -0.1210578 0.005604088 0.007253646 -0.1210697 0.005100429 0.007463514 -0.1209791 0.005422472 0.007253646 -0.1210777 0.004637002 0.007620275 -0.12087 0.005220472 0.007253646 -0.1208654 0.004806339 0.007463514 -0.1207906 0.003930687 0.007717192 -0.1206832 0.004951596 0.007253646 -0.1206046 0.004163861 0.007620275 -0.120288 0.003600299 0.007717192 -0.1204353 0.004376232 0.007463514 -0.1201477 0.003863453 0.007620275 -0.12029 0.004558384 0.007253646 -0.1200199 0.004103124 0.007463514 -0.1195386 0.003311872 0.007717192 -0.1199102 0.0043087 0.007253646 -0.1194663 0.003601193 0.007620275 -0.1194004 0.003864645 0.007463514 -0.1193439 0.004090726 0.007253646 -0.08455657 0.002901911 0.007749974 -0.08455657 0.003272831 0.007703363 -0.08455657 0.003597974 0.00757867 -0.08455657 0.003860294 0.00740385 -0.08455657 0.004051208 0.00721389 -0.08455657 0.004200935 0.006999969 -0.1187416 0.004200935 0.006999969 -0.1187416 0.002901911 0.007749974 -0.1187416 0.003213763 0.007717192 -0.1187416 0.003512024 0.007620275 -0.1187416 0.003783583 0.007463514 -0.1187416 0.004016637 0.007253646 -0.08303493 0.004135608 0.006824731 -0.08311176 0.004002511 0.007092475 -0.08321642 0.003821253 0.007326424 -0.08334273 0.003602504 0.007513642 -0.08348321 0.003359138 0.007647097 -0.08360296 0.003151714 0.007714688 -0.0836907 0.002999722 0.007741332 -0.0837776 0.00284928 0.007749974 -0.08455657 0.004200935 0.006999969 -0.08380073 0.00418359 0.006956815 -0.08455657 0.002901911 0.007749974 -0.08455657 0.003272831 0.007703363 -0.08455657 0.003597974 0.00757867 -0.08455657 0.003860294 0.00740385 -0.08455657 0.004051208 0.00721389 -0.08359354 0.003621578 0.007525086 -0.08407199 0.003643691 0.007542848 -0.01999998 0.002576112 0.007749974 -0.01999998 0.002912402 0.007712841 -0.01999998 0.003237962 0.007600605 -0.01999998 0.003478348 0.00745815 -0.01999998 0.003674387 0.007289111 -0.01999998 0.003837525 0.007091104 -0.01999998 0.003963053 0.006871521 -0.01999998 0.004021346 0.006726086 -0.01999998 0.004063367 0.006577193 -0.01799994 0.002901911 0.007749974 -0.019005 0.002778172 0.007749974 -0.01799994 0.003213763 0.007717192 -0.01799994 0.003512024 0.007620275 -0.01799994 0.003783583 0.007463514 -0.01799994 0.004016637 0.007253646 -0.01799994 0.004200935 0.006999969 -0.01912558 0.00415337 0.006856501 -0.0185554 0.004189133 0.006964385 -0.01861035 0.003635883 0.007533431 -0.01918113 0.003598153 0.007493555 -0.00999999 0.002901911 0.007749974 -0.00999999 0.003213763 0.007717192 -0.00999999 0.003512024 0.007620275 -0.00999999 0.003783583 0.007463514 -0.00999999 0.004016637 0.007253646 -0.00999999 0.004200935 0.006999969 -0.01799994 0.004200935 0.006999969 -0.01799994 0.002901911 0.007749974 -0.01799994 0.003213763 0.007717192 -0.01799994 0.003512024 0.007620275 -0.01799994 0.003783583 0.007463514 -0.01799994 0.004016637 0.007253646 -0.1299999 0 0.00575 -0.1191962 0.01871258 0.00575 -0.1276906 0 0.007749974 -0.1174642 0.01771259 0.007749974 -0.01999998 -0.000999987 -0.007749974 -0.01999998 -0.000999987 0.007749974 -0.000999987 -0.000999987 -0.007749974 -0.000999987 -0.000999987 0.007749974 -0.01199996 -0.000999987 -0.00209999 -0.01149743 -0.000999987 -0.002038955 -0.01102405 -0.000999987 -0.001859426 -0.01060742 -0.000999987 -0.001571834 -0.01027172 -0.000999987 -0.001192927 -0.01003646 -0.000999987 -7.4467e-4 -0.009915292 -0.000999987 -2.53127e-4 -0.009915292 -0.000999987 2.53127e-4 -0.01003646 -0.000999987 7.4467e-4 -0.01027172 -0.000999987 0.001192927 -0.01060742 -0.000999987 0.001571834 -0.01102405 -0.000999987 0.001859426 -0.01149743 -0.000999987 0.002038955 -0.01199996 -0.000999987 0.00209999 -0.01250255 -0.000999987 0.002038955 -0.01297587 -0.000999987 0.001859426 -0.0133925 -0.000999987 0.001571834 -0.01372826 -0.000999987 0.001192927 -0.01396352 -0.000999987 7.4467e-4 -0.01408463 -0.000999987 2.53127e-4 -0.01408463 -0.000999987 -2.53127e-4 -0.01396352 -0.000999987 -7.4467e-4 -0.01372826 -0.000999987 -0.001192927 -0.0133925 -0.000999987 -0.001571834 -0.01297587 -0.000999987 -0.001859426 -0.01250255 -0.000999987 -0.002038955 -0.0837776 0.00284928 -0.007749974 -0.08356261 0.003221631 -0.007696151 -0.08344632 0.003423035 -0.007618188 -0.08333545 0.003615021 -0.00750488 -0.08323127 0.003795504 -0.007352828 -0.08314108 0.003951728 -0.007168352 -0.08308172 0.004054605 -0.007002592 -0.08303493 0.004135608 -0.006824672 -0.08455657 0.002901911 -0.007749974 -0.08455657 0.004200935 -0.006999969 -0.08455657 0.003996551 -0.007275104 -0.08455657 0.003735363 -0.007497072 -0.08455657 0.003506124 -0.007622778 -0.08455657 0.003262519 -0.007705688 -0.08455657 0.003083527 -0.007738769 -0.08380073 0.00418359 -0.006956815 -0.08359354 0.003621578 -0.007525086 -0.08407199 0.003643691 -0.007542848 -0.08455657 0.004200935 -0.006999969 -0.08455657 0.003996551 -0.007275104 -0.08455657 0.003735363 -0.007497072 -0.08455657 0.003506124 -0.007622778 -0.08455657 0.003262519 -0.007705688 -0.08455657 0.003083527 -0.007738769 -0.08455657 0.002901911 -0.007749974 -0.1187416 0.002901911 -0.007749974 -0.1187416 0.004200935 -0.006999969 -0.1187416 0.004016637 -0.007253646 -0.1187416 0.003783583 -0.007463514 -0.1187416 0.003512024 -0.007620275 -0.1187416 0.003213763 -0.007717192 -0.1187416 0.004200935 -0.006999969 -0.1187416 0.004016637 -0.007253646 -0.1187416 0.003783583 -0.007463514 -0.1187416 0.003512024 -0.007620275 -0.1187416 0.003213763 -0.007717192 -0.1187416 0.002901911 -0.007749974 -0.1218577 0.008298993 -0.007749974 -0.1222009 0.007489621 -0.007749974 -0.1223377 0.006621122 -0.007749974 -0.1223053 0.00600326 -0.007749974 -0.1221545 0.005360543 -0.007749974 -0.1218889 0.004756271 -0.007749974 -0.1215437 0.004242837 -0.007749974 -0.1211446 0.003821969 -0.007749974 -0.1206831 0.003470659 -0.007749974 -0.1201713 0.003198087 -0.007749974 -0.1196222 0.003011286 -0.007749974 -0.1191853 0.002929329 -0.007749974 -0.1207327 0.007649481 -0.006999969 -0.1208923 0.00774163 -0.007253646 -0.1210941 0.007858157 -0.007463514 -0.1213293 0.007993936 -0.007620275 -0.1215876 0.008143067 -0.007717192 -0.1210407 0.006499946 -0.006999969 -0.1210058 0.006899178 -0.006999969 -0.120902 0.00728631 -0.006999969 -0.1192532 0.004258573 -0.006999969 -0.1197392 0.004428625 -0.006999969 -0.1201751 0.004702508 -0.006999969 -0.1205391 0.005066573 -0.006999969 -0.120813 0.005502462 -0.006999969 -0.120983 0.005988359 -0.006999969 -0.1191468 0.003238856 -0.007717192 -0.1194729 0.003296136 -0.007717192 -0.1191101 0.003534793 -0.007620275 -0.1194065 0.003586888 -0.007620275 -0.1190766 0.003804326 -0.007463514 -0.1200473 0.003484308 -0.007717192 -0.1193461 0.003851652 -0.007463514 -0.1190478 0.004035532 -0.007253646 -0.1199288 0.003757953 -0.007620275 -0.1192942 0.004078865 -0.007253646 -0.1205149 0.003733217 -0.007717192 -0.1198209 0.00400716 -0.007463514 -0.1207906 0.003930687 -0.007717192 -0.1203539 0.003984332 -0.007620275 -0.1197283 0.004221022 -0.007253646 -0.1206046 0.004163861 -0.007620275 -0.1202074 0.004212975 -0.007463514 -0.1204353 0.004376232 -0.007463514 -0.1213008 0.004438459 -0.007717192 -0.1200817 0.004409193 -0.007253646 -0.12029 0.004558384 -0.007253646 -0.1210685 0.004625558 -0.007620275 -0.1216162 0.004907369 -0.007717192 -0.1208571 0.004795908 -0.007463514 -0.1213553 0.00505191 -0.007620275 -0.1206756 0.004942119 -0.007253646 -0.1218587 0.005459308 -0.007717192 -0.1211177 0.005183517 -0.007463514 -0.1219455 0.005768716 -0.007717192 -0.1215758 0.005553781 -0.007620275 -0.1209139 0.005296468 -0.007253646 -0.1219964 0.006046295 -0.007717192 -0.1216547 0.005835056 -0.007620275 -0.1213182 0.005639791 -0.007463514 -0.121701 0.006087481 -0.007620275 -0.1213899 0.005895495 -0.007463514 -0.1220279 0.006499946 -0.007717192 -0.1210972 0.005713582 -0.007253646 -0.121432 0.006124973 -0.007463514 -0.1211627 0.005947351 -0.007253646 -0.1217296 0.006499946 -0.007620275 -0.1219779 0.0070706 -0.007717192 -0.1212012 0.006157159 -0.007253646 -0.1214581 0.006499946 -0.007463514 -0.1219011 0.00740385 -0.007717192 -0.1216842 0.007018804 -0.007620275 -0.121225 0.006499946 -0.007253646 -0.1216143 0.007321834 -0.007620275 -0.1214168 0.006971657 -0.007463514 -0.1213533 0.00724709 -0.007463514 -0.1211873 0.006931185 -0.007253646 -0.1211292 0.007183015 -0.007253646 -0.1207327 0.007649481 -0.006999969 -0.1208923 0.00774163 -0.007253646 -0.1210941 0.007858157 -0.007463514 -0.1213293 0.007993936 -0.007620275 -0.1215876 0.008143067 -0.007717192 -0.1218577 0.008298993 -0.007749974 -0.1164356 0.01769036 -0.007749974 -0.1153106 0.01704084 -0.006999969 -0.1154702 0.01713299 -0.007253646 -0.115672 0.01724952 -0.007463514 -0.1159072 0.0173853 -0.007620275 -0.1161655 0.01753443 -0.007717192 -0.1153106 0.01704084 -0.006999969 -0.1154702 0.01713299 -0.007253646 -0.115672 0.01724952 -0.007463514 -0.1159072 0.0173853 -0.007620275 -0.1161655 0.01753443 -0.007717192 -0.1164356 0.01769036 -0.007749974 -0.1119318 0.02068966 -0.007749974 -0.1133033 0.02034825 -0.007749974 -0.1145594 0.01970028 -0.007749974 -0.1153455 0.01907098 -0.007749974 -0.1159406 0.01842015 -0.007749974 -0.1117662 0.01940119 -0.006999969 -0.1117897 0.019584 -0.007253646 -0.1118194 0.01981514 -0.007463514 -0.111854 0.0200845 -0.007620275 -0.111892 0.02038031 -0.007717192 -0.1146546 0.0179246 -0.006999969 -0.1138145 0.01863569 -0.006999969 -0.1128345 0.01913666 -0.006999969 -0.1156958 0.01822692 -0.007717192 -0.1154618 0.01804208 -0.007620275 -0.1153746 0.01859998 -0.007717192 -0.1152486 0.01787382 -0.007463514 -0.1151571 0.01839596 -0.007620275 -0.1151312 0.01884442 -0.007717192 -0.1150657 0.0177294 -0.007253646 -0.114959 0.01821011 -0.007463514 -0.1149262 0.01862776 -0.007620275 -0.114789 0.01805073 -0.007253646 -0.1147395 0.01843053 -0.007463514 -0.1143853 0.01944154 -0.007717192 -0.1145794 0.01826125 -0.007253646 -0.1142187 0.01919412 -0.007620275 -0.1140671 0.01896882 -0.007463514 -0.113937 0.01877552 -0.007253646 -0.1131934 0.02005636 -0.007717192 -0.1130883 0.01977729 -0.007620275 -0.1129926 0.01952314 -0.007463514 -0.1129105 0.01930505 -0.007253646 -0.1117662 0.01940119 -0.006999969 -0.1117897 0.019584 -0.007253646 -0.1118194 0.01981514 -0.007463514 -0.111854 0.0200845 -0.007620275 -0.111892 0.02038031 -0.007717192 -0.1119318 0.02068966 -0.007749974 -0.01090472 0.0336728 -0.007749974 -0.01073914 0.03238433 -0.006999969 -0.01076263 0.0325672 -0.007253646 -0.01079231 0.03279829 -0.007463514 -0.01082694 0.03306764 -0.007620275 -0.01086497 0.03336346 -0.007717192 -0.00999999 0.03373068 -0.007749974 -0.01090472 0.0336728 -0.007749974 -0.00999999 0.03341883 -0.007717192 -0.00999999 0.03312057 -0.007620275 -0.00999999 0.03284901 -0.007463514 -0.00999999 0.03261595 -0.007253646 -0.00999999 0.03243166 -0.006999969 -0.01073914 0.03238433 -0.006999969 -0.01049351 0.03241062 -0.006999969 -0.01024693 0.03242641 -0.006999969 -0.01076263 0.0325672 -0.007253646 -0.01079231 0.03279829 -0.007463514 -0.01082694 0.03306764 -0.007620275 -0.01086497 0.03336346 -0.007717192 -0.01057749 0.03339421 -0.007717192 -0.01028901 0.03341269 -0.007717192 -0.0105521 0.03309702 -0.007620275 -0.01027631 0.03311473 -0.007620275 -0.01052904 0.03282648 -0.007463514 -0.01026475 0.03284335 -0.007463514 -0.01050919 0.03259426 -0.007253646 -0.0102548 0.03261053 -0.007253646 -0.00999999 0.03373068 -0.007749974 -0.00999999 0.03341883 -0.007717192 -0.00999999 0.03312057 -0.007620275 -0.00999999 0.03284901 -0.007463514 -0.00999999 0.03261595 -0.007253646 -0.00999999 0.03243166 -0.006999969 -0.002901911 0.0266326 -0.007749974 -0.003104031 0.02831459 -0.007749974 -0.003441572 0.02934741 -0.007749974 -0.003932774 0.03031665 -0.007749974 -0.004687666 0.0313403 -0.007749974 -0.005468487 0.03209596 -0.007749974 -0.006344258 0.03271692 -0.007749974 -0.007303655 0.03319865 -0.007749974 -0.008324801 0.03353017 -0.007749974 -0.009156167 0.03368031 -0.007749974 -0.004200935 0.0266326 -0.006999969 -0.004016637 0.0266326 -0.007253646 -0.003783583 0.0266326 -0.007463514 -0.003512024 0.0266326 -0.007620275 -0.003213763 0.0266326 -0.007717192 -0.008709549 0.03228628 -0.006999969 -0.007483839 0.03185737 -0.006999969 -0.006384313 0.03116649 -0.006999969 -0.005466103 0.03024828 -0.006999969 -0.004775226 0.02914875 -0.006999969 -0.004346311 0.02792304 -0.006999969 -0.009193897 0.03337079 -0.007717192 -0.009229302 0.03307467 -0.007620275 -0.009261548 0.03280502 -0.007463514 -0.008489906 0.03324866 -0.007717192 -0.009289264 0.03257364 -0.007253646 -0.008556246 0.03295791 -0.007620275 -0.008616685 0.03269314 -0.007463514 -0.008668541 0.03246599 -0.007253646 -0.007422804 0.03291046 -0.007717192 -0.007536113 0.03263455 -0.007620275 -0.007055521 0.03274679 -0.007717192 -0.007639229 0.03238332 -0.007463514 -0.007184922 0.03247809 -0.007620275 -0.007727742 0.03216773 -0.007253646 -0.006505429 0.0324499 -0.007717192 -0.007302761 0.03223341 -0.007463514 -0.00665903 0.03219425 -0.007620275 -0.00740391 0.03202342 -0.007253646 -0.006798863 0.03196144 -0.007463514 -0.005768835 0.03193831 -0.007717192 -0.006918847 0.0317617 -0.007253646 -0.005954802 0.03170514 -0.007620275 -0.006124138 0.03149276 -0.007463514 -0.006269395 0.03131061 -0.007253646 -0.004921376 0.03113383 -0.007717192 -0.005144596 0.030936 -0.007620275 -0.004694283 0.03086376 -0.007717192 -0.005347788 0.03075587 -0.007463514 -0.004927456 0.03067779 -0.007620275 -0.005522191 0.03060126 -0.007253646 -0.005139768 0.03050845 -0.007463514 -0.004199564 0.03015506 -0.007717192 -0.005321979 0.0303632 -0.007253646 -0.004454493 0.03000026 -0.007620275 -0.003885805 0.02957707 -0.007717192 -0.004686594 0.0298593 -0.007463514 -0.004154503 0.02944767 -0.007620275 -0.004885792 0.02973836 -0.007253646 -0.00372982 0.02922838 -0.007717192 -0.00439918 0.02932983 -0.007463514 -0.004005372 0.0291143 -0.007620275 -0.004609167 0.02922868 -0.007253646 -0.004256308 0.02901041 -0.007463514 -0.0044716 0.0289213 -0.007253646 -0.003407061 0.02824085 -0.007717192 -0.003696799 0.02817016 -0.007620275 -0.003960669 0.02810579 -0.007463514 -0.004187047 0.0280506 -0.007253646 -0.004200935 0.0266326 -0.006999969 -0.004016637 0.0266326 -0.007253646 -0.003783583 0.0266326 -0.007463514 -0.003512024 0.0266326 -0.007620275 -0.003213763 0.0266326 -0.007717192 -0.002901911 0.0266326 -0.007749974 -0.002901911 0.00999999 -0.007749974 -0.004200935 0.00999999 -0.006999969 -0.004016637 0.00999999 -0.007253646 -0.003783583 0.00999999 -0.007463514 -0.003512024 0.00999999 -0.007620275 -0.003213763 0.00999999 -0.007717192 -0.004200935 0.00999999 -0.006999969 -0.004016637 0.00999999 -0.007253646 -0.003783583 0.00999999 -0.007463514 -0.003512024 0.00999999 -0.007620275 -0.003213763 0.00999999 -0.007717192 -0.002901911 0.00999999 -0.007749974 -0.00999999 0.002901911 -0.007749974 -0.008318006 0.003104031 -0.007749974 -0.007285177 0.003441572 -0.007749974 -0.006315946 0.003932774 -0.007749974 -0.005292296 0.004687666 -0.007749974 -0.004536628 0.005468487 -0.007749974 -0.003915667 0.006344258 -0.007749974 -0.003433942 0.007303655 -0.007749974 -0.003102421 0.008324801 -0.007749974 -0.002952218 0.009156167 -0.007749974 -0.00999999 0.004200935 -0.006999969 -0.00999999 0.004016637 -0.007253646 -0.00999999 0.003783583 -0.007463514 -0.00999999 0.003512024 -0.007620275 -0.00999999 0.003213763 -0.007717192 -0.004346311 0.008709549 -0.006999969 -0.004775226 0.007483839 -0.006999969 -0.005466103 0.006384313 -0.006999969 -0.006384313 0.005466103 -0.006999969 -0.007483839 0.004775226 -0.006999969 -0.008709549 0.004346311 -0.006999969 -0.003261804 0.009193897 -0.007717192 -0.00355792 0.009229302 -0.007620275 -0.003827571 0.009261548 -0.007463514 -0.003383934 0.008489906 -0.007717192 -0.004058957 0.009289264 -0.007253646 -0.003674685 0.008556246 -0.007620275 -0.003939449 0.008616685 -0.007463514 -0.004166603 0.008668541 -0.007253646 -0.003722131 0.007422804 -0.007717192 -0.003998041 0.007536113 -0.007620275 -0.003885805 0.007055521 -0.007717192 -0.004249274 0.007639229 -0.007463514 -0.004154503 0.007184922 -0.007620275 -0.004464864 0.007727742 -0.007253646 -0.004182696 0.006505429 -0.007717192 -0.00439918 0.007302761 -0.007463514 -0.00443834 0.00665903 -0.007620275 -0.004609167 0.00740391 -0.007253646 -0.004671156 0.006798863 -0.007463514 -0.004694283 0.005768835 -0.007717192 -0.004870891 0.006918847 -0.007253646 -0.004927456 0.005954802 -0.007620275 -0.005139768 0.006124138 -0.007463514 -0.005321979 0.006269395 -0.007253646 -0.005498766 0.004921376 -0.007717192 -0.005696594 0.005144596 -0.007620275 -0.005768835 0.004694283 -0.007717192 -0.005876719 0.005347788 -0.007463514 -0.005954802 0.004927456 -0.007620275 -0.006031334 0.005522191 -0.007253646 -0.006124138 0.005139768 -0.007463514 -0.006477475 0.004199564 -0.007717192 -0.006269395 0.005321979 -0.007253646 -0.006632328 0.004454493 -0.007620275 -0.007055521 0.003885805 -0.007717192 -0.006773293 0.004686594 -0.007463514 -0.007184922 0.004154503 -0.007620275 -0.00689423 0.004885792 -0.007253646 -0.007404208 0.00372982 -0.007717192 -0.007302761 0.00439918 -0.007463514 -0.007518291 0.004005372 -0.007620275 -0.00740391 0.004609167 -0.007253646 -0.007622182 0.004256308 -0.007463514 -0.007711291 0.0044716 -0.007253646 -0.008391737 0.003407061 -0.007717192 -0.008462429 0.003696799 -0.007620275 -0.008526802 0.003960669 -0.007463514 -0.008581995 0.004187047 -0.007253646 -0.00999999 0.004200935 -0.006999969 -0.00999999 0.004016637 -0.007253646 -0.00999999 0.003783583 -0.007463514 -0.00999999 0.003512024 -0.007620275 -0.00999999 0.003213763 -0.007717192 -0.00999999 0.002901911 -0.007749974 -0.01799994 0.002901911 -0.007749974 -0.01799994 0.004200935 -0.006999969 -0.01799994 0.003975152 -0.007297873 -0.01799994 0.003704547 -0.007517158 -0.01799994 0.003422021 -0.007656931 -0.01799994 0.003162026 -0.007727265 -0.01999998 0.004063546 -0.006577491 -0.01999998 0.003954887 -0.006888747 -0.01999998 0.003775179 -0.007175147 -0.01999998 0.003539621 -0.00741142 -0.01999998 0.003265082 -0.007587373 -0.01999998 0.002960681 -0.007701218 -0.01999998 0.002768635 -0.007737874 -0.01999998 0.002576112 -0.007749974 -0.01799994 0.004200935 -0.006999969 -0.01876145 0.00417906 -0.006933271 -0.01942759 0.004125535 -0.006773233 -0.01799994 0.003975152 -0.007297873 -0.01799994 0.003704547 -0.007517158 -0.01799994 0.003422021 -0.007656931 -0.01799994 0.003162026 -0.007727265 -0.01799994 0.002901911 -0.007749974 -0.01899486 0.002780258 -0.007749974 -0.01861035 0.003635883 -0.007533431 -0.01918113 0.003598153 -0.007493555 -0.01999998 -0.000999987 -0.007749974 -0.01999998 -0.000999987 0.007749974 -0.01999998 0.002576112 -0.007749974 -0.01999998 0.004063546 -0.006577491 -0.01999998 0.003954887 -0.006888747 -0.01999998 0.003775179 -0.007175147 -0.01999998 0.003539621 -0.00741142 -0.01999998 0.003265082 -0.007587373 -0.01999998 0.002960681 -0.007701218 -0.01999998 0.002768635 -0.007737874 -0.01999998 0.005499958 -0.004249989 -0.01999998 0.004636943 -0.005330324 -0.01999998 0.004275381 -0.005963563 -0.01999998 0.01852709 -0.004249989 -0.01999998 0.01852709 0.004249989 -0.01999998 0.005499958 0.004249989 -0.01999998 0.004063367 0.006577193 -0.01999998 0.004314839 0.005880534 -0.01999998 0.004843413 0.005042791 -0.01999998 0.002576112 0.007749974 -0.01999998 0.002912402 0.007712841 -0.01999998 0.003237962 0.007600605 -0.01999998 0.003478348 0.00745815 -0.01999998 0.003674387 0.007289111 -0.01999998 0.003837525 0.007091104 -0.01999998 0.003963053 0.006871521 -0.01999998 0.004021346 0.006726086 -0.1276906 0 -0.007749974 -0.1174642 0.01771259 -0.007749974 -0.1299999 0 -0.00575 -0.1191962 0.01871258 -0.00575 -0.006999969 0.01499998 -0.00209999 0 0.01499998 -0.00209999 0 0.01499998 0.00209999 0 0.01449191 0.002037584 0 0.01401406 0.001854121 0 0.01371616 0.001661837 0 0.01343482 0.001400053 0 0.01322162 0.001116812 0 0.01306974 8.27174e-4 0 0.01296472 5.17429e-4 0 0.01290905 1.95136e-4 0 0.0129041 -1.31888e-4 0 0.01295 -4.55717e-4 0 0.01304566 -7.68492e-4 0 0.01318866 -0.001062572 0 0.01337563 -0.001330971 0 0.01360201 -0.001567006 0 0.01386225 -0.001765072 0 0.01415014 -0.001920342 0 0.01445859 -0.002029001 0 0.01472693 -0.002082169 -0.006999969 0.01499998 0.00209999 -0.006999969 0.01449739 0.002038955 -0.006999969 0.01402407 0.001859426 -0.006999969 0.01360744 0.001571834 -0.006999969 0.01327168 0.001192927 -0.006999969 0.01303642 7.4467e-4 -0.006999969 0.01291531 2.53127e-4 -0.006999969 0.01291531 -2.53127e-4 -0.006999969 0.01303642 -7.4467e-4 -0.006999969 0.01327168 -0.001192927 -0.006999969 0.01360744 -0.001571834 -0.006999969 0.01402407 -0.001859426 -0.006999969 0.01449739 -0.002038955 0 0.01499998 -0.00209999 0 0.01550799 -0.002037584 0 0.0159859 -0.001854121 0 0.01628375 -0.001661837 0 0.01656514 -0.001400053 0 0.01677834 -0.001116812 0 0.01693022 -8.27174e-4 0 0.01703524 -5.17429e-4 0 0.01709091 -1.95136e-4 0 0.0170958 1.31888e-4 0 0.0170499 4.55717e-4 0 0.0169543 7.68492e-4 0 0.01681131 0.001062572 0 0.01662433 0.001330971 0 0.01639795 0.001567006 0 0.01613765 0.001765072 0 0.01584982 0.001920342 0 0.01554131 0.002029001 0 0.01527297 0.002082169 0 0.01499998 0.00209999 -0.006999969 0.01499998 -0.00209999 -0.006999969 0.01550251 -0.002038955 -0.006999969 0.01597589 -0.001859426 -0.006999969 0.01639252 -0.001571834 -0.006999969 0.01672822 -0.001192927 -0.006999969 0.01696348 -7.4467e-4 -0.006999969 0.01708465 -2.53127e-4 -0.006999969 0.01708465 2.53127e-4 -0.006999969 0.01696348 7.4467e-4 -0.006999969 0.01672822 0.001192927 -0.006999969 0.01639252 0.001571834 -0.006999969 0.01597589 0.001859426 -0.006999969 0.01550251 0.002038955 -0.006999969 0.01499998 0.00209999 -0.006999969 0.03399997 -0.00209999 0 0.03399997 -0.00209999 0 0.03399997 0.00209999 0 0.0334919 0.002037584 0 0.03301405 0.001854121 0 0.03271621 0.001661837 0 0.03243482 0.001400053 0 0.03222161 0.001116812 0 0.03206974 8.27174e-4 0 0.03196471 5.17429e-4 0 0.03190904 1.95136e-4 0 0.0319041 -1.31888e-4 0 0.03194999 -4.55717e-4 0 0.03204566 -7.68492e-4 0 0.03218865 -0.001062572 0 0.03237563 -0.001330971 0 0.03260201 -0.001567006 0 0.03286224 -0.001765072 0 0.03315013 -0.001920342 0 0.03345865 -0.002029001 0 0.03372699 -0.002082169 -0.006999969 0.03399997 0.00209999 -0.006999969 0.03349739 0.002038955 -0.006999969 0.03302407 0.001859426 -0.006999969 0.03260743 0.001571834 -0.006999969 0.03227168 0.001192927 -0.006999969 0.03203642 7.4467e-4 -0.006999969 0.0319153 2.53127e-4 -0.006999969 0.0319153 -2.53127e-4 -0.006999969 0.03203642 -7.4467e-4 -0.006999969 0.03227168 -0.001192927 -0.006999969 0.03260743 -0.001571834 -0.006999969 0.03302407 -0.001859426 -0.006999969 0.03349739 -0.002038955 0 0.03399997 -0.00209999 0 0.03450804 -0.002037584 0 0.03498589 -0.001854121 0 0.03528374 -0.001661837 0 0.03556513 -0.001400053 0 0.03577834 -0.001116812 0 0.03593021 -8.27174e-4 0 0.03603523 -5.17429e-4 0 0.03609091 -1.95136e-4 0 0.03609585 1.31888e-4 0 0.0360499 4.55717e-4 0 0.03595429 7.68492e-4 0 0.0358113 0.001062572 0 0.03562432 0.001330971 0 0.03539794 0.001567006 0 0.03513765 0.001765072 0 0.03484982 0.001920342 0 0.0345413 0.002029001 0 0.03427296 0.002082169 0 0.03399997 0.00209999 -0.006999969 0.03399997 -0.00209999 -0.006999969 0.03450256 -0.002038955 -0.006999969 0.03497588 -0.001859426 -0.006999969 0.03539252 -0.001571834 -0.006999969 0.03572821 -0.001192927 -0.006999969 0.03596353 -7.4467e-4 -0.006999969 0.03608465 -2.53127e-4 -0.006999969 0.03608465 2.53127e-4 -0.006999969 0.03596353 7.4467e-4 -0.006999969 0.03572821 0.001192927 -0.006999969 0.03539252 0.001571834 -0.006999969 0.03497588 0.001859426 -0.006999969 0.03450256 0.002038955 -0.006999969 0.03399997 0.00209999 0 0 -0.007749974 -0.000999987 -0.000999987 -0.007749974 0 0 0.007749974 -0.000999987 -0.000999987 0.007749974 -0.09499996 0.007999956 -0.00209999 -0.09499996 -0.000999987 -0.00209999 -0.09499996 -0.000999987 0.00209999 -0.09550255 -0.000999987 0.002038955 -0.09597587 -0.000999987 0.001859426 -0.09639251 -0.000999987 0.001571834 -0.09672826 -0.000999987 0.001192927 -0.09696352 -0.000999987 7.4467e-4 -0.09708464 -0.000999987 2.53127e-4 -0.09708464 -0.000999987 -2.53127e-4 -0.09696352 -0.000999987 -7.4467e-4 -0.09672826 -0.000999987 -0.001192927 -0.09639251 -0.000999987 -0.001571834 -0.09597587 -0.000999987 -0.001859426 -0.09550255 -0.000999987 -0.002038955 -0.09499996 0.007999956 0.00209999 -0.09550255 0.007999956 0.002038955 -0.09597587 0.007999956 0.001859426 -0.09639251 0.007999956 0.001571834 -0.09672826 0.007999956 0.001192927 -0.09696352 0.007999956 7.4467e-4 -0.09708464 0.007999956 2.53127e-4 -0.09708464 0.007999956 -2.53127e-4 -0.09696352 0.007999956 -7.4467e-4 -0.09672826 0.007999956 -0.001192927 -0.09639251 0.007999956 -0.001571834 -0.09597587 0.007999956 -0.001859426 -0.09550255 0.007999956 -0.002038955 -0.09499996 -0.000999987 -0.00209999 -0.09449744 -0.000999987 -0.002038955 -0.09402406 -0.000999987 -0.001859426 -0.09360742 -0.000999987 -0.001571834 -0.09327173 -0.000999987 -0.001192927 -0.09303647 -0.000999987 -7.4467e-4 -0.09291529 -0.000999987 -2.53127e-4 -0.09291529 -0.000999987 2.53127e-4 -0.09303647 -0.000999987 7.4467e-4 -0.09327173 -0.000999987 0.001192927 -0.09360742 -0.000999987 0.001571834 -0.09402406 -0.000999987 0.001859426 -0.09449744 -0.000999987 0.002038955 -0.09499996 -0.000999987 0.00209999 -0.09499996 0.007999956 -0.00209999 -0.09449744 0.007999956 -0.002038955 -0.09402406 0.007999956 -0.001859426 -0.09360742 0.007999956 -0.001571834 -0.09327173 0.007999956 -0.001192927 -0.09303647 0.007999956 -7.4467e-4 -0.09291529 0.007999956 -2.53127e-4 -0.09291529 0.007999956 2.53127e-4 -0.09303647 0.007999956 7.4467e-4 -0.09327173 0.007999956 0.001192927 -0.09360742 0.007999956 0.001571834 -0.09402406 0.007999956 0.001859426 -0.09449744 0.007999956 0.002038955 -0.09499996 0.007999956 0.00209999 -0.1299999 -0.000999987 -0.00575 -0.1299999 0 -0.00575 -0.1276906 -0.000999987 -0.007749974 -0.1276906 0 -0.007749974 -0.1299999 -0.000999987 0.00575 -0.1299999 0 0.00575 -0.1299999 -0.000999987 -0.00575 -0.1299999 0 -0.00575 -0.1276906 -0.000999987 0.007749974 -0.1276906 0 0.007749974 -0.1299999 -0.000999987 0.00575 -0.1299999 0 0.00575 -0.07609617 0.01615387 0.004249989 -0.08181416 0.006249964 0.004249989 -0.07609617 0.01615387 -0.004249989 -0.08181416 0.006249964 -0.004249989 -0.08303493 0.004135608 -0.006824672 -0.08286255 0.004434108 -0.006259799 -0.08262526 0.004845142 -0.005741536 -0.08235228 0.005317986 -0.005254924 -0.0837776 0.00284928 -0.007749974 -0.08356261 0.003221631 -0.007696151 -0.08344632 0.003423035 -0.007618188 -0.08333545 0.003615021 -0.00750488 -0.08323127 0.003795504 -0.007352828 -0.08314108 0.003951728 -0.007168352 -0.08308172 0.004054605 -0.007002592 -0.08599996 -0.000999987 -0.007749974 -0.08599996 -0.000999987 0.007749974 -0.0837776 0.00284928 0.007749974 -0.08303493 0.004135608 0.006824731 -0.08311176 0.004002511 0.007092475 -0.08321642 0.003821253 0.007326424 -0.08334273 0.003602504 0.007513642 -0.08348321 0.003359138 0.007647097 -0.08360296 0.003151714 0.007714688 -0.0836907 0.002999722 0.007741332 -0.08223295 0.005524635 0.005051851 -0.08255445 0.004967749 0.005608856 -0.08282512 0.004499018 0.006166279 -0.08294671 0.004288375 0.006497919 -0.00999999 0.002901911 0.007749974 -0.01799994 0.002901911 0.007749974 -0.019005 0.002778172 0.007749974 -0.01999998 0.002576112 0.007749974 -0.01999998 -0.000999987 0.007749974 -0.000999987 -0.000999987 0.007749974 0 0 0.007749974 0 0.0359835 0.007749974 -0.1115557 0.02164733 0.007749974 -0.1133366 0.02120631 0.007749974 -0.1149703 0.02037119 0.007749974 -0.1163707 0.01918584 0.007749974 -0.1174642 0.01771259 0.007749974 -0.1276906 0 0.007749974 -0.1276906 -0.000999987 0.007749974 -0.08599996 -0.000999987 0.007749974 -0.0837776 0.00284928 0.007749974 -0.08455657 0.002901911 0.007749974 -0.1187416 0.002901911 0.007749974 -0.1196143 0.003009319 0.007749974 -0.1204347 0.003325104 0.007749974 -0.1209536 0.003662168 0.007749974 -0.1214348 0.004114031 0.007749974 -0.1218254 0.004646182 0.007749974 -0.1220974 0.005201935 0.007749974 -0.1222624 0.005757927 0.007749974 -0.1223359 0.006333231 0.007749974 -0.122316 0.006912827 0.007749974 -0.1222032 0.007481753 0.007749974 -0.1220557 0.007901072 0.007749974 -0.1218577 0.008298993 0.007749974 -0.1164356 0.01769036 0.007749974 -0.1155918 0.01882421 0.007749974 -0.1145097 0.01973342 0.007749974 -0.1136259 0.0202161 0.007749974 -0.112796 0.0205143 0.007749974 -0.1119318 0.02068966 0.007749974 -0.01090472 0.0336728 0.007749974 -0.00999999 0.03373068 0.007749974 -0.008318006 0.0335285 0.007749974 -0.006731808 0.03293353 0.007749974 -0.005331814 0.03197968 0.007749974 -0.004570364 0.03120452 0.007749974 -0.003841578 0.03016209 0.007749974 -0.003310561 0.02900636 0.007749974 -0.003026664 0.02795749 0.007749974 -0.002933144 0.02729797 0.007749974 -0.002901911 0.0266326 0.007749974 -0.002901911 0.00999999 0.007749974 -0.003104031 0.008318006 0.007749974 -0.003441572 0.007285177 0.007749974 -0.003932774 0.006315946 0.007749974 -0.004687666 0.005292296 0.007749974 -0.005468487 0.004536628 0.007749974 -0.006344258 0.003915667 0.007749974 -0.007303655 0.003433942 0.007749974 -0.008324801 0.003102421 0.007749974 -0.009156167 0.002952218 0.007749974 -0.1115557 0.02164733 0.007749974 -0.1133366 0.02120631 0.007749974 -0.1149703 0.02037119 0.007749974 -0.1163707 0.01918584 0.007749974 -0.1174642 0.01771259 0.007749974 -0.1118106 0.02363097 0.00575 -0.1191962 0.01871258 0.00575 -0.1181361 0.02021175 0.00575 -0.1168196 0.02149182 0.00575 -0.1152913 0.02250957 0.00575 -0.1136026 0.02323073 0.00575 -0.1299999 0 0.00575 -0.1191962 0.01871258 0.00575 -0.1299999 0 -0.00575 -0.1191962 0.01871258 -0.00575 -0.01999998 0.002576112 -0.007749974 -0.01999998 -0.000999987 -0.007749974 -0.01899486 0.002780258 -0.007749974 -0.01799994 0.002901911 -0.007749974 -0.00999999 0.002901911 -0.007749974 -0.008318006 0.003104031 -0.007749974 -0.007285177 0.003441572 -0.007749974 -0.006315946 0.003932774 -0.007749974 -0.005292296 0.004687666 -0.007749974 -0.004536628 0.005468487 -0.007749974 -0.003915667 0.006344258 -0.007749974 -0.003433942 0.007303655 -0.007749974 -0.003102421 0.008324801 -0.007749974 -0.002952218 0.009156167 -0.007749974 -0.002901911 0.00999999 -0.007749974 -0.002901911 0.0266326 -0.007749974 -0.003104031 0.02831459 -0.007749974 -0.003441572 0.02934741 -0.007749974 -0.003932774 0.03031665 -0.007749974 -0.004687666 0.0313403 -0.007749974 -0.005468487 0.03209596 -0.007749974 -0.006344258 0.03271692 -0.007749974 -0.007303655 0.03319865 -0.007749974 -0.008324801 0.03353017 -0.007749974 -0.009156167 0.03368031 -0.007749974 -0.00999999 0.03373068 -0.007749974 -0.01090472 0.0336728 -0.007749974 -0.1119318 0.02068966 -0.007749974 -0.1133033 0.02034825 -0.007749974 -0.1145594 0.01970028 -0.007749974 -0.1153455 0.01907098 -0.007749974 -0.1159406 0.01842015 -0.007749974 -0.1164356 0.01769036 -0.007749974 -0.1218577 0.008298993 -0.007749974 -0.1222009 0.007489621 -0.007749974 -0.1223377 0.006621122 -0.007749974 -0.1223053 0.00600326 -0.007749974 -0.1221545 0.005360543 -0.007749974 -0.1218889 0.004756271 -0.007749974 -0.1215437 0.004242837 -0.007749974 -0.1211446 0.003821969 -0.007749974 -0.1206831 0.003470659 -0.007749974 -0.1201713 0.003198087 -0.007749974 -0.1196222 0.003011286 -0.007749974 -0.1191853 0.002929329 -0.007749974 -0.1187416 0.002901911 -0.007749974 -0.08455657 0.002901911 -0.007749974 -0.0837776 0.00284928 -0.007749974 -0.08599996 -0.000999987 -0.007749974 -0.1276906 -0.000999987 -0.007749974 -0.1276906 0 -0.007749974 -0.1174642 0.01771259 -0.007749974 -0.1163707 0.01918584 -0.007749974 -0.1149703 0.02037119 -0.007749974 -0.1133366 0.02120631 -0.007749974 -0.1115557 0.02164733 -0.007749974 0 0.0359835 -0.007749974 0 0 -0.007749974 -0.000999987 -0.000999987 -0.007749974 -0.1174642 0.01771259 -0.007749974 -0.1191962 0.01871258 -0.00575 -0.1118106 0.02363097 -0.00575 -0.1136026 0.02323073 -0.00575 -0.1152913 0.02250957 -0.00575 -0.1168196 0.02149182 -0.00575 -0.1181361 0.02021175 -0.00575 -0.1115557 0.02164733 -0.007749974 -0.1163707 0.01918584 -0.007749974 -0.1149703 0.02037119 -0.007749974 -0.1133366 0.02120631 -0.007749974 0 0.03747981 0.006265878 0 0.0359835 0.007749974 0 0.03799998 0 0 0.03794205 0.002097129 0 0.03776848 0.004187881 0 0.03747981 -0.006265878 0 0.03776848 -0.004187881 0 0.03794205 -0.002097129 0 0.0359835 -0.007749974 0 0 -0.007749974 0 0 0.007749974 0 0.01499998 0.00209999 0 0.01449191 0.002037584 0 0.01401406 0.001854121 0 0.01371616 0.001661837 0 0.01343482 0.001400053 0 0.01322162 0.001116812 0 0.01306974 8.27174e-4 0 0.01296472 5.17429e-4 0 0.01290905 1.95136e-4 0 0.0129041 -1.31888e-4 0 0.01295 -4.55717e-4 0 0.01304566 -7.68492e-4 0 0.01318866 -0.001062572 0 0.01337563 -0.001330971 0 0.01360201 -0.001567006 0 0.01386225 -0.001765072 0 0.01415014 -0.001920342 0 0.01445859 -0.002029001 0 0.01472693 -0.002082169 0 0.01499998 -0.00209999 0 0.01550799 -0.002037584 0 0.0159859 -0.001854121 0 0.01628375 -0.001661837 0 0.01656514 -0.001400053 0 0.01677834 -0.001116812 0 0.01693022 -8.27174e-4 0 0.01703524 -5.17429e-4 0 0.01709091 -1.95136e-4 0 0.0170958 1.31888e-4 0 0.0170499 4.55717e-4 0 0.0169543 7.68492e-4 0 0.01681131 0.001062572 0 0.01662433 0.001330971 0 0.01639795 0.001567006 0 0.01613765 0.001765072 0 0.01584982 0.001920342 0 0.01554131 0.002029001 0 0.01527297 0.002082169 0 0.03399997 0.00209999 0 0.0334919 0.002037584 0 0.03301405 0.001854121 0 0.03271621 0.001661837 0 0.03243482 0.001400053 0 0.03222161 0.001116812 0 0.03206974 8.27174e-4 0 0.03196471 5.17429e-4 0 0.03190904 1.95136e-4 0 0.0319041 -1.31888e-4 0 0.03194999 -4.55717e-4 0 0.03204566 -7.68492e-4 0 0.03218865 -0.001062572 0 0.03237563 -0.001330971 0 0.03260201 -0.001567006 0 0.03286224 -0.001765072 0 0.03315013 -0.001920342 0 0.03345865 -0.002029001 0 0.03372699 -0.002082169 0 0.03399997 -0.00209999 0 0.03450804 -0.002037584 0 0.03498589 -0.001854121 0 0.03528374 -0.001661837 0 0.03556513 -0.001400053 0 0.03577834 -0.001116812 0 0.03593021 -8.27174e-4 0 0.03603523 -5.17429e-4 0 0.03609091 -1.95136e-4 0 0.03609585 1.31888e-4 0 0.0360499 4.55717e-4 0 0.03595429 7.68492e-4 0 0.0358113 0.001062572 0 0.03562432 0.001330971 0 0.03539794 0.001567006 0 0.03513765 0.001765072 0 0.03484982 0.001920342 0 0.0345413 0.002029001 0 0.03427296 0.002082169 -0.08599996 -0.000999987 0.007749974 -0.08599996 -0.000999987 -0.007749974 -0.1276906 -0.000999987 0.007749974 -0.1299999 -0.000999987 0.00575 -0.1299999 -0.000999987 -0.00575 -0.1276906 -0.000999987 -0.007749974 -0.09499996 -0.000999987 -0.00209999 -0.09449744 -0.000999987 -0.002038955 -0.09402406 -0.000999987 -0.001859426 -0.09360742 -0.000999987 -0.001571834 -0.09327173 -0.000999987 -0.001192927 -0.09303647 -0.000999987 -7.4467e-4 -0.09291529 -0.000999987 -2.53127e-4 -0.09291529 -0.000999987 2.53127e-4 -0.09303647 -0.000999987 7.4467e-4 -0.09327173 -0.000999987 0.001192927 -0.09360742 -0.000999987 0.001571834 -0.09402406 -0.000999987 0.001859426 -0.09449744 -0.000999987 0.002038955 -0.09499996 -0.000999987 0.00209999 -0.09550255 -0.000999987 0.002038955 -0.09597587 -0.000999987 0.001859426 -0.09639251 -0.000999987 0.001571834 -0.09672826 -0.000999987 0.001192927 -0.09696352 -0.000999987 7.4467e-4 -0.09708464 -0.000999987 2.53127e-4 -0.09708464 -0.000999987 -2.53127e-4 -0.09696352 -0.000999987 -7.4467e-4 -0.09672826 -0.000999987 -0.001192927 -0.09639251 -0.000999987 -0.001571834 -0.09597587 -0.000999987 -0.001859426 -0.09550255 -0.000999987 -0.002038955 -0.1184641 -0.000999987 0 -0.1184011 -9.99862e-4 -5.6937e-4 -0.118211 -9.99968e-4 -0.001125514 -0.1179234 -9.99859e-4 -0.001609206 -0.1175292 -9.99955e-4 -0.002049863 -0.1170843 -9.99928e-4 -0.002396106 -0.1165691 -9.99989e-4 -0.002674579 -0.1160609 -9.99852e-4 -0.002855837 -0.1155123 -9.99534e-4 -0.00296694 -0.1147869 -0.001000106 -0.002994358 -0.1141546 -0.001000523 -0.002909243 -0.1134887 -0.001000046 -0.002699434 -0.1127387 -0.000999987 -0.002272605 -0.1121652 -0.001000165 -0.001724004 -0.1117981 -0.000999987 -0.001144886 -0.1116014 -0.000999987 -5.79607e-4 -0.1115359 -0.000999987 0 -0.1115989 -0.001000106 5.6937e-4 -0.1117889 -0.000999987 0.001125514 -0.1120765 -0.001000106 0.001609206 -0.1124707 -0.000999987 0.002049863 -0.1129156 -0.001000046 0.002396106 -0.1134309 -0.000999987 0.002674579 -0.113939 -0.001000106 0.002855837 -0.1144876 -0.001000463 0.00296694 -0.1152131 -9.99888e-4 0.002994358 -0.1158453 -9.99424e-4 0.002909243 -0.1165112 -9.99917e-4 0.002699434 -0.1172612 -9.99966e-4 0.002272605 -0.1178348 -9.99828e-4 0.001724004 -0.1182019 -9.9997e-4 0.001144886 -0.1183985 -9.9999e-4 5.79607e-4 -0.003404736 0.03756242 0.00575 -0.001764714 0.03777319 0.004145443 -9.52277e-4 0.03787761 0.003047227 -3.41853e-4 0.03795605 0.001826703 -8.8391e-5 0.0379886 9.29071e-4 0 0.03799998 0 0 0.03747981 0.006265878 0 0.03794205 0.002097129 0 0.03776848 0.004187881 -0.1118106 0.02363097 0.00575 -0.1115557 0.02164733 0.007749974 0 0.0359835 0.007749974 0 0.03747981 0.006265878 -0.003404736 0.03756242 0.00575 -0.1118106 0.02363097 -0.00575 -0.1118106 0.02363097 0.00575 -0.1136026 0.02323073 -0.00575 -0.1152913 0.02250957 -0.00575 -0.1168196 0.02149182 -0.00575 -0.1181361 0.02021175 -0.00575 -0.1191962 0.01871258 -0.00575 -0.1191962 0.01871258 0.00575 -0.1181361 0.02021175 0.00575 -0.1168196 0.02149182 0.00575 -0.1152913 0.02250957 0.00575 -0.1136026 0.02323073 0.00575 -0.1115557 0.02164733 -0.007749974 -0.1118106 0.02363097 -0.00575 -0.003404736 0.03756242 -0.00575 0 0.03747981 -0.006265878 0 0.0359835 -0.007749974 0 0.03747981 -0.006265878 0 0.03776848 -0.004187881 0 0.03794205 -0.002097129 0 0.03799998 0 -0.003404736 0.03756242 -0.00575 -1.29832e-4 0.03798329 -0.001125872 -4.95344e-4 0.03793632 -0.002198576 -0.001043915 0.03786581 -0.003190338 -0.002133369 0.0377258 -0.004556477 -0.1184641 -0.000999987 0 -0.1084932 0.01626998 0 -0.1032971 0.01326996 0 -0.1033726 0.01331359 -7.17947e-4 -0.1035947 0.0134418 -0.001394152 -0.1039505 0.01364719 -0.001989364 -0.1044193 0.01391786 -0.002468943 -0.1049739 0.01423805 -0.002804994 -0.105582 0.01458919 -0.002978086 -0.1062083 0.01495075 -0.002978086 -0.1068165 0.01530188 -0.002804994 -0.107371 0.01562207 -0.002468943 -0.1078398 0.01589274 -0.001989364 -0.1081957 0.01609814 -0.001394152 -0.1084178 0.01622641 -7.17947e-4 -0.1115359 -0.000999987 0 -0.1184011 -9.99862e-4 -5.6937e-4 -0.118211 -9.99968e-4 -0.001125514 -0.1179234 -9.99859e-4 -0.001609206 -0.1175292 -9.99955e-4 -0.002049863 -0.1170843 -9.99928e-4 -0.002396106 -0.1165691 -9.99989e-4 -0.002674579 -0.1160609 -9.99852e-4 -0.002855837 -0.1155123 -9.99534e-4 -0.00296694 -0.1147869 -0.001000106 -0.002994358 -0.1141546 -0.001000523 -0.002909243 -0.1134887 -0.001000046 -0.002699434 -0.1127387 -0.000999987 -0.002272605 -0.1121652 -0.001000165 -0.001724004 -0.1117981 -0.000999987 -0.001144886 -0.1116014 -0.000999987 -5.79607e-4 -0.1084932 0.01626998 0 -0.1084178 0.01622641 7.17947e-4 -0.1081957 0.01609814 0.001394152 -0.1078398 0.01589274 0.001989364 -0.107371 0.01562207 0.002468943 -0.1068165 0.01530188 0.002804994 -0.1062083 0.01495075 0.002978086 -0.105582 0.01458919 0.002978086 -0.1049739 0.01423805 0.002804994 -0.1044193 0.01391786 0.002468943 -0.1039505 0.01364719 0.001989364 -0.1035947 0.0134418 0.001394152 -0.1033726 0.01331359 7.17947e-4 -0.1032971 0.01326996 0 -0.1184641 -0.000999987 0 -0.1115359 -0.000999987 0 -0.1115989 -0.001000106 5.6937e-4 -0.1117889 -0.000999987 0.001125514 -0.1120765 -0.001000106 0.001609206 -0.1124707 -0.000999987 0.002049863 -0.1129156 -0.001000046 0.002396106 -0.1134309 -0.000999987 0.002674579 -0.113939 -0.001000106 0.002855837 -0.1144876 -0.001000463 0.00296694 -0.1152131 -9.99888e-4 0.002994358 -0.1158453 -9.99424e-4 0.002909243 -0.1165112 -9.99917e-4 0.002699434 -0.1172612 -9.99966e-4 0.002272605 -0.1178348 -9.99828e-4 0.001724004 -0.1182019 -9.9997e-4 0.001144886 -0.1183985 -9.9999e-4 5.79607e-4 -0.1042162 0.01437801 0 -0.1042578 0.01440197 3.94871e-4 -0.1043799 0.01447248 7.66793e-4 -0.1045756 0.01458549 0.001094102 -0.1048334 0.01473432 0.001357913 -0.1051384 0.01491045 0.001542747 -0.1054729 0.01510351 0.001637935 -0.1058174 0.01530241 0.001637935 -0.1061519 0.01549553 0.001542747 -0.1064569 0.01567167 0.001357913 -0.1067147 0.0158205 0.001094102 -0.1069104 0.01593351 7.66793e-4 -0.1070326 0.01600402 3.94871e-4 -0.1070741 0.01602798 0 -0.0978372 0.02542674 0 -0.09787756 0.02542155 3.25163e-4 -0.09799379 0.02540665 6.3131e-4 -0.09817391 0.02538347 9.04409e-4 -0.09840363 0.02535396 0.001136779 -0.09866988 0.02531975 0.001325607 -0.09896212 0.0252822 0.001470625 -0.09937781 0.02522879 0.001596987 -0.09978801 0.02517604 0.00164771 -0.1001542 0.02512902 0.001636862 -0.1005152 0.02508258 0.001573324 -0.1008626 0.02503794 0.00145626 -0.1011868 0.02499628 0.00128448 -0.1014754 0.0249592 0.001056969 -0.1017118 0.0249288 7.75241e-4 -0.1018666 0.02490895 4.73396e-4 -0.1019311 0.02490061 2.40661e-4 -0.1019531 0.02489781 0 -0.003404736 0.03756242 0.00575 -0.001764714 0.03777319 0.004145443 -9.52277e-4 0.03787761 0.003047227 -3.41853e-4 0.03795605 0.001826703 -8.8391e-5 0.0379886 9.29071e-4 0 0.03799998 0 -0.1118106 0.02363097 0.00575 -0.1118106 0.02363097 -0.00575 -0.003404736 0.03756242 -0.00575 -1.29832e-4 0.03798329 -0.001125872 -4.95344e-4 0.03793632 -0.002198576 -0.001043915 0.03786581 -0.003190338 -0.002133369 0.0377258 -0.004556477 -0.1019531 0.02489781 0 -0.1019122 0.02490305 -3.27706e-4 -0.101795 0.02491813 -6.34383e-4 -0.1016131 0.0249415 -9.08483e-4 -0.1013807 0.02497136 -0.001141846 -0.1011133 0.02500575 -0.001330077 -0.1008196 0.02504348 -0.00147432 -0.1003959 0.0250979 -0.001600503 -0.09990507 0.02516102 -0.001649975 -0.09941369 0.02522414 -0.001604318 -0.09893816 0.02528524 -0.001460969 -0.09851282 0.0253399 -0.001222312 -0.09818285 0.02538233 -9.15792e-4 -0.09798777 0.02540743 -6.19535e-4 -0.09787601 0.02542173 -3.18924e-4 -0.0978372 0.02542674 0 -0.09787756 0.02542155 3.25163e-4 -0.09799379 0.02540665 6.3131e-4 -0.09817391 0.02538347 9.04409e-4 -0.09840363 0.02535396 0.001136779 -0.09866988 0.02531975 0.001325607 -0.09896212 0.0252822 0.001470625 -0.09937781 0.02522879 0.001596987 -0.09978801 0.02517604 0.00164771 -0.1001542 0.02512902 0.001636862 -0.1005152 0.02508258 0.001573324 -0.1008626 0.02503794 0.00145626 -0.1011868 0.02499628 0.00128448 -0.1014754 0.0249592 0.001056969 -0.1017118 0.0249288 7.75241e-4 -0.1018666 0.02490895 4.73396e-4 -0.1019311 0.02490061 2.40661e-4 -0.1032971 0.01326996 0 -0.1033726 0.01331359 -7.17947e-4 -0.1035947 0.0134418 -0.001394152 -0.1039505 0.01364719 -0.001989364 -0.1044193 0.01391786 -0.002468943 -0.1049739 0.01423805 -0.002804994 -0.105582 0.01458919 -0.002978086 -0.1062083 0.01495075 -0.002978086 -0.1068165 0.01530188 -0.002804994 -0.107371 0.01562207 -0.002468943 -0.1078398 0.01589274 -0.001989364 -0.1081957 0.01609814 -0.001394152 -0.1084178 0.01622641 -7.17947e-4 -0.1084932 0.01626998 0 -0.1084178 0.01622641 7.17947e-4 -0.1081957 0.01609814 0.001394152 -0.1078398 0.01589274 0.001989364 -0.107371 0.01562207 0.002468943 -0.1068165 0.01530188 0.002804994 -0.1062083 0.01495075 0.002978086 -0.105582 0.01458919 0.002978086 -0.1049739 0.01423805 0.002804994 -0.1044193 0.01391786 0.002468943 -0.1039505 0.01364719 0.001989364 -0.1035947 0.0134418 0.001394152 -0.1033726 0.01331359 7.17947e-4 -0.1077571 0.015845 0 -0.107703 0.01581376 5.14529e-4 -0.1075438 0.01572185 9.99155e-4 -0.1072888 0.01557463 0.001425683 -0.1069529 0.01538062 0.001769363 -0.1065554 0.0151512 0.002010226 -0.1061196 0.01489955 0.002134323 -0.1056707 0.01464039 0.002134323 -0.1052349 0.01438879 0.002010226 -0.1048374 0.01415932 0.001769363 -0.1045015 0.0139653 0.001425683 -0.1042465 0.01381808 9.99155e-4 -0.1040873 0.01372623 5.14529e-4 -0.1040332 0.013695 0 -0.1040873 0.01372623 -5.14529e-4 -0.1042465 0.01381808 -9.99155e-4 -0.1045015 0.0139653 -0.001425683 -0.1048374 0.01415932 -0.001769363 -0.1052349 0.01438879 -0.002010226 -0.1056707 0.01464039 -0.002134323 -0.1061196 0.01489955 -0.002134323 -0.1065554 0.0151512 -0.002010226 -0.1069529 0.01538062 -0.001769363 -0.1072888 0.01557463 -0.001425683 -0.1075438 0.01572185 -9.99155e-4 -0.107703 0.01581376 -5.14529e-4 -0.1077571 0.015845 0 -0.107703 0.01581376 5.14529e-4 -0.1075438 0.01572185 9.99155e-4 -0.1072888 0.01557463 0.001425683 -0.1069529 0.01538062 0.001769363 -0.1065554 0.0151512 0.002010226 -0.1061196 0.01489955 0.002134323 -0.1056707 0.01464039 0.002134323 -0.1052349 0.01438879 0.002010226 -0.1048374 0.01415932 0.001769363 -0.1045015 0.0139653 0.001425683 -0.1042465 0.01381808 9.99155e-4 -0.1040873 0.01372623 5.14529e-4 -0.1040332 0.013695 0 -0.1042162 0.01437801 0 -0.1042578 0.01440197 3.94871e-4 -0.1043799 0.01447248 7.66793e-4 -0.1045756 0.01458549 0.001094102 -0.1048334 0.01473432 0.001357913 -0.1051384 0.01491045 0.001542747 -0.1054729 0.01510351 0.001637935 -0.1058174 0.01530241 0.001637935 -0.1061519 0.01549553 0.001542747 -0.1064569 0.01567167 0.001357913 -0.1067147 0.0158205 0.001094102 -0.1069104 0.01593351 7.66793e-4 -0.1070326 0.01600402 3.94871e-4 -0.1070741 0.01602798 0 -0.0978372 0.02542674 0 -0.1042162 0.01437801 0 -0.1070741 0.01602798 0 -0.1070326 0.01600402 -3.94871e-4 -0.1069104 0.01593351 -7.66793e-4 -0.1067147 0.0158205 -0.001094102 -0.1064569 0.01567167 -0.001357913 -0.1061519 0.01549553 -0.001542747 -0.1058174 0.01530241 -0.001637935 -0.1054729 0.01510351 -0.001637935 -0.1051384 0.01491045 -0.001542747 -0.1048334 0.01473432 -0.001357913 -0.1045756 0.01458549 -0.001094102 -0.1043799 0.01447248 -7.66793e-4 -0.1042578 0.01440197 -3.94871e-4 -0.1019531 0.02489781 0 -0.1019122 0.02490305 -3.27706e-4 -0.101795 0.02491813 -6.34383e-4 -0.1016131 0.0249415 -9.08483e-4 -0.1013807 0.02497136 -0.001141846 -0.1011133 0.02500575 -0.001330077 -0.1008196 0.02504348 -0.00147432 -0.1003959 0.0250979 -0.001600503 -0.09990507 0.02516102 -0.001649975 -0.09941369 0.02522414 -0.001604318 -0.09893816 0.02528524 -0.001460969 -0.09851282 0.0253399 -0.001222312 -0.09818285 0.02538233 -9.15792e-4 -0.09798777 0.02540743 -6.19535e-4 -0.09787601 0.02542173 -3.18924e-4 -0.1042162 0.01437801 0 -0.1040332 0.013695 0 -0.1040873 0.01372623 -5.14529e-4 -0.1042465 0.01381808 -9.99155e-4 -0.1045015 0.0139653 -0.001425683 -0.1048374 0.01415932 -0.001769363 -0.1052349 0.01438879 -0.002010226 -0.1056707 0.01464039 -0.002134323 -0.1061196 0.01489955 -0.002134323 -0.1065554 0.0151512 -0.002010226 -0.1069529 0.01538062 -0.001769363 -0.1072888 0.01557463 -0.001425683 -0.1075438 0.01572185 -9.99155e-4 -0.107703 0.01581376 -5.14529e-4 -0.1077571 0.015845 0 -0.1070741 0.01602798 0 -0.1070326 0.01600402 -3.94871e-4 -0.1069104 0.01593351 -7.66793e-4 -0.1067147 0.0158205 -0.001094102 -0.1064569 0.01567167 -0.001357913 -0.1061519 0.01549553 -0.001542747 -0.1058174 0.01530241 -0.001637935 -0.1054729 0.01510351 -0.001637935 -0.1051384 0.01491045 -0.001542747 -0.1048334 0.01473432 -0.001357913 -0.1045756 0.01458549 -0.001094102 -0.1043799 0.01447248 -7.66793e-4 -0.1042578 0.01440197 -3.94871e-4</float_array>
          <technique_common>
            <accessor source="#_204_MECA_025_SPEC_stp-mesh-positions-array" count="3135" stride="3">
              <param name="X" type="float"/>
              <param name="Y" type="float"/>
              <param name="Z" type="float"/>
            </accessor>
          </technique_common>
        </source>
        <source id="_204_MECA_025_SPEC_stp-mesh-normals">
          <float_array id="_204_MECA_025_SPEC_stp-mesh-normals-array" count="8649">-2.08244e-6 -2.58014e-5 1 8.13134e-6 -2.21217e-5 1 0.02836304 -0.2207041 0.9749283 0.02836358 -0.220708 0.9749274 0.05530387 -0.4303433 0.9009696 0.05530464 -0.4303466 0.900968 0.07947188 -0.6184041 0.7818316 0.07947212 -0.6184034 0.7818321 0.09965491 -0.7754532 0.6234912 0.09965455 -0.7754532 0.6234914 0.1148408 -0.8936203 0.433883 0.1148402 -0.8936193 0.4338852 0.1242678 -0.9669768 0.222516 0.1242676 -0.9669755 0.2225222 0.1274688 -0.9918427 1.98185e-5 0.1274582 -0.9918439 2.50488e-5 8.25245e-6 -2.32011e-5 -1 -2.27672e-6 -2.48106e-5 -1 0.02836316 -0.2207061 -0.9749279 0.0283634 -0.2207055 -0.974928 0.05530393 -0.4303433 -0.9009695 0.05530476 -0.4303474 -0.9009677 0.07947206 -0.6184049 -0.7818311 0.07947224 -0.6184059 -0.7818301 0.09965503 -0.7754553 -0.6234886 0.09965473 -0.7754527 -0.6234917 0.1148408 -0.8936209 -0.4338818 0.1148404 -0.8936192 -0.4338852 0.1242678 -0.9669768 -0.2225159 0.1242675 -0.9669755 -0.2225218 0.1274582 -0.9918439 -1.94162e-5 0.1274687 -0.9918426 -2.49073e-5 0.2234678 -0.8571671 -0.4640333 -1.53482e-5 -0.8571723 -0.5150297 3.3289e-5 -0.8571739 -0.5150273 0.4026734 -0.8571673 -0.3211207 0.22345 -0.8571789 -0.4640201 0.12324 -0.8571796 -0.5000551 0.2393727 -0.8571721 -0.4560229 0.3415374 -0.8571654 -0.3855123 0.5021249 -0.8571676 -0.1146054 0.4026548 -0.8571822 -0.3211041 0.4238675 -0.8571667 -0.2925776 0.4815557 -0.8571734 -0.1826421 0.5021191 -0.857158 0.1147019 0.1553641 -0.4328334 0.8879849 0.5021151 -0.8571736 -0.1146039 0.5112859 -0.8571653 -0.06208479 0.5112895 -0.8571626 0.06209135 0.402673 -0.8571671 0.3211215 0.5020971 -0.857185 0.1145972 0.4815557 -0.8571733 0.1826424 0.2234144 -0.857181 0.4640334 0.4026554 -0.8571819 0.3211041 0.4238677 -0.8571666 0.2925776 0.3415376 -0.8571653 0.3855122 0.2234657 -0.8571687 0.4640313 0.2393727 -0.8571721 0.4560228 0.1232392 -0.8571793 0.5000557 1.09226e-5 -0.8571673 0.5150383 -0.4026731 -0.8571676 0.3211205 -2.05189e-5 -0.8571554 0.515058 -0.2234826 -0.857155 0.4640482 -0.2234582 -0.8571726 0.4640274 -8.74803e-6 -0.8571713 0.5150315 -0.1232401 -0.8571797 0.500055 -0.2393726 -0.8571721 0.4560229 -0.3415368 -0.8571659 0.3855118 -0.5021249 -0.8571676 0.1146054 -0.4026841 -0.8571585 0.3211309 -0.4238677 -0.8571667 0.2925772 -0.4815559 -0.8571732 0.1826418 -0.5021298 -0.8571771 -0.1145126 -0.2291288 -0.6378115 0.7353207 -0.5021151 -0.8571736 0.1146039 -0.5112858 -0.8571653 0.06208521 -0.5112898 -0.8571624 -0.06209135 -0.4026724 -0.8571676 -0.3211214 -0.5020973 -0.8571848 -0.1145973 -0.481556 -0.8571731 -0.1826421 -0.2234441 -0.857172 -0.4640353 -0.4026833 -0.8571581 -0.3211326 -0.4238679 -0.8571666 -0.2925772 -0.3415367 -0.8571656 -0.3855124 -0.2234656 -0.8571687 -0.4640313 -0.2393727 -0.857172 -0.4560229 -0.1232393 -0.8571795 -0.5000556 -1.08778e-5 -0.8571674 -0.5150379 -1 -3.11879e-5 -2.23666e-5 -0.9707043 -0.2402775 -4.19542e-5 -0.9749284 -5.3905e-5 -0.2225189 0.007929921 -0.2223446 -0.9749359 0.0283305 -0.2207009 -0.9749301 9.79751e-6 -4.77433e-5 -1 5.93858e-6 -3.02419e-5 -1 5.91669e-6 -2.52798e-5 -1 0.01546376 -0.4336075 -0.9009692 0.05531394 -0.4303448 -0.9009683 -0.01252686 -0.222114 -0.9749403 0.0222212 -0.6230831 -0.7818401 0.07945168 -0.6184051 -0.7818329 -0.02557623 -0.2210198 -0.9749339 8.74698e-6 -8.31485e-6 -1 -0.02449673 -0.433185 -0.900972 0.02786529 -0.7813397 -0.6234838 0.09964638 -0.7754549 -0.6234905 -0.04972589 -0.4310229 -0.9009699 -0.03519153 -0.6224882 -0.7818377 -0.04776138 -0.2172959 -0.9749367 0.03211194 -0.9004138 -0.4338477 0.1148257 -0.8936211 -0.4338854 -0.07144731 -0.6193822 -0.7818318 -0.04415076 -0.7805821 -0.6234921 -0.0931304 -0.4237456 -0.9009808 0.0347442 -0.9743043 -0.22254 0.1274486 -0.9918453 -2.68889e-5 0.1242374 -0.9669796 -0.2225213 -0.1145909 -0.9934128 -2.28435e-5 -0.08957332 -0.7766859 -0.6234868 -0.05088567 -0.8995305 -0.4338845 -0.1338014 -0.6089605 -0.781834 -0.07786375 -0.2084137 -0.9749364 -4.63054e-6 -1.84551e-5 -1 -0.1032414 -0.8950344 -0.4338834 -0.05505913 -0.9733694 -0.222532 -0.1677739 -0.7636175 -0.6234905 -0.1518328 -0.4064496 -0.9009693 -0.1117244 -0.9685053 -0.2225205 -0.1933276 -0.8799839 -0.4338811 -0.2181848 -0.5840647 -0.7818337 -0.1135701 -0.1913363 -0.974932 -5.7742e-6 -2.7217e-5 -1 -0.2092096 -0.9522148 -0.2225273 -0.34994 -0.9367722 -4.12166e-5 -0.2735997 -0.7323926 -0.6234937 -0.1256928 -0.1836147 -0.9749293 -1.68681e-5 -2.563e-5 -1 -0.22147 -0.3730905 -0.9009742 -0.3153021 -0.8439933 -0.4338892 -0.2450469 -0.3580614 -0.9009684 -0.3183156 -0.5361121 -0.7818306 -0.3411653 -0.9132856 -0.2225214 -0.1448643 -0.1688656 -0.9749354 -0.3521165 -0.5145496 -0.7818266 -0.3991453 -0.6722691 -0.623488 -0.2824892 -0.3293042 -0.9009764 -0.4415822 -0.6451812 -0.6234955 -0.4599687 -0.7747081 -0.4338852 -0.4059404 -0.4732284 -0.781836 -0.1660851 -0.1480823 -0.9749295 -1.00136e-5 -9.79379e-6 -1 -0.5088445 -0.7435204 -0.4338833 -0.4976912 -0.8383193 -0.2225409 -0.5647733 -0.8252461 -1.44541e-5 -0.173865 -0.1388587 -0.9749304 -3.12477e-5 -1.67675e-5 -1 -0.5090258 -0.593429 -0.6234861 -0.3238958 -0.2886923 -0.9009707 -0.5506243 -0.8045474 -0.2225227 -0.3390104 -0.2707846 -0.9009704 -0.5866082 -0.6838364 -0.433888 -0.4654552 -0.414839 -0.7818313 -0.487143 -0.3891442 -0.7818302 -0.6347509 -0.7399756 -0.2225478 -0.7465207 -0.6653622 -3.37362e-5 -0.583658 -0.5201951 -0.6234906 -0.1951879 -0.1068237 -0.974931 -4.34071e-5 -1.83666e-5 -1 -0.610878 -0.4879413 -0.6234914 -0.672604 -0.5994587 -0.4338814 -0.3806005 -0.2082878 -0.9009769 -0.7039636 -0.5622988 -0.4338842 -0.7277837 -0.6487021 -0.2225232 -0.5469238 -0.2993648 -0.7818281 -0.761755 -0.6084462 -0.2225372 -0.8845311 -0.4664814 -4.20585e-5 -0.6858255 -0.3753694 -0.6234913 -0.2155758 -0.05513817 -0.9749292 -3.89851e-5 -1.08685e-6 -1 -0.222512 -2.96924e-5 -0.97493 -0.7903337 -0.4325701 -0.4338845 -0.4203326 -0.1075053 -0.9009791 -0.4338808 -2.68854e-5 -0.9009703 -0.8552221 -0.4680575 -0.2225251 -0.604025 -0.154487 -0.7818488 -0.6234856 -2.148e-5 -0.7818349 -0.7574416 -0.193726 -0.6235001 -0.7818289 -4.86225e-5 -0.6234931 -0.9009683 -2.77609e-5 -0.4338851 -0.8728746 -0.2232489 -0.4338778 -0.9445195 -0.2415893 -0.2225257 -4.67002e-5 1.25822e-6 1 -0.2225202 -3.10503e-6 0.9749281 -4.45545e-5 1.64332e-6 1 0.1274299 -0.9918476 1.2286e-5 -0.1145883 -0.9934131 3.79011e-5 0.1242254 -0.9669802 0.2225252 -0.2215435 -0.02047574 0.9749356 -2.6308e-5 2.78652e-6 1 -0.4320396 -0.03993111 0.9009703 -0.4338843 9.66899e-6 0.9009686 -0.218739 -0.04077124 0.9749312 -0.6208323 -0.05738013 0.7818406 -0.6234878 -1.99676e-5 0.7818331 -0.2159824 -0.05349838 0.9749305 -8.3968e-6 7.30157e-6 1 -0.4265302 -0.07951301 0.9009716 -0.7785192 -0.0719543 0.6234825 -0.78183 -9.42498e-6 0.6234917 -0.4211674 -0.1042608 0.9009704 -0.6129246 -0.1142467 0.7818384 -0.2094352 -0.07506924 0.9749367 -0.8971215 -0.0829159 0.4339332 -0.9009679 -1.80304e-5 0.4338858 -0.6052235 -0.1498134 0.7818315 -0.7685877 -0.1432849 0.6234923 -0.4084598 -0.1463595 0.900966 -0.9707847 -0.0897336 0.2225423 -0.9707037 -0.2402801 2.72393e-5 -1 -1.20625e-5 3.09247e-5 -0.9749277 -3.00929e-5 0.2225218 -0.7589313 -0.1878461 0.623488 -0.8857043 -0.1651496 0.4338819 -0.5869389 -0.2103289 0.7818341 -0.1967893 -0.1037936 0.9749364 -1.77994e-5 -6.85826e-6 1 -0.8745726 -0.2164898 0.4338836 -0.9584122 -0.1786795 0.2225306 -0.7360039 -0.263739 0.6234903 -0.3837808 -0.2024025 0.9009692 -0.9463582 -0.234286 0.2225227 -0.8481615 -0.3039213 0.4338825 -0.5514903 -0.2908525 0.7818334 -0.1752988 -0.1370308 0.9749323 -2.55555e-5 -8.89599e-6 1 -0.9177855 -0.3288757 0.2225099 -0.8845266 -0.4664898 4.97252e-5 -0.6915614 -0.3647049 0.6234847 -0.1660537 -0.1481011 0.9749319 -2.29403e-5 -1.98409e-5 1 -0.3418002 -0.2672644 0.9009675 -0.7969319 -0.4202911 0.4338838 -0.323902 -0.2886893 0.9009696 -0.4911671 -0.3840549 0.7818292 -0.8623501 -0.454793 0.2225211 -0.1490646 -0.1652307 0.9749249 -0.4654661 -0.414834 0.7818274 -0.6159033 -0.4815856 0.623489 -0.290615 -0.3221596 0.9009752 -0.5836505 -0.5202036 0.6234905 -0.7097685 -0.5549548 0.4338824 -0.4176232 -0.4629488 0.7818372 -0.1257049 -0.1836047 0.9749296 -9.54792e-6 -1.16378e-5 1 -0.6725922 -0.5994694 0.4338851 -0.7680369 -0.600499 0.222532 -0.7465264 -0.6653559 1.89692e-5 -0.1155651 -0.1901469 0.9749302 -1.21407e-5 -3.4146e-5 1 -0.5236918 -0.5805199 0.623493 -0.2450528 -0.3580518 0.9009706 -0.7277868 -0.6486983 0.2225242 -0.2253631 -0.3707604 0.9009708 -0.6034847 -0.6689887 0.4338898 -0.3521501 -0.5145131 0.7818354 -0.3238649 -0.5327768 0.7818316 -0.6530337 -0.7238935 0.2225427 -0.5647813 -0.8252407 3.03686e-5 -0.4415623 -0.6452012 0.6234889 -0.08107423 -0.2072129 0.9749307 -1.27354e-5 -4.4249e-5 1 -0.4060993 -0.6680867 0.623493 -0.5088383 -0.7435255 0.433882 -0.1580768 -0.4040452 0.9009768 -0.4679957 -0.7698846 0.4338868 -0.5506421 -0.8045355 0.2225223 -0.2272061 -0.5806227 0.7818279 -0.5063868 -0.8330968 0.2225358 -0.3499308 -0.9367756 4.17829e-5 -0.2848894 -0.7280765 0.6234924 -0.02720886 -0.2208458 0.9749292 3.98234e-6 -3.83955e-5 1 0.02833288 -0.2207004 0.9749301 -0.3283101 -0.8390212 0.4338849 -0.05305165 -0.4306078 0.9009786 0.05527734 -0.4303411 0.9009723 -0.3552343 -0.9079048 0.2225257 -0.0762369 -0.6187897 0.7818486 0.07945042 -0.6184039 0.781834 -0.09560257 -0.775977 0.623474 0.09962451 -0.7754521 0.6234974 -0.1101673 -0.8942015 0.4338976 0.1148162 -0.8936205 0.433889 -0.1193592 -0.9675828 0.222569 -2.03776e-5 0 1 0 0 1 8.35525e-6 0 1 2.13478e-6 0 1 -7.21157e-7 0 1 3.35478e-7 0 1 -2.10206e-6 0 1 -7.16467e-7 0 1 0 0 1 0 0 1 0 0 1 0 0 1 -6.82263e-7 0 1 4.0252e-6 0 1 1.03178e-6 0 1 -1.39963e-6 0 1 4.02518e-6 0 1 -5.36515e-7 0 1 -2.26742e-7 0 1 2.76495e-7 0 1 -3.79711e-7 0 1 0 0 1 0 0 1 6.43116e-7 0 1 -4.79556e-7 0 1 3.19002e-6 0 1 -1.595e-6 0 1 2.71131e-7 0 1 -2.16905e-6 0 1 0 0 1 0.3500761 -0.9367213 9.56655e-6 0.1274981 -0.9918388 4.70834e-5 0.1243099 -0.96697 0.222522 0.1927028 -0.1112666 0.9749284 1.35452e-5 -2.57343e-5 1 3.26964e-5 -3.0946e-5 1 0.8660099 -0.5000268 2.89679e-5 0.7293384 -0.6841533 4.6432e-5 0.8443055 -0.4874775 0.2225171 0.07788902 -0.2084096 0.9749354 0.02839255 -0.2206926 0.9749301 1.00192e-5 -4.27738e-5 1 1.49012e-6 -2.85432e-5 1 0.1518931 -0.4064228 0.9009712 0.05529755 -0.4303433 0.90097 0.2182685 -0.5840267 0.7818388 0.0795111 -0.6183919 0.7818372 0.2737007 -0.7323462 0.6235038 0.09967815 -0.7754467 0.6234957 0.1233231 -0.1851836 0.9749352 8.13603e-6 -2.72021e-5 1 0.3154061 -0.8439383 0.4339209 0.114849 -0.8936183 0.4338849 0.2404947 -0.3611328 0.9009692 0.341305 -0.9132369 0.2225072 0.3455878 -0.5189427 0.7818361 0.4333536 -0.6507331 0.6234993 0.1622707 -0.1522175 0.974935 0.3757562 -0.2169361 0.9009696 0.4993879 -0.7498912 0.4339066 0.3164471 -0.2968437 0.900969 0.5399544 -0.3117486 0.7818326 0.5403747 -0.8114392 0.2226245 0.5542865 -0.8323259 3.83928e-5 0.4547279 -0.4265579 0.7818381 0.6770616 -0.3909496 0.6234952 0.5702192 -0.5348955 0.6234878 0.7802509 -0.4505029 0.4338846 0.65711 -0.616404 0.4338809 0.7110394 -0.6669927 0.2225845 0.1274634 -0.9918433 0 0.1274634 -0.9918434 0 3.25665e-5 -1.80677e-5 -1 0.1927152 -0.1112554 -0.9749273 2.27615e-5 -7.16001e-6 -1 0.1275159 -0.9918366 -3.1881e-5 0.3500663 -0.936725 -4.84511e-5 0.1243049 -0.9669721 -0.2225163 0.1689509 -0.1447892 -0.9749317 0.3757473 -0.2169511 -0.9009696 6.00517e-6 -2.99513e-6 -1 0.3294466 -0.2823311 -0.900974 0.5399491 -0.3117532 -0.7818345 0.4733983 -0.4056961 -0.7818597 0.6770856 -0.3909124 -0.6234923 0.1394581 -0.1733899 -0.9749295 0.5936376 -0.5087382 -0.6235222 0.7802524 -0.4504968 -0.4338881 0.2719256 -0.3380966 -0.9009702 0.1233576 -0.1851577 -0.9749357 1.67266e-5 -9.16421e-6 -1 0.6841048 -0.5862677 -0.433925 0.844291 -0.4875 -0.2225228 0.3907411 -0.485863 -0.7818304 0.1111495 -0.1927733 -0.9749279 2.20705e-5 -3.66643e-5 -1 0.2405001 -0.3611169 -0.9009742 0.7402802 -0.6344038 -0.2225243 0.8660085 -0.5000293 -4.49755e-5 0.7293316 -0.6841604 -2.3976e-5 0.4899802 -0.6092452 -0.6234899 0.2167189 -0.3758814 -0.9009696 0.3456071 -0.5189225 -0.7818409 0.5646391 -0.7020896 -0.4338813 0.311434 -0.5401376 -0.7818313 0.08018767 -0.2075569 -0.9749308 1.13826e-5 -1.94032e-5 -1 0.02837425 -0.2207023 -0.9749284 0.433362 -0.6507346 -0.6234917 0.6110115 -0.7596996 -0.2225348 0.5542878 -0.8323251 -3.44813e-5 0.3905085 -0.6773181 -0.6234929 0.1563799 -0.4047239 -0.9009684 0.05533927 -0.4303333 -0.9009723 0.499407 -0.74989 -0.4338867 0.4500449 -0.7805152 -0.4338843 0.2246862 -0.5815876 -0.7818389 0.07946789 -0.6184028 -0.781833 0.5404037 -0.8114477 -0.2225232 0.4869574 -0.8446024 -0.2225297 0.2817702 -0.7292892 -0.6234925 0.09967362 -0.7754463 -0.6234968 0.324728 -0.8404152 -0.4338825 0.1148635 -0.8936133 -0.4338915 0.3513538 -0.9094143 -0.2225222 -1.59498e-6 0 -1 0 0 -1 3.19002e-6 0 -1 -3.01108e-7 0 -1 0 0 -1 -4.33348e-7 0 -1 0 0 -1 1.04163e-6 0 -1 1.36453e-6 0 -1 2.01257e-6 0 -1 -1.14864e-6 0 -1 1.20928e-6 0 -1 0 0 -1 0 0 -1 0 0 -1 -2.10206e-6 0 -1 -5.3735e-7 0 -1 4.47303e-7 0 -1 0 0 -1 -1.23754e-5 1.99229e-5 1 -3.37977e-6 8.03771e-6 1 -1.42436e-5 0.2079155 0.9781469 -0.04626518 0.2027038 0.9781467 -0.09050422 0.3965238 0.9135524 -2.72319e-6 0.4067375 0.9135451 -0.1307974 0.5730646 0.809005 -1.07586e-5 0.5877891 0.8090143 -0.1653661 0.7245164 0.6691264 -1.53482e-5 0.8660198 0.5000098 -0.1927074 0.8442941 0.5000316 -2.53543e-5 0.7431497 0.6691252 -0.09021025 0.1873236 0.9781472 -2.09324e-5 2.55182e-5 1 -0.1764873 0.3664811 0.9135337 -0.2550372 0.5295914 0.809005 -0.32244 0.6695538 0.6691265 -0.3757483 0.7802447 0.5000318 -0.1296374 0.1625605 0.9781454 -2.66209e-5 2.03177e-5 1 -0.2536134 0.3180219 0.9135329 -0.3664875 0.45956 0.8090066 -0.4633668 0.5810443 0.6690881 -0.5399498 0.6770703 0.5000301 -0.1625488 0.1296281 0.9781485 -3.01376e-5 1.39028e-5 1 -0.3179868 0.2535861 0.9135527 -0.4595629 0.3664894 0.809004 -0.581013 0.4633429 0.6691318 -0.677075 0.5399446 0.5000294 -0.1873228 0.09021162 0.9781473 -3.10615e-5 6.95884e-6 1 -0.3664423 0.1764703 0.9135526 -0.5295921 0.2550368 0.8090047 -0.6695577 0.3224405 0.6691223 -0.7802467 0.3757396 0.5000349 -0.8442947 0.1927044 0.5000314 -0.2027054 0.04626703 0.9781462 -1.65626e-5 -3.86685e-6 1 -8.73953e-6 3.69549e-6 1 -0.2079125 9.51998e-6 0.9781475 -0.3965274 0.09050559 0.9135507 -0.4067372 2.58163e-6 0.9135453 -0.5730659 0.1307995 0.8090037 -0.5877889 1.05798e-5 0.8090145 -0.7245201 0.1653671 0.6691222 -0.8660171 1.0483e-5 0.5000146 -0.7431491 2.50563e-5 0.6691259 -0.8660142 0 0.5000194 -0.7431455 0 0.6691298 -0.8660143 0 0.5000193 -0.7431449 0 0.6691305 -0.5877856 0 0.8090167 -0.5877857 0 0.8090168 -0.4067363 0 0.9135456 -0.4067364 0 0.9135457 -0.2079095 0 0.9781481 -0.2079123 0 0.9781476 -2.37077e-5 0 1 -1.83731e-5 0 1 0.1103779 -0.8589484 0.5000247 0.09471696 -0.7370846 0.6691302 0.07369941 -0.8628802 0.5000063 -0.2026958 -0.04626494 0.9781482 -2.72393e-5 -7.36676e-6 1 -1.50334e-5 -7.00727e-6 1 -0.2079135 -9.59076e-6 0.9781473 -0.3965656 -0.09051376 0.9135333 -0.4067373 -2.52575e-6 0.9135452 -0.5730643 -0.1307979 0.8090052 -0.5877894 -1.06096e-5 0.809014 -0.7245171 -0.1653665 0.6691254 -0.8660207 -1.97706e-5 0.5000082 -0.8442957 -0.1927074 0.5000287 -0.7431495 -2.50563e-5 0.6691256 -0.1873318 -0.09021335 0.9781454 -1.80304e-5 -1.85817e-5 1 -0.3664807 -0.1764867 0.913534 -0.5295909 -0.255037 0.8090054 -0.6695539 -0.3224399 0.6691264 -0.7802444 -0.3757486 0.5000317 -0.1625434 -0.1296647 0.9781445 -3.17246e-5 -3.67463e-5 1 -0.3179981 -0.253598 0.9135454 -0.4595623 -0.3664886 0.8090049 -0.5810399 -0.4633635 0.6690942 -0.6770687 -0.5399484 0.5000339 -0.1296284 -0.1625496 0.9781484 -2.18302e-6 -1.75834e-5 1 -0.2536092 -0.3179816 0.9135481 -0.1174281 -0.1715611 0.9781501 -0.3664927 -0.4595385 0.8090164 -0.2297027 -0.3356756 0.9135418 -0.4633471 -0.5810114 0.6691303 -0.5399584 -0.6770649 0.5000282 -0.331965 -0.4850693 0.8090161 -0.0901919 -0.1873252 0.9781487 -5.90458e-6 -2.53618e-5 1 -0.4197106 -0.6132653 0.6691403 -0.3757539 -0.7802602 0.5000033 -0.1764966 -0.3664582 0.9135411 -0.0727567 -0.1947639 0.9781481 -0.2550492 -0.5295728 0.8090134 -0.1423192 -0.3810408 0.9135388 -0.3224555 -0.6695449 0.6691279 -0.2057035 -0.5506079 0.8090223 -0.04630637 -0.2027115 0.9781431 1.25356e-6 -2.71425e-5 1 -0.2600563 -0.6961556 0.6691324 -0.1927036 -0.8442983 0.5000259 -0.09050726 -0.3965388 0.9135456 -0.02382606 -0.2065518 0.9781455 -0.1308081 -0.5730541 0.8090107 -0.04661005 -0.4040568 0.9135457 -0.1653577 -0.7245113 0.669134 -1.05866e-5 -0.2079095 0.9781482 4.23152e-6 -3.41907e-5 1 -0.06735026 -0.5839467 0.8089933 9.2187e-6 -0.4067289 0.913549 -0.08515858 -0.7382693 0.6691088 -7.11705e-6 -0.8660023 0.5000401 0.0176751 -0.2071644 0.9781465 0.02649474 -0.2062184 0.9781473 -1.18767e-5 -0.5877913 0.8090127 0.03460758 -0.4052648 0.9135441 0.05183172 -0.4034228 0.9135446 4.12948e-6 -0.7431454 0.66913 0.0368818 -0.8652322 0.5000131 0.05001175 -0.5856565 0.8090151 0.07489508 -0.5829967 0.8090153 0.06323087 -0.7404488 0.6691319 0.110387 -0.8589503 0.5000193 0.09472399 -0.7370858 0.6691278 0.1103854 -0.8589528 0.5000153 0.09472399 -0.7370845 0.6691291 0.07492107 -0.5829902 0.8090175 0.07492184 -0.5829966 0.8090129 0.05184328 -0.4034132 0.9135482 0.05184471 -0.4034234 0.9135435 0.02650058 -0.206212 0.9781484 0.02650129 -0.206216 0.9781476 2.65241e-6 -2.12342e-5 1 4.07361e-6 -2.32533e-5 1 0.1800565 -0.1039551 0.9781478 3.03462e-5 -2.47136e-5 1 3.618e-5 -2.3514e-5 1 0.7499833 -0.4330204 0.5000185 0.643576 -0.3715842 0.6691302 0.6316088 -0.5924785 0.5000396 0.07278627 -0.1947601 0.9781466 2.21655e-5 -3.76105e-5 1 1.43312e-5 -3.91124e-5 1 0.02652543 -0.2062191 0.9781462 0.1423965 -0.3810141 0.9135379 0.05185002 -0.4034209 0.9135444 0.2057816 -0.5506156 0.8089971 0.07491904 -0.5829939 0.8090151 0.2601608 -0.6961169 0.6691319 0.1104108 -0.8589471 0.5000195 0.3031778 -0.8112052 0.5000295 0.09474241 -0.7370857 0.6691252 0.1152432 -0.173053 0.978147 3.03835e-5 -3.30433e-5 1 0.2254594 -0.3385552 0.9135363 0.3257986 -0.4892255 0.8090202 0.4119127 -0.6185362 0.6691345 0.4800148 -0.7207996 0.5000337 0.1516482 -0.1422508 0.978145 0.296635 -0.278259 0.9135534 0.3522436 -0.2033784 0.9135435 0.4286936 -0.4021384 0.8090158 0.5090371 -0.2938931 0.8090169 0.5420026 -0.5084276 0.6691299 0.6435844 -0.3715732 0.6691282 0.749994 -0.4330106 0.5000108 0.7499907 -0.4330052 0.5000205 0.6435822 -0.3715738 0.66913 0.509038 -0.2938931 0.8090162 0.5090352 -0.2938932 0.8090179 0.3522462 -0.2033671 0.913545 0.3522455 -0.2033693 0.9135448 0.1800598 -0.1039559 0.978147 0.1800529 -0.1039543 0.9781485 1.86563e-5 -1.06655e-5 1 1.49012e-5 -1.08071e-5 1 0.2079079 7.54558e-6 0.9781485 3.38256e-5 -3.64427e-6 1 3.55318e-5 3.39746e-6 1 0.8137955 -0.2961916 0.5000075 0.6435915 -0.3715631 0.669127 0.7499994 -0.4329727 0.5000357 0.1953755 -0.07111108 0.9781472 3.62517e-5 -1.2246e-5 1 0.1800687 -0.1039447 0.9781466 3.62098e-5 -5.4054e-6 1 0.2047398 -0.03610038 0.9781506 0.3822132 -0.1391146 0.9135427 0.3522472 -0.2033634 0.9135454 0.4005691 -0.07063126 0.9135401 0.4067389 -1.86041e-5 0.9135445 0.5523465 -0.2010378 0.80901 0.5090593 -0.2938634 0.8090136 0.5788637 -0.1020693 0.8090111 0.58779 -3.53381e-5 0.8090137 0.6983376 -0.2541742 0.669119 0.7318559 -0.1290459 0.6691293 0.8528521 -0.1503733 0.5000312 0.8660102 -2.01464e-5 0.5000264 0.7431463 -4.97699e-6 0.6691291 1.24425e-6 6.31157e-6 1 8.19268e-6 5.55534e-6 1 0.207917 2.57157e-5 0.9781466 0.8443033 0.1927046 0.5000169 0.7431398 3.80427e-5 0.6691362 0.8660078 3.73917e-5 0.5000305 2.32458e-5 0.2079163 0.9781466 -5.52274e-7 1.30609e-5 1 -6.13183e-6 6.16908e-6 1 6.12438e-6 0.8660181 0.5000128 1.70544e-5 0.7431418 0.6691339 0.192698 0.8443043 0.5000178 0.1977373 0.06425005 0.9781472 2.71425e-5 1.61715e-5 1 0.3868373 0.1256922 0.9135417 0.4067397 2.83197e-5 0.9135442 0.1682223 0.1222229 0.9781426 2.43634e-5 2.10479e-5 1 0.5590049 0.1816321 0.8090262 0.5877879 1.81422e-5 0.8090151 0.3290644 0.2390793 0.9135413 0.7067446 0.2296344 0.6691638 0.7802407 0.3757536 0.5000336 0.1222066 0.1682039 0.9781478 2.6077e-6 4.93973e-6 1 6.59376e-6 3.33562e-5 1 0.4755282 0.3454931 0.8090163 0.2390825 0.3290667 0.9135397 0.6011781 0.4368102 0.669165 0.6770626 0.5399514 0.5000388 0.0642448 0.1977283 0.9781493 0.345492 0.47553 0.8090158 0.1256929 0.3868403 0.9135403 1.94162e-5 0.4067429 0.9135426 0.4368094 0.6012196 0.6691282 0.5399643 0.6770766 0.5000061 0.3757435 0.7802507 0.5000256 0.1816433 0.5590385 0.8090004 8.91089e-6 0.5877919 0.8090122 0.2296426 0.7067674 0.6691369 -1.25975e-4 0.866001 0.5000425 5.51854e-5 0.7431687 0.6691042 0 0.8660146 0.5000188 -1.76161e-4 0.7241485 0.6896441 1.49507e-4 0.5878053 0.8090025 -4.78285e-6 0.5413331 0.8408083 2.07049e-4 0.4067472 0.9135408 -5.0028e-7 0.3334196 0.9427785 1.9301e-4 0.2078905 0.9781521 -7.58424e-7 0.1646292 0.9863556 1.58107e-4 2.15918e-5 1 0 3.14191e-5 1 0 0.8660142 0.5000194 0 0.7431447 0.6691308 0 0.8660143 0.5000193 0 0.7431452 0.6691302 0 0.5877869 0.8090158 0 0.5877836 0.8090182 0 0.4067382 0.9135449 0 0.4067348 0.9135463 0 0.2079125 0.9781475 0 0.2079102 0.978148 0 2.18973e-5 1 0 2.1629e-5 1 0.2393145 0 -0.9709421 2.51234e-5 0 -1 2.5861e-5 0 -1 0.2393162 0 -0.9709417 0.4647224 0 -0.8854565 0.4647244 0 -0.8854553 0.6631218 0 -0.7485116 0.6631235 0 -0.7485101 0.8229831 0 -0.5680659 0.8229842 0 -0.5680642 0.9350165 0 -0.3546043 0.9350165 0 -0.3546043 0.9927091 0 -0.120536 0.992709 0 -0.120536 0.9927091 0 0.120536 0.992709 0 0.120536 0.9350169 0 0.3546033 0.9350162 0 0.3546053 0.8229836 0 0.5680651 0.8229837 0 0.5680651 0.6631225 0 0.7485109 0.6631227 0 0.7485108 0.4647235 0 0.8854559 0.4647234 0 0.885456 0.2393155 0 0.970942 0.2393152 0 0.970942 2.51234e-5 0 1 2.5861e-5 0 1 -0.2393145 0 0.9709421 -2.51234e-5 0 1 -2.5861e-5 0 1 -0.2393162 0 0.9709417 -0.4647235 0 0.8854559 -0.4647234 0 0.885456 -0.6631225 0 0.7485109 -0.6631227 0 0.7485108 -0.8229837 0 0.5680651 -0.8229837 0 0.5680651 -0.9350162 0 0.3546053 -0.9350169 0 0.3546033 -0.9927091 0 0.120536 -0.992709 0 0.120536 -0.9927091 0 -0.1205349 -0.9927089 0 -0.1205371 -0.9350169 0 -0.3546033 -0.9350162 0 -0.3546053 -0.8229837 0 -0.5680651 -0.8229837 0 -0.5680651 -0.6631225 0 -0.7485109 -0.6631227 0 -0.7485108 -0.4647244 0 -0.8854553 -0.4647224 0 -0.8854565 -0.2393162 0 -0.9709417 -0.2393145 0 -0.9709421 -2.51234e-5 0 -1 -2.5861e-5 0 -1 9.82331e-5 0.8660205 -0.5000087 -4.32946e-5 0.7591236 -0.6509466 0 0.8660066 -0.5000327 1.34259e-4 0.7431601 -0.6691138 -3.16213e-7 0.6256841 -0.7800766 1.65437e-4 0.587784 -0.809018 0 0.4473739 -0.894347 1.34828e-4 0.406721 -0.9135525 -2.74726e-6 0.2342358 -0.9721799 5.38793e-5 0.2078773 -0.9781549 -1.22425e-4 4.25503e-5 -1 0 2.16439e-5 -1 8.25897e-6 2.89083e-6 -1 6.63567e-6 1.20593e-5 -1 2.28696e-5 0.2079162 -0.9781467 0.1927016 0.8443033 -0.5000181 1.68458e-5 0.7431423 -0.6691334 1.47792e-5 0.8660222 -0.5000058 0.207917 2.57455e-5 -0.9781465 8.62032e-6 1.30665e-6 -1 2.19047e-6 1.83284e-6 -1 0.8660038 2.80291e-5 -0.5000375 0.7431393 3.80054e-5 -0.6691367 0.8443043 0.1927009 -0.5000167 0.06424921 0.1977386 -0.978147 2.04146e-5 2.66284e-5 -1 0.125692 0.3868408 -0.9135403 1.9379e-5 0.4067431 -0.9135426 0.1222218 0.1682215 -0.9781428 2.37264e-5 2.19345e-5 -1 0.1816422 0.5590383 -0.8090008 8.85129e-6 0.5877923 -0.8090119 0.2390788 0.3290669 -0.9135406 0.229635 0.7067458 -0.6691624 0.3757572 0.7802445 -0.5000252 0.1682068 0.1222105 -0.9781469 4.20213e-5 2.31266e-5 -1 2.98098e-5 1.20327e-5 -1 0.3455041 0.4755443 -0.8090023 0.3290683 0.2390814 -0.9135394 0.4368094 0.6012193 -0.6691285 0.5399526 0.6770671 -0.5000312 0.197728 0.06424486 -0.9781495 0.475547 0.3455051 -0.8090001 0.3868413 0.1256927 -0.91354 0.4067451 2.74703e-5 -0.9135418 0.6012125 0.4368101 -0.6691343 0.6770744 0.5399537 -0.5000205 0.7802469 0.3757396 -0.5000345 0.5590373 0.1816428 -0.8090013 0.5877879 1.81571e-5 -0.8090152 0.7067658 0.229642 -0.6691387 0.2079083 7.66106e-6 -0.9781484 3.30135e-5 -1.09728e-5 -1 3.38788e-5 -3.03052e-6 -1 0.1800446 -0.1039663 -0.9781488 3.95328e-5 -1.78032e-5 -1 3.21865e-5 -1.25989e-5 -1 0.7499929 -0.4329792 -0.5000396 0.6435917 -0.3715632 -0.6691268 0.8137933 -0.2961968 -0.500008 0.2047539 -0.03610354 -0.9781474 0.1953768 -0.07111084 -0.9781468 0.4005651 -0.07063043 -0.913542 0.406739 -1.85929e-5 -0.9135444 0.3822149 -0.1391149 -0.913542 0.3522494 -0.2033652 -0.9135442 0.5788663 -0.1020699 -0.809009 0.5877897 -3.53716e-5 -0.8090138 0.5523517 -0.2010391 -0.8090063 0.5090591 -0.2938632 -0.8090137 0.7318766 -0.1290495 -0.6691061 0.8660117 -2.43643e-5 -0.5000239 0.8528493 -0.1503801 -0.5000342 0.7431465 -4.95464e-6 -0.6691288 0.6983223 -0.254168 -0.6691372 0.7499939 -0.4330113 -0.5000104 0.6435858 -0.3715731 -0.6691269 0.7499918 -0.433005 -0.5000189 0.6435825 -0.3715739 -0.6691297 0.5090382 -0.2938929 -0.8090162 0.5090355 -0.2938928 -0.8090179 0.352245 -0.2033669 -0.9135454 0.3522456 -0.2033692 -0.9135449 0.1800599 -0.1039559 -0.978147 0.1800528 -0.1039543 -0.9781485 1.96621e-5 -1.07102e-5 -1 1.42232e-5 -1.0848e-5 -1 1.88351e-5 -2.72989e-5 -1 2.9935e-5 -2.82861e-5 -1 0.1800552 -0.1039547 -0.9781481 0.02650105 -0.2062138 -0.9781481 9.87388e-6 -4.04343e-5 -1 8.56072e-6 -4.31314e-5 -1 0.1516402 -0.1422469 -0.9781467 0.2966629 -0.2782854 -0.9135362 0.3522401 -0.2033771 -0.9135451 0.4286922 -0.402135 -0.8090182 0.5090373 -0.2938932 -0.8090167 0.5420008 -0.5084251 -0.669133 0.7499748 -0.433034 -0.5000195 0.6316077 -0.5924828 -0.500036 0.6435791 -0.3715891 -0.6691244 0.1152412 -0.1730549 -0.978147 1.83731e-5 -4.11272e-5 -1 0.2254564 -0.3385518 -0.9135383 0.3257949 -0.4892199 -0.8090251 0.4119152 -0.6185411 -0.6691284 0.4800112 -0.7208026 -0.500033 0.07279092 -0.194765 -0.9781453 0.1423842 -0.38098 -0.9135541 0.05185002 -0.4034211 -0.9135442 0.2057846 -0.5506225 -0.8089917 0.07491898 -0.5829935 -0.8090153 0.2601721 -0.6961479 -0.6690955 0.09474241 -0.7370852 -0.6691257 0.110401 -0.8589441 -0.5000267 0.3031645 -0.8112016 -0.5000431 0.09472393 -0.7370856 -0.669128 0.1103869 -0.8589497 -0.5000202 0.1103851 -0.8589507 -0.5000191 0.0947237 -0.7370829 -0.669131 0.0749213 -0.5829924 -0.8090159 0.07492148 -0.5829946 -0.8090143 0.0518434 -0.4034131 -0.9135481 0.05184477 -0.4034238 -0.9135433 0.0265007 -0.2062115 -0.9781485 0.02650129 -0.2062166 -0.9781475 2.90386e-6 -2.19271e-5 -1 3.97954e-6 -2.27094e-5 -1 0.07369697 -0.8628794 -0.5000081 0.09469211 -0.7370852 -0.669133 0.1103764 -0.8589493 -0.5000234 -0.2079107 -1.69128e-6 -0.9781478 -2.31341e-5 -1.72667e-6 -1 -3.48985e-5 -3.8743e-7 -1 -0.8660166 -1.05128e-5 -0.5000153 -0.7431488 -4.31761e-5 -0.6691262 -0.8443048 -0.1926999 -0.5000163 0.008824467 -0.2077323 -0.978146 -5.86297e-6 -4.29377e-5 -1 -5.02914e-7 -4.75397e-5 -1 0.02650862 -0.2062125 -0.9781482 0.01730144 -0.4063777 -0.9135414 0.05183899 -0.4034205 -0.9135451 0.02503848 -0.5872507 -0.8090178 0.07489109 -0.5829988 -0.8090141 -0.02381324 -0.2065697 -0.9781421 0.03165435 -0.7424708 -0.6691301 0.03688246 -0.8652276 -0.5000209 -1.10092e-5 -0.8660023 -0.5000401 -0.04659062 -0.4040749 -0.9135386 -0.04625982 -0.2026974 -0.9781482 -1.02744e-5 -2.37599e-5 -1 -0.06734848 -0.5839183 -0.8090141 -0.09050881 -0.3965401 -0.9135448 -0.08516168 -0.738248 -0.6691319 -0.1927132 -0.8442975 -0.5000235 -0.1308093 -0.5730546 -0.8090102 -0.072757 -0.1947637 -0.9781481 -0.1653663 -0.7245132 -0.6691298 -0.1423186 -0.3810398 -0.9135394 -0.09019255 -0.1873247 -0.9781486 -1.43573e-5 -9.28342e-6 -1 -0.2056656 -0.5506423 -0.8090086 -0.1764988 -0.3664582 -0.9135407 -0.2600533 -0.6961566 -0.6691326 -0.375756 -0.7802602 -0.5000017 -0.2550307 -0.5295754 -0.8090175 -0.1174269 -0.1715679 -0.978149 -0.3224351 -0.6695505 -0.6691321 -0.2296983 -0.3356806 -0.9135411 -0.1296427 -0.1625457 -0.9781472 -2.40132e-5 -1.8537e-5 -1 -0.331963 -0.4850696 -0.8090169 -0.2535849 -0.3180025 -0.9135476 -0.4197117 -0.6132874 -0.6691193 -0.5399546 -0.6770692 -0.5000265 -0.36649 -0.4595435 -0.8090149 -0.1552051 -0.1383357 -0.9781486 -0.4633507 -0.5810095 -0.6691294 -0.3036646 -0.27062 -0.9135386 -0.4387981 -0.3910897 -0.8090149 -0.5547731 -0.4944612 -0.6691301 -0.6770711 -0.5399494 -0.5000295 -0.1839004 -0.09699034 -0.9781481 -3.30359e-5 -8.47876e-6 -1 -0.3597643 -0.1897358 -0.913548 -0.5199325 -0.2742001 -0.8090023 -0.6573449 -0.3466302 -0.6691376 -0.7802352 -0.3757393 -0.500053 -0.201817 -0.04995733 -0.9781484 -0.4067409 -1.76765e-5 -0.9135436 -0.3948155 -0.0977301 -0.9135479 -0.5877875 -2.51159e-5 -0.8090154 -0.5705668 -0.1412385 -0.8090149 -0.7213675 -0.17858 -0.6691323 -0.7431455 0 -0.6691298 -0.8660142 0 -0.5000194 -0.8660143 0 -0.5000193 -0.7431449 0 -0.6691305 -0.5877861 0 -0.8090165 -0.5877853 0 -0.8090171 -0.4067368 0 -0.9135454 -0.4067359 0 -0.9135459 -0.2079128 0 -0.9781475 -0.2079091 0 -0.9781482 -2.36854e-5 0 -1 -1.83806e-5 0 -1 -0.8442942 0.1927114 -0.5000299 -0.7431494 2.90126e-5 -0.6691256 -0.8660207 1.98754e-5 -0.5000083 -1.05351e-5 0.8660159 -0.5000168 -2.92957e-5 0.7431486 -0.6691265 -0.1927021 0.8442956 -0.5000309 -0.2027012 0.04626476 -0.9781472 -3.05995e-5 1.46134e-5 -1 -8.87117e-6 2.56486e-6 -1 -0.2079146 8.85688e-6 -0.978147 -0.3965647 0.09051358 -0.9135337 -0.4067374 2.5332e-6 -0.9135451 -0.5730645 0.1307976 -0.8090051 -0.5877889 1.05724e-5 -0.8090144 -0.7245128 0.1653648 -0.6691306 -0.1873239 0.0902099 -0.9781472 -2.5928e-5 2.08728e-5 -1 -0.3664808 0.1764868 -0.9135339 -0.529591 0.255037 -0.8090053 -0.6695545 0.3224403 -0.6691255 -0.780246 0.375749 -0.5000292 -0.1625528 0.1296315 -0.9781473 -1.81422e-5 2.59019e-5 -1 -0.3180204 0.2536129 -0.9135336 -0.4595631 0.3664869 -0.8090052 -0.5810174 0.4633454 -0.6691262 -0.6770704 0.5399492 -0.5000304 -0.1296321 0.162553 -0.9781473 -1.40965e-5 2.98172e-5 -1 -0.2536132 0.3180195 -0.9135338 -0.3664888 0.4595618 -0.809005 -0.4633459 0.581017 -0.6691262 -0.5399451 0.6770736 -0.5000306 -0.09021115 0.1873227 -0.9781474 -6.69062e-6 3.20822e-5 -1 -0.1764715 0.3664449 -0.9135513 -0.2550396 0.5295942 -0.8090023 -0.3224393 0.6695545 -0.669126 -0.3757443 0.7802473 -0.5000306 -0.04626691 0.2027055 -0.9781462 3.53903e-6 1.77547e-5 -1 6.69621e-7 8.50111e-6 -1 -9.60566e-6 0.2079148 -0.978147 -0.09050494 0.3965252 -0.9135516 -2.73064e-6 0.4067375 -0.9135451 -0.1307985 0.5730624 -0.8090063 -1.08033e-5 0.5877885 -0.8090147 -0.1653677 0.7245208 -0.6691212 0 0.8660143 -0.5000193 0 0.7431447 -0.6691309 0 0.8660141 -0.5000194 0 0.7431453 -0.6691301 0 0.5877869 -0.8090158 0 0.5877838 -0.8090182 0 0.4067382 -0.9135449 0 0.4067348 -0.9135463 0 0.2079125 -0.9781475 0 0.2079102 -0.9781479 0 2.19196e-5 -1 0 2.16067e-5 -1 -0.2225107 6.20186e-5 -0.9749304 -4.15295e-5 3.58098e-5 -1 -1.9826e-5 0.2079157 -0.9781468 -1 1.93119e-5 -1.48634e-5 -0.9749301 5.44786e-5 -0.2225115 -0.7196145 0.5753486 -0.3887531 -0.2032781 0.4067371 -0.8906419 -2.32905e-5 0.4067412 -0.9135435 -1.00285e-5 0.5877856 -0.8090168 -0.3963708 0.4067437 -0.8230735 -0.4338761 6.57141e-5 -0.9009726 -0.1488888 0.7431411 -0.65236 -3.05758e-5 0.8660033 -0.5000383 -0.1293726 0.880599 -0.4558597 -3.86462e-5 0.7431493 -0.6691257 -0.5695849 0.4067373 -0.7142393 -0.6234884 6.62506e-5 -0.7818327 -0.2903228 0.7431245 -0.6028919 -0.1972819 0.9162482 -0.3486676 -0.6937211 0.406738 -0.5944033 -0.781832 3.00258e-5 -0.6234892 -0.4171937 0.7431502 -0.5231417 -0.2954312 0.8806089 -0.3704707 -0.1874096 0.9577615 -0.2181071 -0.4385254 0.8163892 -0.3757715 -0.8037446 0.4067407 -0.4342314 -0.900974 4.92036e-5 -0.433873 -0.5081216 0.7431289 -0.4353986 -0.2225199 0 -0.9749282 -2.42069e-5 -5.37289e-6 -1 -2.42218e-5 5.34753e-6 -1 -0.2225215 0 -0.9749278 -0.4338831 0 -0.9009693 -0.4338847 0 -0.9009684 -0.623489 0 -0.7818322 -0.6234897 0 -0.7818316 -0.7818314 0 -0.6234899 -0.781832 0 -0.6234893 -0.9009691 0 -0.4338834 -0.9009696 0 -0.4338823 -0.9749277 0 -0.2225219 -0.974928 0 -0.2225208 -1 -5.34753e-6 -2.39909e-5 -1 5.37289e-6 -2.42665e-5 -1 -4.52176e-5 0 -0.9707024 -0.2402855 0 -1 -4.72367e-5 0 -0.970703 -0.2402829 0 -0.8845273 -0.4664885 0 -0.8845276 -0.466488 0 -0.7465231 -0.6653596 0 -0.7465245 -0.6653581 0 -0.5647767 -0.8252438 0 -0.5647788 -0.8252424 0 -0.349938 -0.9367729 0 -0.349938 -0.9367728 0 -0.1145951 -0.9934124 0 0.1274184 -0.9918491 0 -0.1145946 -0.9934124 0 0.1274184 -0.9918491 0 -2.42144e-5 5.37289e-6 1 -2.42069e-5 -5.34753e-6 1 -0.2225207 0 0.974928 -0.2225207 0 0.974928 -0.4338832 0 0.9009692 -0.4338847 0 0.9009686 -0.623489 0 0.7818322 -0.6234897 0 0.7818317 -0.7818314 0 0.62349 -0.7818319 0 0.6234893 -0.9009691 0 0.4338834 -0.9009696 0 0.4338822 -0.9749279 0 0.2225212 -0.9749278 0 0.2225215 -1 -5.37289e-6 2.39909e-5 -1 5.34753e-6 2.42665e-5 -1 2.05338e-5 3.03239e-6 -0.8358345 0.4377088 0.3313484 -0.9749309 1.43498e-5 0.222508 -0.1341321 0.7431389 0.6555557 -4.52995e-6 0.8660217 0.5000066 -2.39536e-5 0.7431501 0.6691248 -3.68878e-5 0.5877904 0.8090133 -0.09747761 0.873833 0.4763551 -0.1927657 0.87384 0.4463688 -0.1746638 0.8977262 0.4044505 -0.2652902 0.7431336 0.6143075 -0.1802397 0.4377332 0.8808538 -3.82438e-5 0.406737 0.9135453 -0.3031432 0.8738406 0.3801405 -0.1874791 0.9577304 0.2181836 -0.4751033 0.7900761 0.3873717 -0.1960843 0.207911 0.9582923 -3.84494e-5 1.60709e-5 1 -0.2225201 3.694e-5 0.9749282 -1.08182e-5 0.2079104 0.9781479 -0.3564567 0.4377339 0.8254259 -0.4171988 0.7431359 0.5231579 -0.3877961 0.2079133 0.8979901 -0.4338915 3.93689e-5 0.9009651 -0.5186047 0.7431431 0.4228327 -0.5605714 0.4377515 0.7029463 -0.609856 0.20792 0.7647517 -0.6234921 2.95267e-5 0.7818297 -0.6968575 0.4377208 0.5681463 -0.7581179 0.2079336 0.6180784 -0.7818376 3.07933e-5 0.6234823 -0.8100655 0.4377325 0.3901083 -0.8812811 0.2079108 0.4244017 -0.9009674 4.32059e-5 0.4338867 0.8571678 0.2234657 -0.4640327 0.8571737 -1.8537e-5 -0.5150276 0.8571739 3.39027e-5 -0.5150271 0.8571676 0.4026733 -0.32112 0.8571782 0.223452 -0.4640203 0.8571801 0.1232402 -0.5000543 0.8571649 0.2393383 -0.4560543 0.8571853 0.3414958 -0.3855049 0.8571678 0.5021246 -0.1146054 0.857182 0.4026551 -0.3211044 0.8571667 0.4238675 -0.2925777 0.8571734 0.4815555 -0.1826424 0.8571621 0.5021218 0.11466 0.4326621 0.1552804 0.8880831 0.8571631 0.5021315 -0.1146104 0.8571659 0.511285 -0.06208407 0.8571631 0.511289 0.06209021 0.8571674 0.402673 0.3211209 0.8571749 0.502113 0.1146031 0.8571734 0.4815555 0.1826421 0.8571633 0.2235109 0.4640195 0.8571816 0.4026546 0.3211061 0.8571665 0.4238677 0.2925777 0.8571653 0.3415376 0.3855124 0.8571684 0.2234663 0.4640313 0.857165 0.2393383 0.4560542 0.8571798 0.1232393 0.500055 0.8571677 1.21072e-5 0.5150374 0.8571677 -0.4026727 0.3211204 0.8571752 7.33137e-6 0.515025 0.8571384 -0.2235459 0.4640485 0.8571726 -0.2234598 0.4640269 0.8571714 -9.91044e-6 0.5150315 0.8571798 -0.1232401 0.5000548 0.857165 -0.2393389 0.4560537 0.8571653 -0.3415376 0.3855123 0.8571676 -0.5021244 0.1146072 0.8571817 -0.4026548 0.3211054 0.8571668 -0.4238679 0.2925767 0.8571733 -0.4815558 0.1826422 0.857173 -0.5021274 -0.1145536 0.6379512 -0.2289574 0.7352529 0.8571732 -0.5021155 0.1146047 0.8571657 -0.5112854 0.06208419 0.8571794 -0.5112661 -0.0620535 0.8571674 -0.4026728 -0.3211209 0.8571607 -0.5021357 -0.1146102 0.8571731 -0.4815558 -0.1826424 0.8571736 -0.2234991 -0.4640061 0.8571709 -0.4026678 -0.321118 0.8571667 -0.4238681 -0.2925767 0.8571652 -0.3415377 -0.3855125 0.8571724 -0.2234594 -0.4640275 0.857165 -0.2393389 -0.4560537 0.8571795 -0.1232393 -0.5000554 0.8571674 -1.20401e-5 -0.5150379 0.857166 0.2234655 -0.4640362 0.8571729 -2.44677e-5 -0.5150289 0.8571736 3.36948e-5 -0.5150278 0.857167 0.402673 -0.3211218 0.8571782 0.2234508 -0.4640207 0.8571801 0.1232414 -0.5000538 0.857165 0.2393387 -0.4560539 0.8571655 0.3415374 -0.3855119 0.8571678 0.5021244 -0.1146072 0.8571815 0.4026548 -0.321106 0.8571662 0.4238673 -0.2925794 0.8571736 0.4815553 -0.1826421 0.8571676 0.5021242 0.1146077 0.4326615 0.1552795 0.8880835 0.8571734 0.5021154 -0.1146045 0.8571671 0.5112835 -0.06208109 0.8571645 0.511287 0.06208765 0.8571673 0.4026728 0.3211216 0.8571749 0.5021132 0.1146015 0.8571735 0.4815554 0.1826423 0.8571704 0.2234188 0.4640507 0.8571713 0.4026684 0.3211165 0.8571662 0.4238675 0.2925793 0.8571653 0.3415374 0.3855126 0.8571682 0.2234663 0.464032 0.857165 0.2393388 0.4560539 0.8571799 0.1232406 0.5000545 0.8571674 1.18986e-5 0.515038 0.8571676 -0.4026739 0.3211194 0.8571754 6.78003e-6 0.5150247 0.8571773 -0.2234402 0.4640278 0.857173 -0.2234591 0.4640264 0.8571714 -1.03138e-5 0.5150313 0.8571799 -0.1232418 0.5000542 0.8571721 -0.2393726 0.4560229 0.8571655 -0.3415377 0.385512 0.8571673 -0.5021253 0.1146054 0.8571819 -0.402655 0.3211049 0.8571674 -0.4238679 0.292575 0.8571742 -0.4815537 0.1826434 0.8571726 -0.5021283 -0.1145536 0.6379501 -0.2289575 0.7352538 0.857173 -0.5021159 0.1146039 0.8571649 -0.5112864 0.06208616 0.8571784 -0.5112675 -0.06205499 0.857167 -0.4026741 -0.3211209 0.8571845 -0.502098 -0.1145967 0.8571743 -0.4815537 -0.1826431 0.8571769 -0.2234404 -0.4640282 0.8571712 -0.4026681 -0.3211169 0.8571673 -0.4238681 -0.2925749 0.8571652 -0.3415376 -0.3855125 0.8571728 -0.2234586 -0.4640272 0.857172 -0.2393726 -0.4560228 0.8571797 -0.123241 -0.5000549 0.8571676 -1.24276e-5 -0.5150378 0.2234695 -0.8571639 -0.4640383 -1.57356e-5 -0.8571711 -0.5150319 3.45097e-5 -0.8571736 -0.5150277 0.4026778 -0.8571649 -0.3211213 0.2234452 -0.8571826 -0.4640154 0.1232666 -0.8571614 -0.5000797 0.2393385 -0.8571649 -0.4560542 0.3415004 -0.8571832 -0.3855056 0.5021266 -0.8571663 -0.1146078 0.4026555 -0.8571815 -0.3211051 0.4238672 -0.8571653 -0.2925821 0.4815543 -0.8571739 -0.1826427 0.5021201 -0.8571574 0.1147033 0.1552812 -0.4326599 0.888084 0.5021144 -0.8571739 -0.1146041 0.5112858 -0.8571653 -0.06208544 0.5112888 -0.8571632 0.06209021 0.402674 -0.8571676 0.321119 0.5021325 -0.8571626 0.1146091 0.4815541 -0.857174 0.1826428 0.2234682 -0.8571745 0.4640192 0.4026556 -0.8571814 0.3211053 0.4238675 -0.8571652 0.2925821 0.3415421 -0.8571633 0.3855132 0.2234665 -0.857167 0.4640339 0.2393384 -0.8571649 0.456054 0.1232658 -0.8571612 0.5000804 1.16453e-5 -0.8571673 0.5150383 -0.4026641 -0.8571726 0.3211182 -6.92904e-6 -0.8571702 0.5150333 -0.223557 -0.8571358 0.4640479 -0.22346 -0.8571716 0.4640285 -8.73348e-6 -0.85717 0.5150337 -0.1232395 -0.8571802 0.5000542 -0.2393388 -0.857165 0.4560539 -0.3415368 -0.8571659 0.385512 -0.5021214 -0.8571696 0.1146059 -0.4026684 -0.8571713 0.3211161 -0.4238677 -0.8571668 0.2925772 -0.4815562 -0.857173 0.182642 -0.502127 -0.8571788 -0.1145122 -0.2289616 -0.6378437 0.7353448 -0.5021337 -0.8571618 0.1146098 -0.5112846 -0.8571661 0.06208312 -0.5112663 -0.8571793 -0.06205332 -0.402663 -0.8571736 -0.3211169 -0.5020993 -0.8571836 -0.1145982 -0.4815558 -0.8571732 -0.1826419 -0.2235004 -0.8571617 -0.4640275 -0.4026556 -0.8571814 -0.3211054 -0.4238679 -0.8571667 -0.2925772 -0.3415367 -0.8571657 -0.3855122 -0.2234678 -0.8571671 -0.4640333 -0.2393387 -0.857165 -0.4560539 -0.1232388 -0.8571799 -0.5000548 -9.81986e-6 -0.857168 -0.515037 0.1926711 -0.110718 0.9749972 1.96546e-5 -1.69612e-5 1 5.50784e-5 -2.30968e-5 1 0.2936838 -0.1695654 0.940743 0.3757053 -0.2169838 0.9009793 0.5297359 -0.3058461 0.7910993 0.5400742 -0.3117163 0.7817627 0.6795169 -0.3923182 0.6199544 0.6770452 -0.3909752 0.6234967 0.7813713 -0.4511233 0.4312156 0.7802405 -0.4505922 0.4338104 0.8357776 -0.482534 0.2619862 0.8443863 -0.4873249 0.222545 0.8585007 -0.4956552 0.1315388 0.8660278 -0.4999958 2.85171e-5 0.8660241 -0.5000022 3.9801e-5 0.3500824 -0.936719 0 0.3500812 -0.9367194 0 0.1274772 -0.9918416 0 0.1274797 -0.9918413 0 0.5542863 -0.8323262 0 0.5542834 -0.8323281 0 0.7293372 -0.6841545 0 0.8660159 -0.5000165 0 0.7293318 -0.6841602 0 0.8660202 -0.5000091 0 0.1622737 -0.09369164 -0.9822878 1.82763e-5 -9.62615e-6 -1 1.40702e-5 -4.66013e-6 -1 0.1927478 -0.1111571 -0.974932 0.3149448 -0.1818376 -0.9315283 0.3757755 -0.2169017 -0.9009697 0.453094 -0.2615972 -0.8522164 0.5399543 -0.3117501 -0.7818321 0.5702746 -0.3292496 -0.7525835 0.6771174 -0.3908548 -0.623494 0.6717723 -0.3878498 -0.6311059 0.7554005 -0.4361295 -0.4890411 0.7802499 -0.450507 -0.433882 0.8157115 -0.4709512 -0.3358864 0.8443611 -0.4873834 -0.2225122 0.8535063 -0.4927712 -0.1694214 0.8660292 -0.4999936 -4.96954e-6 0.8660265 -0.4999982 -1.35817e-5 0.7974964 0.1213385 -0.5909962 0.853599 -0.4925644 -0.1695559 0.865996 -0.5000512 3.80382e-4 0.8158261 -0.4709651 -0.3355887 0.7552195 -0.4360224 -0.4894163 0.6720926 -0.3875936 -0.6309222 0.5699247 -0.3293745 -0.7527937 0.5726049 0.4366291 -0.6938868 0.4532414 -0.2614303 -0.8521894 -8.17329e-6 0.2342732 -0.9721708 -1.33943e-5 3.83854e-5 -1 0.1623507 -0.09376478 -0.982268 0.09248489 0.8774361 -0.4706937 0.3475179 0.7106947 -0.6116735 0.161046 0.9095441 -0.3831369 -9.13627e-6 0.7593137 -0.6507248 -7.55861e-6 0.6256971 -0.7800662 -2.224e-6 0.8660194 -0.5000106 0.3053949 0.4361476 -0.8464687 0.3147847 -0.1817246 -0.9316045 3.41237e-6 0.4473726 -0.8943478 0.8700965 -0.01658129 0.4926025 0.8660237 -0.5000028 -5.27013e-4 0.858489 -0.4956064 0.1317988 0.8359825 -0.4823078 0.261749 0.7811245 -0.4512227 0.4315583 0.09245008 0.8774481 0.4706783 0.1610419 0.909563 0.3830938 0.261285 0.8077909 0.5283977 0.6798298 -0.3920519 0.6197795 0.6359794 0.3547756 0.6853207 -2.59653e-6 0.7242483 0.6895393 -1.1242e-5 0.8660135 0.5000206 -2.67588e-5 0.1646048 0.9863597 -9.73791e-6 0.3334152 0.9427801 0.2934361 -0.1695045 0.9408313 -3.97116e-6 2.0942e-5 1 0.6162072 0.3347905 0.7128844 0.5294308 -0.3058761 0.791292 0.3845021 0.6674061 0.6377518 0.3035042 0.4368227 0.8468006 -1.22488e-5 0.5413122 0.8408218 1.78814e-6 3.52636e-5 1 -3.47383e-6 0.2079107 0.9781479 -4.3097e-6 1.4551e-5 1 -0.8660184 1.42916e-5 0.5000121 -0.8442986 0.192693 0.5000296 -0.743145 1.73524e-5 0.6691305 -0.02469021 0.2064198 0.978152 -0.04830926 0.4038483 0.9135496 1.49906e-5 0.4067375 0.9135451 -0.06983649 0.5836396 0.8090041 -1.02855e-5 0.5877832 0.8090185 -0.04626852 0.202688 0.9781497 -9.79006e-6 3.71188e-5 1 -0.08827328 0.7378907 0.6691226 -0.192712 0.8443075 0.5000071 -1.54898e-5 0.8660011 0.5000422 -3.0797e-5 0.7431436 0.6691321 -0.09050983 0.396536 0.9135465 -0.1307953 0.5730468 0.809018 -0.1653634 0.7245144 0.6691292 -0.07895469 0.1923353 0.9781479 -3.73274e-6 9.77516e-6 1 -0.1544764 0.3762643 0.9135438 -0.09021496 0.1873185 0.9781479 -1.80267e-5 2.95416e-5 1 -0.2232191 0.5437494 0.809018 -0.1764764 0.3664579 0.9135451 -0.2822138 0.6874694 0.6691347 -0.3757478 0.7802576 0.5000118 -0.1070634 0.1782358 0.9781459 -0.2550425 0.5295642 0.8090211 -0.2094455 0.3486691 0.9135439 -0.3224348 0.6695536 0.6691292 -0.3026858 0.5038511 0.8090213 -0.1296223 0.1625331 0.978152 -2.39313e-5 4.09558e-5 1 -0.3826815 0.6370431 0.6691271 -0.5399473 0.6770819 0.5000172 -0.2535955 0.3180132 0.9135409 -0.366485 0.4595319 0.8090237 -0.463353 0.5810006 0.6691356 -0.1555782 0.1379085 0.9781497 -3.19406e-5 3.50252e-5 1 -0.3043913 0.26978 0.9135451 -0.1625531 0.1296294 0.9781476 1.28895e-6 9.11579e-6 1 -0.4398825 0.3898652 0.8090171 -0.318001 0.2535904 0.9135465 -0.5561319 0.4929237 0.6691365 -0.6770699 0.5399445 0.5000363 -0.4595452 0.3664854 0.8090159 -0.1776887 0.1079164 0.9781517 -0.5810166 0.4633371 0.6691327 -0.3476665 0.2111184 0.913541 -0.1873222 0.09020918 0.9781476 -4.32804e-5 2.61851e-5 1 -0.5023754 0.3051124 0.8090275 -0.366463 0.1764714 0.9135441 -0.6351962 0.3857424 0.6691253 -0.7802512 0.3757536 0.5000175 -0.1920953 0.07950091 0.9781509 -1.50874e-5 8.13603e-6 1 -0.5295688 0.2550381 0.8090194 -0.3758038 0.1555939 0.9135437 -0.6695569 0.3224294 0.6691286 -0.5430909 0.2248102 0.8090195 -0.6866276 0.2842376 0.6691424 -0.2019948 0.04927819 0.9781461 -4.99463e-5 3.45055e-6 1 -0.2079111 4.37722e-6 0.9781477 -0.3951467 0.09637486 0.9135485 -0.4067286 3.80911e-5 0.9135491 -0.5710386 0.1392694 0.8090236 -0.5877837 1.72853e-5 0.8090181 -0.7219735 0.1760873 0.6691395 -0.8660134 -5.01605e-6 0.5000209 -0.8660143 3.50663e-5 0.5000193 -0.7431447 0 0.6691308 -0.743145 0 0.6691305 -0.5877854 0 0.809017 -0.5877862 0 0.8090164 -0.406736 0 0.9135457 -0.4067375 0 0.9135452 -0.207911 0 0.9781479 -0.2079108 0 0.9781479 -1.81645e-5 -4.99238e-6 1 -2.37972e-5 5.01605e-6 1 -1.60001e-5 -0.2079068 0.9781487 -1.23577e-5 -1.52811e-5 1 -2.63005e-6 -4.86415e-5 1 -1.47498e-5 -0.8660232 0.5000039 -0.1926972 -0.8442973 0.5000301 -1.30385e-5 -0.7431412 0.6691347 -0.2069957 -0.01948964 0.9781478 -0.2079063 -1.83694e-5 0.9781488 -4.15593e-5 2.34367e-6 1 -1.87606e-5 4.96116e-6 1 -0.4049398 -0.03812736 0.9135482 -0.4067328 -2.68705e-5 0.9135473 -0.2042589 -0.03880703 0.9781474 -1.46776e-5 -1.23307e-6 1 -0.5851701 -0.0550965 0.8090367 -0.5877825 -1.34874e-5 0.809019 -0.3995836 -0.07592517 0.9135471 -0.7398481 -0.06966298 0.6691576 -0.8442957 -0.1927029 0.5000305 -0.8660107 -2.21133e-5 0.5000256 -0.7431439 5.55441e-6 0.6691316 -0.5774558 -0.1097128 0.8090168 -0.7300819 -0.138712 0.6691333 -0.1959329 -0.06952148 0.9781498 -1.94162e-5 -6.85453e-6 1 -0.3833084 -0.1359921 0.913554 -0.5539432 -0.196574 0.8090152 -0.1873279 -0.09020298 0.9781471 -2.96384e-5 -1.49831e-5 1 -0.7003417 -0.248512 0.6691513 -0.7802605 -0.3757429 0.500011 -0.3664524 -0.1764429 0.9135538 -0.1804111 -0.103375 0.9781439 -0.5295781 -0.2550072 0.8090232 -0.3528712 -0.2022613 0.9135493 -0.6695551 -0.3224192 0.6691352 -0.5099638 -0.292279 0.8090179 -0.6447549 -0.3695234 0.6691365 -0.6770657 -0.5399415 0.5000452 -0.1625368 -0.1296194 0.9781516 -2.89008e-5 -1.76504e-5 1 -0.3179896 -0.2535949 0.9135494 -0.4595386 -0.3664804 0.809022 -0.5810191 -0.4633405 0.6691281 -0.1367368 -0.1566216 0.9781477 -2.14651e-5 -1.30683e-5 1 -0.2674869 -0.3063989 0.9135484 -0.386568 -0.4427848 0.8090159 -0.4887683 -0.559781 0.6691419 -0.5399519 -0.6770592 0.5000429 -0.09572488 -0.1845559 0.9781493 -1.6775e-5 -1.19582e-5 1 -0.1872653 -0.3610435 0.9135531 -0.2706444 -0.521784 0.8090076 -0.3421814 -0.6596738 0.6691356 -0.3757506 -0.7802329 0.5000482 -0.04926538 -0.2019813 0.9781496 -2.13198e-5 -0.4067345 0.9135464 -0.0963847 -0.3951654 0.9135394 -0.1392608 -0.5710551 0.8090134 -1.18688e-5 -0.587783 0.8090187 -0.176077 -0.7219728 0.6691429 0.03688144 -0.8652343 0.5000092 1.2191e-5 -0.8660133 0.5000211 -7.20657e-6 -0.7431446 0.6691309 0.1103798 -0.8589498 0.5000215 0.07369804 -0.8628758 0.5000139 0.09472978 -0.7370819 0.6691313 0.008919 -0.2077516 0.978141 -1.54739e-6 -0.2079125 0.9781475 1.79932e-6 -8.05408e-6 1 0.01763367 -0.2071941 0.9781409 -6.27199e-6 -1.97054e-5 1 0.02649837 -0.2062153 0.9781478 0.01731938 -0.4062767 0.913586 7.98609e-6 -0.4067355 0.913546 0.03461056 -0.4052093 0.9135686 0.05183166 -0.4034184 0.9135465 0.02503228 -0.58721 0.8090475 1.09263e-5 -0.5877844 0.8090177 0.05001908 -0.5856071 0.8090503 0.07490295 -0.5829912 0.8090185 0.03164768 -0.7423943 0.6692153 0.06324684 -0.7404744 0.669102 0.1103905 -0.8589554 0.5000096 0.1103801 -0.8589512 0.5000193 0.09472334 -0.7370806 0.6691336 0.09472364 -0.7370823 0.6691318 0.07492101 -0.5829907 0.8090173 0.07492011 -0.5829833 0.8090226 0.05184495 -0.4034267 0.913542 0.05184352 -0.4034139 0.9135478 0.02650147 -0.2062188 0.978147 0.02650088 -0.2062144 0.9781479 7.96972e-6 -2.27783e-5 1 -2.45031e-6 -2.00346e-5 1 4.20958e-7 -4.29899e-6 1 0.0265271 -0.2062046 0.9781494 -5.86733e-7 -5.07384e-6 1 0.1800357 -0.1039754 0.9781494 1.75089e-5 -2.87704e-5 1 6.41635e-6 -6.44382e-6 1 0.7499729 -0.4330318 0.5000243 0.6316006 -0.5924853 0.5000419 0.6435633 -0.3715985 0.6691344 0.0559594 -0.2002328 0.978149 0.1094653 -0.3917181 0.9135504 0.0518518 -0.4034163 0.9135462 0.07274216 -0.1947512 0.9781516 1.52849e-5 -4.32581e-5 1 0.1582001 -0.5660894 0.8090214 0.07492846 -0.5829882 0.8090183 0.1423694 -0.3809915 0.9135516 0.08425402 -0.1900829 0.9781461 7.45803e-6 -1.25766e-5 1 0.2000398 -0.7157138 0.6691321 0.3031584 -0.811201 0.5000482 0.1103932 -0.8589532 0.5000129 0.09471708 -0.7370831 0.6691317 0.2057527 -0.5505886 0.8090229 0.1648533 -0.3718259 0.9135474 0.2601689 -0.6961167 0.6691291 0.2382231 -0.537344 0.8090187 0.1143929 -0.1736142 0.9781475 0.3011877 -0.6793625 0.6691431 0.4800284 -0.7208082 0.5000084 0.2237906 -0.3396244 0.9135497 0.3234009 -0.490817 0.8090183 0.4088766 -0.6205531 0.6691291 0.1512867 -0.1426144 0.9781481 0.2959704 -0.2790033 0.9135419 0.3522458 -0.2033642 0.9135458 0.4276992 -0.4031799 0.8090237 0.5090249 -0.2939081 0.809019 0.5407224 -0.5097303 0.6691745 0.7499899 -0.4330007 0.5000255 0.7499697 -0.4330359 0.5000253 0.6435785 -0.3715707 0.6691353 0.6435824 -0.3715727 0.6691304 0.5090377 -0.2938925 0.8090167 0.5090366 -0.2938941 0.8090168 0.3522483 -0.2033694 0.9135438 0.3522399 -0.2033674 0.9135473 0.1800566 -0.1039558 0.9781476 0.1800556 -0.1039556 0.9781479 1.47745e-5 -1.51992e-5 1 2.10754e-5 -6.52297e-6 1 -2.16812e-6 0.2079139 0.9781472 1.29752e-5 1.57431e-5 1 6.40657e-6 4.11037e-5 1 3.02172e-5 0.8660181 0.5000127 0.1927118 0.8443048 0.5000116 1.06543e-5 0.7431418 0.669134 0.1914814 -0.08095365 0.978152 0.1800544 -0.1039674 0.9781468 2.65464e-5 -7.54744e-6 1 3.01898e-5 -2.02768e-5 1 0.3746133 -0.158377 0.9135544 0.3522437 -0.2033704 0.9135453 0.2000007 -0.05673235 0.978152 5.41657e-6 -1.11237e-5 1 0.5413548 -0.2288712 0.8090445 0.5090392 -0.2938879 0.8090175 0.2047613 -0.03611236 0.9781456 1.9215e-5 -6.55302e-6 1 0.3912834 -0.11099 0.9135527 0.684478 -0.2893848 0.6691386 0.8137823 -0.2961966 0.5000261 0.7499918 -0.4329883 0.5000336 0.6435798 -0.3715746 0.6691318 0.4005537 -0.07061535 0.9135482 0.5654617 -0.1603993 0.8090273 0.2079019 1.95205e-6 0.9781497 1.08853e-5 -5.43892e-7 1 0.5788546 -0.1020583 0.8090188 0.7149367 -0.2027806 0.669138 0.8528504 -0.150377 0.5000331 0.4067569 -1.23966e-5 0.9135366 0.7318552 -0.1290495 0.6691294 0.2034496 0.04288226 0.9781458 3.7387e-5 7.22706e-7 1 0.5877782 8.26342e-6 0.8090222 0.3979817 0.08386677 0.9135519 0.7431365 1.95738e-5 0.6691399 0.866003 5.26803e-6 0.5000389 0.1939138 0.07501602 0.9781463 1.56388e-5 2.87592e-6 1 0.5751443 0.1212049 0.8090232 0.1872832 0.09020775 0.9781553 1.15782e-5 -2.224e-6 1 0.379345 0.1467238 0.9135477 0.7271703 0.1532663 0.6691285 0.8443035 0.1927062 0.5000159 0.1781937 0.1071199 0.9781474 0.366415 0.1764779 0.9135621 0.5482056 0.2120255 0.8090215 0.3486186 0.2095507 0.9135391 0.5295982 0.2550228 0.8090052 0.1625676 0.129632 0.9781449 8.67993e-6 6.22869e-6 1 0.6930988 0.2681124 0.6691263 0.7802495 0.375747 0.500025 0.5037546 0.3028464 0.8090212 0.6695258 0.3224558 0.6691468 0.3179866 0.2536009 0.9135487 0.63691 0.3828857 0.669137 0.6770623 0.5399537 0.5000366 0.4595406 0.3664824 0.80902 0.1296325 0.1625563 0.9781467 2.50042e-5 2.18228e-5 1 0.5809906 0.4633648 0.6691362 0.253596 0.3180058 0.9135433 0.09783661 0.1834589 0.9781467 2.08505e-5 3.2194e-5 1 0.3664765 0.4595553 0.8090142 0.1913742 0.3588877 0.9135511 0.4633482 0.5810042 0.6691358 0.5399466 0.6770659 0.5000395 0.2765717 0.5186458 0.8090208 0.05041682 0.2016883 0.9781513 3.55318e-5 0.4067311 0.913548 0.3496844 0.6557309 0.6691322 0.375747 0.7802577 0.500012 0.09863477 0.3945736 0.9135552 9.31323e-6 0.587782 0.8090195 0.1425436 0.5702221 0.8090292 0.1802222 0.7209388 0.6691541 1.48855e-7 0.7633017 0.6460422 -4.1755e-6 0.8660032 0.5000384 7.2846e-6 0.8660125 0.5000224 -1.69979e-4 0.7431603 0.6691134 6.00499e-7 0.636227 0.7715019 -2.04303e-4 0.5877845 0.8090175 2.09679e-7 0.4648624 0.885383 -1.76221e-4 0.4067211 0.9135524 2.00394e-7 0.2517291 0.9677977 -7.45298e-5 0.2078645 0.9781577 -2.07161e-6 2.5299e-5 1 5.01605e-6 2.16365e-5 1 0.09260094 0.8770637 0.4713646 0.1428318 0.8149523 0.561651 0.1628789 0.9092084 0.3831588 0.1163415 0.6866387 0.7176294 -0.001769661 0.7661945 0.6426064 -0.001881361 0.8660121 0.5000197 -6.15962e-4 0.247284 0.9689429 1.37165e-5 1.21156e-4 1 0.01435917 0.1061878 0.9942424 -3.2708e-6 4.97848e-5 1 0.07129645 0.5218177 0.8500725 0.08598101 0.5318866 0.8424394 0.05465972 0.3598713 0.9313995 0.03045135 0.2134 0.9764903 0.03876823 0.5055252 0.8619405 -0.001199901 0.4640395 0.8858137 -0.00160098 0.6389263 0.7692664 -0.09666377 0.8739415 0.4763218 9.51067e-5 0.7462412 0.6656757 1.23405e-4 0.8660053 0.5000349 -0.1828342 0.9305378 0.3172869 -0.1748188 0.8977325 0.4043696 -0.1887201 0.9575287 0.2179994 -0.1745509 0.8932447 0.414302 -2.39201e-5 4.9293e-5 1 -1.01244e-5 3.81921e-5 1 5.14947e-5 0.2033568 0.9791047 -0.03713196 0.2180231 0.975237 -0.07645124 0.4281945 0.900447 4.63612e-6 1.8388e-5 1 -0.06846475 0.5130207 0.8556415 8.69445e-5 0.4045822 0.9145017 1.09199e-4 0.5896939 0.8076269 -0.1135777 0.5475029 0.8290601 -0.1075623 0.5828102 0.8054581 -0.1341042 0.7085657 0.6927847 -0.1567906 0.8130055 0.5607485 0 0.7431455 0.6691299 -5.01605e-6 0.8660139 0.5000201 4.99238e-6 0.8660138 0.5000202 0 0.743144 0.6691315 0 0.5877867 0.8090159 0 0.5877849 0.8090174 0 0.4067376 0.913545 0 0.406736 0.9135457 0 0.2079121 0.9781476 0 0.2079104 0.9781479 -4.99238e-6 2.16067e-5 1 5.01605e-6 2.16216e-5 1 -0.6123729 0.3535537 0.7071062 -0.6123723 0.3535533 0.7071069 0 -1 -1.98673e-7 0 -1 0 0 -1 2.08883e-7 0 -1 -2.38344e-7 0 -1 1.78758e-7 0 -1 -1.30552e-7 0 -1 1.98673e-7 0 -1 0 0 -1 0 0 -1 0 0 -1 0 0 -1 1.239e-7 0 -1 0 0 -1 -1.239e-7 0 -1 0 0 -1 0 0 -1 0 0 -1 0 0 -1 0 -2.92486e-4 0.1173808 -0.993087 -9.62988e-7 1.35019e-4 -1 2.5006e-7 6.69878e-6 -1 -6.02409e-4 0.2359662 -0.9717612 0.09261399 0.8770557 -0.4713767 0.135276 0.7790116 -0.612243 0.1126577 0.6684049 -0.7352164 0.1506048 0.851828 -0.5017043 0.1628741 0.9092158 -0.3831432 -0.001888573 0.8660103 -0.5000225 -0.00175184 0.7330772 -0.6801431 0.071307 0.5218083 -0.8500773 0.06262707 0.4050065 -0.9121664 0.03834104 0.2627385 -0.964105 0.08766859 0.5407311 -0.8366147 0.03877091 0.5055344 -0.8619349 -0.001435101 0.5569154 -0.8305681 -0.001045823 0.4006053 -0.9162502 -3.64533e-5 0.7431609 -0.6691129 -8.58396e-6 0.8660145 -0.500019 1.31663e-4 0.7298599 -0.6835967 5.01605e-6 0.8660142 -0.5000194 -1.08645e-4 0.5878043 -0.8090031 9.26009e-5 0.5556685 -0.831404 -1.32555e-4 0.4067292 -0.9135488 -3.79003e-6 0.402602 -0.9153752 2.9235e-5 0.2405018 -0.9706487 -1.75708e-4 0.2079451 -0.9781405 -7.8345e-7 0.1211113 -0.992639 2.21239e-6 1.08089e-5 -1 -2.95023e-6 1.03526e-5 -1 0.1800578 -0.1039583 -0.9781472 2.59951e-5 -6.16908e-6 -1 3.82261e-5 -1.3032e-5 -1 0.7500008 -0.4329695 -0.5000361 0.8137964 -0.2961989 -0.5000019 0.643593 -0.3715609 -0.6691266 0.02562749 0.2063081 -0.9781515 -1.44606e-5 0.2079166 -0.9781466 6.06151e-6 3.03388e-5 -1 2.64496e-7 4.74006e-5 -1 0.04627156 0.2026829 -0.9781507 6.143e-6 2.60919e-5 -1 0.05013775 0.4036197 -0.9135522 -6.99982e-6 0.4067366 -0.9135456 0.09050524 0.3965415 -0.9135445 0.07245349 0.5832888 -0.8090271 1.66595e-5 0.5877814 -0.8090198 0.08259469 0.1907772 -0.9781525 6.99237e-6 3.64184e-5 -1 0.130811 0.5730397 -0.8090205 0.09162694 0.73747 -0.6691356 1.50278e-5 0.8660207 -0.5000084 1.63764e-5 0.7431421 -0.6691336 0.1927076 0.8442896 -0.5000391 0.1615902 0.3732424 -0.9135528 0.1653668 0.7245107 -0.6691324 0.1121763 0.1750413 -0.9781498 2.525e-5 4.00394e-5 -1 0.2335353 0.5393975 -0.809019 0.1296305 0.1625513 -0.9781478 3.50922e-6 6.71297e-6 -1 0.2194667 0.3424419 -0.9135469 0.2952588 0.6819692 -0.6691339 0.3757404 0.7802583 -0.500016 0.2535983 0.3179947 -0.9135466 0.3171712 0.4948695 -0.8090159 0.3664992 0.4595228 -0.8090223 0.1618879 0.1304162 -0.9781534 -1.3262e-6 1.04979e-5 -1 0.4009903 0.6256708 -0.6691359 0.5399526 0.6770755 -0.5000199 0.4633365 0.5810207 -0.6691296 0.3167397 0.2551556 -0.913549 0.181846 0.1007463 -0.9781525 3.00705e-5 1.85445e-5 -1 0.4577125 0.368743 -0.809029 0.3557919 0.1971238 -0.9135395 0.5787131 0.4662049 -0.6691369 0.6770644 0.5399448 -0.5000436 0.1971952 0.06584686 -0.9781504 3.25963e-5 1.4713e-5 -1 0.5141499 0.2848567 -0.8090159 0.2026702 0.04626953 -0.9781534 4.32283e-5 6.17094e-6 -1 0.3858043 0.1288016 -0.9135454 0.6500257 0.3601441 -0.669151 0.7802442 0.3757453 -0.5000347 0.2059093 0.02869224 -0.9781504 0.3965235 0.09051108 -0.9135518 0.5575397 0.186127 -0.8090158 0.4028485 0.0561667 -0.9135418 0.5730342 0.1308019 -0.8090258 0.2078869 -5.78898e-6 -0.9781529 1.98185e-5 6.27898e-6 -1 0.7049046 0.2353269 -0.6691269 0.8443055 0.1927145 -0.5000094 0.5821558 0.08113783 -0.8090187 0.7244988 0.1653789 -0.6691423 0.4067391 1.65473e-6 -0.9135444 0.2047541 -0.03610807 -0.9781473 0.7360199 0.1025763 -0.6691434 0.866002 3.77651e-7 -0.5000407 0.5878007 2.37221e-5 -0.8090058 0.1998767 -0.05719655 -0.9781503 0.3522579 -0.203334 -0.9135478 0.4005627 -0.07064282 -0.9135421 0.7431414 -1.16853e-5 -0.6691344 0.3910466 -0.1118755 -0.9135461 0.509035 -0.2938855 -0.8090209 0.5788552 -0.1020732 -0.8090166 0.5651081 -0.1616792 -0.8090195 0.7318547 -0.1290285 -0.669134 0.8528639 -0.1503825 -0.5000085 0.7144752 -0.2044197 -0.6691322 0.6435785 -0.37157 -0.6691356 0.7499899 -0.4330012 -0.5000253 0.6435824 -0.3715727 -0.6691304 0.749985 -0.4330093 -0.5000256 0.5090385 -0.2938922 -0.8090162 0.509037 -0.2938935 -0.8090167 0.3522496 -0.2033693 -0.9135432 0.352241 -0.2033672 -0.913547 0.1800575 -0.1039556 -0.9781476 0.1800569 -0.1039556 -0.9781477 1.58389e-5 -1.51092e-5 -1 2.2456e-5 -6.58259e-6 -1 2.65241e-6 -1.38581e-6 -1 0.1800325 -0.1039783 -0.9781497 7.01845e-6 -1.55717e-6 -1 0.1104156 -0.8589529 -0.5000085 0.3031793 -0.8112196 -0.5000052 0.09475314 -0.7370736 -0.6691371 0.1631762 -0.1288201 -0.9781509 0.3522266 -0.20339 -0.9135475 0.3192323 -0.2520279 -0.9135496 0.5090374 -0.2938895 -0.809018 0.1516506 -0.142203 -0.9781516 3.11658e-5 -2.98098e-5 -1 0.461332 -0.364225 -0.8090199 0.6435824 -0.3715678 -0.6691331 0.2966498 -0.2782438 -0.9135531 0.1429073 -0.1510244 -0.9781458 9.00775e-6 -1.08331e-5 -1 0.5832613 -0.4605143 -0.6691285 0.7499855 -0.4330136 -0.5000211 0.6316054 -0.5924742 -0.500049 0.4287052 -0.402103 -0.8090273 0.2795241 -0.2954614 -0.9135475 0.542019 -0.5083978 -0.6691391 0.4039477 -0.4269803 -0.8090205 0.1160901 -0.172484 -0.9781475 2.22158e-5 -4.0628e-5 -1 0.5107318 -0.5398241 -0.6691362 0.4800165 -0.7208068 -0.5000218 0.2270933 -0.3374274 -0.9135488 0.3281947 -0.4876262 -0.8090173 0.4149384 -0.6165148 -0.6691306 0.07326465 -0.1945844 -0.9781458 5.08968e-6 -6.84103e-6 -1 0.02651643 -0.206209 -0.9781486 0.1433122 -0.3806142 -0.9135615 0.05183845 -0.403418 -0.9135463 0.2071171 -0.5500716 -0.8090265 0.07493436 -0.5829846 -0.8090203 0.2618636 -0.6954668 -0.6691439 0.1103808 -0.8589568 -0.5000096 0.1103895 -0.8589479 -0.5000228 0.09472322 -0.737079 -0.6691353 0.09472352 -0.7370818 -0.6691323 0.07492125 -0.5829917 -0.8090164 0.07492011 -0.5829834 -0.8090225 0.05184501 -0.4034263 -0.9135422 0.05184358 -0.4034164 -0.9135468 0.02650141 -0.2062188 -0.978147 0.02650076 -0.2062135 -0.9781481 7.99447e-6 -2.23741e-5 -1 -2.43101e-6 -1.94459e-5 -1 0.07370787 -0.8628765 -0.5000115 0.1103813 -0.8589489 -0.5000228 0.09472984 -0.7370826 -0.6691305 0.01763463 -0.2071937 -0.9781411 -1.63959e-6 -1.93119e-5 -1 6.40424e-6 -7.82595e-6 -1 0.02649837 -0.2062153 -0.9781478 0.009010136 -0.2077921 -0.9781315 -1.66474e-6 -0.2079122 -0.9781475 0.03461456 -0.4052556 -0.9135479 0.05183166 -0.4034185 -0.9135464 0.01732134 -0.4063182 -0.9135674 7.97398e-6 -0.4067355 -0.913546 0.0500155 -0.5855644 -0.8090814 0.07490295 -0.5829912 -0.8090185 0.02503222 -0.587204 -0.8090519 1.09226e-5 -0.5877842 -0.8090178 0.06325221 -0.7405378 -0.6690313 0.03165233 -0.7424991 -0.6690989 2.06586e-5 -0.7431438 -0.6691318 7.46304e-6 -0.8660057 -0.5000343 0.03688311 -0.86523 -0.500017 2.08989e-6 -3.40044e-5 -1 -4.53834e-6 -0.2079113 -0.9781478 -4.16022e-6 -1.51619e-5 -1 -0.8660181 -1.42679e-5 -0.5000129 -0.8442977 -0.192693 -0.5000309 -0.7431449 -1.73375e-5 -0.6691306 -0.02469027 -0.2064198 -0.978152 -0.04831069 -0.4038507 -0.9135485 1.35917e-5 -0.4067384 -0.9135447 -0.06980717 -0.5836119 -0.8090267 -9.35793e-6 -0.587782 -0.8090194 -0.0462687 -0.2026874 -0.9781498 -1.03265e-5 -3.84077e-5 -1 -0.08826583 -0.7378629 -0.6691544 -2.78801e-5 -0.7431417 -0.6691341 -1.38357e-5 -0.8660103 -0.5000264 -0.1927115 -0.8443069 -0.5000082 -0.09051012 -0.3965359 -0.9135465 -0.1307954 -0.5730471 -0.8090177 -0.1653621 -0.7245135 -0.6691305 -0.0789662 -0.1923379 -0.9781464 -4.06057e-6 -1.1906e-5 -1 -0.1544675 -0.3762645 -0.9135453 -0.09017676 -0.1873411 -0.978147 -1.67154e-5 -2.97725e-5 -1 -0.2232356 -0.5437462 -0.8090155 -0.1764759 -0.366458 -0.9135453 -0.282197 -0.6874683 -0.669143 -0.3757477 -0.7802568 -0.5000132 -0.1070632 -0.1782327 -0.9781466 -0.2550385 -0.5295688 -0.8090195 -0.2094429 -0.3486754 -0.9135421 -0.3224393 -0.66955 -0.6691305 -0.3026867 -0.5038511 -0.8090209 -0.1296223 -0.1625341 -0.9781517 -2.50563e-5 -4.08962e-5 -1 -0.3826799 -0.6370413 -0.6691297 -0.5399474 -0.6770831 -0.5000154 -0.2535964 -0.3179957 -0.9135468 -0.3664936 -0.4595101 -0.8090322 -0.4633519 -0.5810008 -0.6691362 -0.1555775 -0.1379098 -0.9781496 -2.9318e-5 -3.41684e-5 -1 -0.3043779 -0.2697896 -0.9135468 -0.1625521 -0.1296301 -0.9781476 2.13087e-6 -8.89227e-6 -1 -0.4398597 -0.3898864 -0.8090193 -0.3179947 -0.2536092 -0.9135436 -0.5561316 -0.4929202 -0.6691393 -0.6770702 -0.5399438 -0.5000368 -0.4595606 -0.3664551 -0.8090209 -0.1776893 -0.1079166 -0.9781516 -0.581017 -0.4633367 -0.6691327 -0.3476613 -0.2111199 -0.9135426 -0.1873223 -0.09020894 -0.9781476 1.56462e-7 -8.61287e-6 -1 -0.5023824 -0.305108 -0.8090248 -0.3664659 -0.1764695 -0.9135433 -0.6351698 -0.3857355 -0.6691544 -0.7802503 -0.3757535 -0.5000187 -0.1920946 -0.07950168 -0.9781509 -1.32024e-5 -8.03452e-6 -1 -0.5295411 -0.2550694 -0.8090277 -0.3758082 -0.1555603 -0.9135476 -0.6695591 -0.3224249 -0.6691284 -0.5430834 -0.22484 -0.8090164 -0.6866238 -0.2842285 -0.6691502 -0.2019941 -0.0492776 -0.9781463 -4.93204e-5 -3.4282e-6 -1 -0.2079119 -5.11482e-6 -0.9781476 -0.3951545 -0.09640091 -0.9135425 -0.4067363 1.03526e-5 -0.9135457 -0.5710387 -0.1392607 -0.809025 -0.5877823 -1.73226e-5 -0.8090192 -0.7219736 -0.1760872 -0.6691394 -0.8660134 5.01605e-6 -0.5000209 -0.8660143 4.00811e-5 -0.5000194 -0.7431446 0 -0.6691309 -0.743145 0 -0.6691305 -0.5877854 0 -0.809017 -0.5877863 0 -0.8090164 -0.406736 0 -0.9135457 -0.4067375 0 -0.9135452 -0.2079088 0 -0.9781483 -0.207913 0 -0.9781473 -1.81645e-5 -5.01605e-6 -1 -2.37972e-5 4.99238e-6 -1 -1.76113e-5 0.2079065 -0.9781487 -1.01505e-5 2.34023e-5 -1 2.57418e-6 3.13382e-6 -1 -1.44183e-5 0.8660187 -0.5000119 -0.1926928 0.8442981 -0.5000302 -4.30197e-5 0.7431441 -0.6691315 -0.2064116 0.02468818 -0.9781538 -0.2079094 1.01104e-5 -0.9781481 -1.91182e-5 -3.43658e-7 -1 -2.24635e-5 -1.05426e-6 -1 -0.4038479 0.04830926 -0.9135498 -0.406739 -1.42623e-5 -0.9135445 -0.5836101 0.06980568 -0.8090281 -0.5877831 1.03228e-5 -0.8090187 -0.2026885 0.04626756 -0.9781497 -3.9272e-5 9.92417e-6 -1 -0.7378897 0.08827787 -0.6691232 -0.8660053 3.31998e-5 -0.5000351 -0.7431436 3.05586e-5 -0.6691321 -0.8443074 0.1927108 -0.5000078 -0.396536 0.09051078 -0.9135465 -0.5730467 0.1307953 -0.809018 -0.7245133 0.1653624 -0.6691307 -0.1923382 0.07896578 -0.9781465 -1.02669e-5 2.63378e-6 -1 -0.3762661 0.1544685 -0.9135444 -0.1873415 0.09017574 -0.978147 -2.86698e-5 1.8131e-5 -1 -0.5437499 0.2232192 -0.8090174 -0.3664569 0.1764767 -0.9135454 -0.6874696 0.2822144 -0.6691343 -0.7802584 0.3757476 -0.5000109 -0.1781839 0.1070618 -0.9781556 -0.5295645 0.2550421 -0.8090211 -0.3486739 0.2094433 -0.9135426 -0.6695532 0.3224344 -0.6691298 -0.5038643 0.302676 -0.8090168 -0.1625342 0.1296219 -0.9781517 -4.13582e-5 2.48179e-5 -1 -0.6370429 0.3826808 -0.6691276 -0.6770815 0.5399482 -0.5000166 -0.3179944 0.2535961 -0.9135473 -0.4595379 0.366482 -0.8090215 -0.5809947 0.4633563 -0.6691384 -0.1379088 0.155578 -0.9781496 -3.4947e-5 3.06964e-5 -1 -0.269788 0.3043775 -0.9135473 -0.1296328 0.1625504 -0.9781476 -8.66503e-6 -1.43051e-6 -1 -0.3898853 0.4398589 -0.8090201 -0.2535883 0.3180021 -0.9135468 -0.4929174 0.556133 -0.6691402 -0.5399438 0.6770705 -0.5000364 -0.3664804 0.459548 -0.8090166 -0.1079153 0.1776807 -0.9781533 -0.4633345 0.5810204 -0.6691312 -0.2111185 0.3476678 -0.9135404 -0.09020876 0.1873223 -0.9781476 -1.62572e-5 1.67713e-5 -1 -0.3051014 0.5023954 -0.8090192 -0.1764954 0.3664317 -0.913552 -0.3857405 0.6351879 -0.6691343 -0.3757533 0.7802526 -0.5000156 -0.07951503 0.1920985 -0.978149 -0.2550354 0.5295712 -0.8090188 -0.1555609 0.3758088 -0.9135473 -0.3224363 0.6695513 -0.6691308 -0.2248064 0.5430903 -0.8090211 -0.2842398 0.686627 -0.6691421 -0.04926431 0.2019827 -0.9781494 -1.70656e-5 0.4067322 -0.9135475 -0.09640479 0.3951559 -0.9135415 -5.1558e-6 0.5877813 -0.8090199 -0.139267 0.5710376 -0.8090246 -0.1761196 0.7219763 -0.6691279 6.53363e-6 0.8660029 -0.5000391 -4.99238e-6 0.8660139 -0.5000201 3.08258e-4 0.7432804 -0.66898 1.81666e-7 0.7122659 -0.7019098 1.42918e-4 0.5877967 -0.8090087 1.02865e-6 0.5343168 -0.8452843 1.62135e-4 0.4067372 -0.9135453 -2.20962e-6 0.350026 -0.93674 1.26335e-4 0.2078949 -0.9781512 -2.11503e-6 0.177812 -0.9840646 -2.41038e-7 2.10479e-5 -1 4.1558e-6 3.98159e-5 -1 1.23046e-5 4.14699e-5 -1 -1.82912e-6 0.173425 -0.9848472 3.52506e-6 1.49608e-5 -1 -0.020846 0.1249362 -0.9919459 -9.43989e-6 3.3039e-5 -1 -0.1293306 0.8807614 -0.455558 1.27584e-4 0.8660212 -0.5000075 1.1874e-4 0.7154988 -0.698614 -0.04273575 0.2492817 -0.9674877 -0.07987475 0.4456794 -0.891622 -0.1887155 0.9574869 -0.2181866 -0.1959708 0.9164691 -0.3488264 -0.1733915 0.8880438 -0.4258095 -0.06845355 0.5130209 -0.8556423 1.11107e-4 0.5351151 -0.8447793 6.21974e-5 0.3467388 -0.9379618 -0.1135659 0.5475029 -0.8290618 -0.148049 0.7730804 -0.6167888 -0.1157832 0.6221328 -0.7743029 -1 0 0 -1 -2.50354e-5 0 -1 1.66295e-5 0 -1 -8.39967e-6 0 -1 7.78003e-6 0 -1 1.36794e-6 0 -1 -5.47306e-6 0 -1 -1.66698e-6 0 -1 3.76514e-7 0 -1 -3.35233e-7 0 -1 -1.51214e-5 0 -1 4.64922e-5 0 -0.6123723 0.3535533 -0.7071069 -0.6123729 0.3535537 -0.7071062 -9.22999e-5 2.17557e-5 -1 4.60874e-5 0.2392846 -0.9709495 0 2.61664e-5 -1 -1.39433e-4 0.2419004 -0.9703011 6.01232e-5 0.4646918 -0.8854725 2.59764e-7 0.4694629 -0.8829522 -1.26878e-6 0.6113372 -0.7913703 -9.74396e-7 0.6631226 -0.7485108 -9.3116e-6 0.7452918 -0.6667385 1.13649e-4 0.8229947 -0.5680492 2.03359e-6 0.8468405 -0.5318471 1.3259e-5 0.9350155 -0.3546071 -1.83517e-6 0.9191614 -0.3938813 -9.93313e-5 0.9691736 -0.2463788 -4.2952e-5 0.9927085 -0.1205408 -2.51891e-5 0.9956663 -0.09299832 -5.82153e-6 0.9980375 0.0626198 -1.11733e-5 0.9927089 0.1205375 -5.74939e-5 0.9761631 0.2170385 3.65431e-5 0.9350157 0.3546065 2.28093e-5 0.9305701 0.3661138 -2.57737e-4 0.8627225 0.5056776 3.8436e-5 0.8229845 0.5680641 -3.62967e-4 0.7732976 0.6340433 7.61566e-6 0.6631227 0.7485107 1.75976e-6 0.6657455 0.7461789 -1.5585e-4 0.5418354 0.8404846 2.43626e-5 0.464722 0.8854567 -4.52427e-5 0.4045571 0.9145129 -1.78874e-5 0.2393144 0.9709421 1.23997e-7 0.2577885 0.9662015 1.49497e-4 0.1301072 0.9915 -3.10596e-6 4.44e-5 1 0 3.9354e-5 1 -9.22996e-5 -2.1264e-5 1 4.60876e-5 -0.239285 0.9709494 0 -2.56822e-5 1 -1.39463e-4 -0.2418995 0.9703013 1.98449e-5 -0.4647128 0.8854615 1.95383e-7 -0.4694637 0.8829518 -1.55714e-6 -0.6113383 0.7913694 4.50457e-5 -0.6631202 0.7485129 3.37372e-6 -0.7453232 0.6667034 6.80751e-5 -0.8229902 0.5680555 2.3383e-6 -0.8468388 0.5318497 1.32966e-5 -0.9350155 0.3546071 -3.91029e-5 -0.9191949 0.393803 4.03137e-5 -0.9691706 0.2463909 3.47686e-6 -0.9927089 0.1205362 -2.72585e-5 -0.9956659 0.09300386 -5.6742e-6 -0.998037 -0.062626 -1.09099e-5 -0.9927088 -0.1205375 7.2467e-5 -0.9761732 -0.2169929 3.66092e-5 -0.9350157 -0.3546064 2.26856e-5 -0.9305712 -0.3661111 -4.44692e-6 -0.8625241 -0.506016 3.84428e-5 -0.8229843 -0.5680642 -3.62932e-4 -0.7732973 -0.6340436 7.61764e-6 -0.6631228 -0.7485107 1.76014e-6 -0.6657458 -0.7461787 -3.65012e-5 -0.5417709 -0.8405262 -2.17997e-5 -0.4647241 -0.8854556 -1.59129e-4 -0.4042754 -0.9146373 -1.7798e-5 -0.2393144 -0.9709422 0 -0.2577871 -0.9662019 -1.05968e-4 -0.1299007 -0.991527 -3.08966e-6 -4.53015e-5 -1 0 -3.83854e-5 -1 -9.22999e-5 2.17035e-5 -1 4.61028e-5 0.2392812 -0.9709503 0 2.52053e-5 -1 -1.39493e-4 0.241901 -0.970301 -5.90267e-5 0.4647541 -0.8854398 -1.0002e-6 0.4694663 -0.8829504 -1.33784e-6 0.6113368 -0.7913706 4.49592e-5 0.6631202 -0.7485129 -9.56672e-6 0.7452911 -0.6667394 2.33043e-5 0.8229862 -0.5680615 1.77168e-6 0.8468418 -0.531845 1.24195e-5 0.9350155 -0.3546069 3.34781e-7 0.9191594 -0.3938857 -9.91286e-5 0.9691734 -0.2463799 3.39909e-6 0.9927089 -0.1205363 -2.94898e-5 0.9956652 -0.09300982 -5.92211e-6 0.9980376 0.06261682 -1.13562e-5 0.9927088 0.1205375 7.22646e-5 0.9761732 0.216993 3.67846e-5 0.9350157 0.3546065 2.26784e-5 0.9305744 0.3661029 -5.61718e-6 0.8625251 0.5060144 3.85669e-5 0.8229843 0.5680642 -3.62821e-4 0.7732971 0.6340438 7.65268e-6 0.6631228 0.7485107 1.76113e-6 0.6657418 0.7461822 -3.76967e-5 0.5417718 0.8405256 2.43608e-5 0.464722 0.8854567 -4.26805e-5 0.4045661 0.9145088 2.81883e-5 0.2393177 0.9709414 1.19508e-7 0.2577884 0.9662015 -1.05956e-4 0.1299002 0.9915271 -3.10596e-6 4.43851e-5 1 0 3.88846e-5 1 -9.22391e-5 -2.08989e-5 1 4.61054e-5 -0.2392864 0.9709491 0 -2.71425e-5 1 -1.39461e-4 -0.2419007 0.970301 -6.19358e-5 -0.4647552 0.8854393 -1.00159e-6 -0.4694607 0.8829534 -1.04378e-6 -0.6113349 0.7913721 -1.13901e-6 -0.6631226 0.7485108 -9.79693e-6 -0.7452904 0.66674 2.21534e-5 -0.822986 0.5680618 2.64386e-6 -0.8468363 0.5318538 1.41457e-5 -0.9350154 0.3546072 -3.91021e-5 -0.919195 0.3938029 -9.95043e-5 -0.9691737 0.2463788 3.0509e-6 -0.9927089 0.1205362 -2.30538e-5 -0.9956668 0.09299248 -1.57187e-5 -0.998057 -0.06230896 -1.06173e-5 -0.9927088 -0.1205376 -6.08988e-5 -0.9761625 -0.217041 3.62101e-5 -0.9350157 -0.3546062 -1.95419e-5 -0.9306856 -0.3658202 -5.58296e-6 -0.8625251 -0.5060144 3.87024e-5 -0.8229843 -0.5680641 -3.62827e-4 -0.773289 -0.6340536 5.40669e-5 -0.6631232 -0.7485103 1.75807e-6 -0.6657396 -0.7461842 -3.77841e-5 -0.541772 -0.8405256 2.39713e-5 -0.4647222 -0.8854566 9.64486e-7 -0.4046709 -0.9144625 -1.75987e-5 -0.2393146 -0.9709421 0 -0.2577843 -0.9662025 -1.05958e-4 -0.1299011 -0.991527 -3.16813e-6 -4.44521e-5 -1 0 -4.08292e-5 -1 0.7071068 -0.7071068 0 0.2393138 0 -0.9709423 2.49147e-5 0 -1 2.563e-5 0 -1 0.2393155 0 -0.9709419 0.4647228 0 -0.8854563 0.4647247 0 -0.8854553 0.6631232 0 -0.7485104 0.6631247 0 -0.7485089 0.822984 0 -0.5680646 0.8229851 0 -0.568063 0.9350169 0 -0.3546035 0.9350168 0 -0.3546036 0.9350172 0 0.3546026 0.9350165 0 0.3546044 0.8229845 0 0.5680639 0.8229845 0 0.5680638 0.6631239 0 0.7485097 0.663124 0 0.7485097 0.4647238 0 0.8854557 0.2393148 0 0.970942 0.2393144 0 0.9709421 2.49147e-5 0 1 2.563e-5 0 1 -0.2393163 0 0.9709417 -2.49147e-5 0 1 -2.563e-5 0 1 -0.239318 0 0.9709413 -0.4647225 0 0.8854564 -0.4647223 0 0.8854565 -0.6631208 0 0.7485125 -0.6631209 0 0.7485123 -0.8229845 0 0.5680638 -0.8229845 0 0.5680639 -0.9350165 0 0.3546045 -0.9350172 0 0.3546025 -0.9350172 0 -0.3546025 -0.9350164 0 -0.3546045 -0.8229845 0 -0.5680638 -0.8229845 0 -0.5680639 -0.6631208 0 -0.7485125 -0.6631209 0 -0.7485123 -0.4647234 0 -0.8854559 -0.4647214 0 -0.885457 -0.239318 0 -0.9709413 -0.2393163 0 -0.9709417 -2.49147e-5 0 -1 -2.563e-5 0 -1 -0.6546543 0 -0.7559284 -0.6546543 0 0.7559284 0.8660238 -0.500003 1.93134e-5 0.866057 -0.4999451 7.07982e-6 0.8660061 -0.5000335 -1.37535e-6 0.8660323 -0.4999882 -1.12968e-5 0.8661704 -0.4997489 2.68933e-5 0.8661705 -0.4997488 2.69041e-5 0.8661704 -0.4997488 2.69598e-5 0.8660469 -0.4999629 -1.47312e-6 0.8660469 -0.4999629 -1.47245e-6 0.8660469 -0.4999629 -1.47076e-6 0.8660243 -0.5000022 -3.57009e-6 0.8660395 -0.4999755 -1.48627e-5 0.8660271 -0.499997 4.28941e-6 0.8660244 -0.5000017 0 0.8660243 -0.500002 1.48411e-7 0.8660269 -0.4999975 1.96912e-7 0.8660248 -0.500001 2.45486e-6 0.866025 -0.5000007 -6.10352e-6 0.8660187 -0.5000119 4.19048e-7 0.8660303 -0.4999915 3.36334e-7 0.8660583 -0.4999431 1.1062e-5 0.8660266 -0.4999978 0 0.8660472 -0.4999623 1.83476e-5 0.8660064 -0.500033 -5.05511e-5 0.8660017 -0.5000412 1.53686e-6 0.8660289 -0.499994 5.64633e-6 0.8660247 -0.5000013 1.02018e-5 0.8659369 -0.5001534 3.96331e-5 0.8659368 -0.5001535 3.96717e-5 0.8659369 -0.5001534 3.96628e-5 0.8660253 -0.5000002 -1.93427e-5 0.8660258 -0.4999994 0 6.60949e-7 0 1 -2.95345e-7 0 1 -1.7726e-7 0 1 -1.02596e-6 0 1 -3.05438e-7 0 1 2.39545e-6 0 1 -7.59409e-7 0 1 4.69828e-6 0 1 2.50693e-7 0 1 -1.6665e-6 0 1 1.22239e-6 0 1 9.34913e-7 0 1 -2.73902e-7 0 1 1.70134e-7 0 1 8.82254e-7 0 1 0 0 1 -1.15024e-6 0 1 -3.57906e-7 0 1 1.87119e-7 0 1 7.55916e-7 0 1 -1.2602e-6 0 1 1.00162e-6 0 1 2.10819e-6 0 1 -1.51239e-6 0 1 -1.31538e-7 0 1 8.27411e-7 0 1 -4.74025e-7 0 1 -2.78715e-7 0 1 1.584e-7 0 1 -0.5373516 0.459587 0.7071303 -0.6123479 0.3535845 0.7071124 -0.5157135 0.4837638 0.7071155 -0.6123718 0.3535556 0.7071063 -0.4443563 0.5501001 0.7070626 -0.3919275 0.5885263 0.7071277 -0.336252 0.6220527 0.7070962 -0.247539 0.6623522 0.7071167 -0.2168189 0.6730597 0.7070928 -0.09017187 0.7013314 0.7071092 -0.09013104 0.7013377 0.7071081 -0.8660258 0.4999994 0 -0.8660253 0.5000001 0 1.82263e-7 0 -1 9.48051e-7 0 -1 -8.02873e-7 0 -1 -9.87428e-7 0 -1 -1.08452e-6 0 -1 1.22741e-6 0 -1 -3.80002e-6 0 -1 8.68008e-7 0 -1 4.92928e-6 0 -1 -1.0121e-6 0 -1 9.41747e-7 0 -1 -1.37897e-7 0 -1 -2.78715e-7 0 -1 -5.34986e-7 0 -1 -1.10582e-6 0 -1 1.16766e-6 0 -1 -3.24922e-7 0 -1 -9.19401e-7 0 -1 2.6848e-6 0 -1 -3.00498e-6 0 -1 -1.33491e-6 0 -1 1.3777e-6 0 -1 -9.56219e-7 0 -1 -5.90691e-7 0 -1 1.15714e-6 0 -1 1.23653e-6 0 -1 0 0 -1 0 0 -1 -0.216819 0.6730596 -0.7070929 -0.09013158 0.7013422 -0.7071036 -0.09017246 0.7013337 -0.7071068 -0.2475392 0.6623521 -0.7071167 -0.336252 0.6220527 -0.7070962 -0.3919278 0.5885261 -0.7071277 -0.4443265 0.5500806 -0.7070964 -0.515713 0.4837641 -0.7071155 -0.5374338 0.4595469 -0.7070939 -0.6123461 0.3535831 -0.7071148 -0.6123735 0.3535565 -0.7071043 1 0 0 -8.29043e-5 -1 -1.64184e-4 1.20649e-4 -1 1.68816e-4 3.25601e-5 -1 5.56791e-5 5.56512e-7 -1 -6.59926e-7 2.26287e-5 -1 2.81192e-5 -1.29796e-5 -1 -3.64679e-5 -1.22749e-5 -1 -4.08549e-5 -4.1086e-5 -1 -8.94868e-5 7.96084e-6 -1 1.5967e-5 -3.49924e-6 -1 -9.5719e-6 7.82679e-6 -1 8.98837e-6 -3.562e-5 -1 7.14301e-5 -3.56229e-5 -1 7.14286e-5 -3.56304e-5 -1 7.14249e-5 -4.21132e-6 -1 -1.04725e-5 -1.04245e-4 -1 1.54019e-4 1.13848e-4 -1 -1.58066e-4 -7.87648e-5 -1 1.48238e-4 2.76695e-5 -1 -4.14616e-5 -5.29203e-5 -1 1.1814e-4 1.51406e-4 -1 -3.29347e-4 -1.75257e-5 -1 4.773e-5 -2.57371e-5 -1 5.9207e-5 -1.08821e-5 -1 3.16388e-5 4.63362e-7 -1 -1.09826e-6 -3.06813e-7 -1 1.06916e-6 9.54518e-6 -1 2.26964e-4 8.98459e-6 -1 -7.32997e-6 3.12754e-6 -1 -2.24572e-4 2.67251e-6 -1 -3.77149e-6 1.85591e-6 -1 -7.44451e-5 1.17423e-5 -1 2.37685e-4 2.13068e-6 -1 -1.08027e-6 7.09904e-6 -1 1.92446e-4 5.81948e-7 -1 -2.06741e-6 9.42989e-6 -1 -2.28239e-6 4.22499e-6 -1 -2.411e-4 2.94938e-7 -1 1.67818e-5 6.69914e-7 -1 2.53512e-7 1.06561e-6 -1 3.53558e-5 1.98866e-6 -1 1.07888e-6 2.76135e-6 -1 2.43265e-4 1.34574e-5 -1 -2.65411e-4 1.08091e-5 -1 9.65637e-6 1.97809e-6 -1 2.91453e-6 -7.68162e-7 -1 1.15311e-4 0 -1 0 0 -1 0 0 -1 1.31309e-7 0 -1 -3.62938e-7 6.00901e-7 -1 -9.72996e-7 -2.2278e-6 -1 1.26915e-5 -1.9132e-6 -1 1.036e-5 4.40941e-6 -1 -2.37742e-5 9.87464e-6 -1 -5.58903e-5 0 -1 9.7323e-5 4.1839e-6 -1 1.02724e-5 0 -1 3.62938e-7 0 -1 -1.31309e-7 0 -1 0 0 -1 0 0 -1 0 0 -1 -1.18947e-4 3.17808e-6 -1 1.75006e-5 3.17575e-6 -1 1.75013e-5 3.31711e-6 -1 1.7475e-5 4.32475e-6 -1 7.2095e-6 6.82473e-6 0.9984758 0.05519258 -1.87249e-5 0.9988439 0.04807275 7.76676e-6 0.996779 0.08019739 1.27554e-5 0.9997011 0.02445298 4.04269e-5 1 1.45882e-5 0 0.9939085 0.1102085 1.79745e-6 0.9940299 0.1091079 1.82888e-6 0.9863144 0.1648761 6.16093e-6 0.9884885 0.1512967 -0.09013015 0.701339 0.7071069 -0.0901302 0.7013388 0.7071072 -0.09012973 0.7013407 0.7071053 -0.3066656 0.9518173 0 -0.1275019 0.9918384 -4.40468e-6 -0.1275041 0.9918381 3.07922e-5 -0.3066659 0.9518173 0 -0.4755275 0.8797009 0 -0.4755316 0.8796986 0 -0.6283563 0.7779257 0 -0.6283627 0.7779206 0 -0.7600027 0.6499201 0 -0.7600049 0.6499174 0 -0.8660046 0.5000362 4.40467e-6 -0.8660045 0.5000362 -3.07922e-5 -0.09012973 0.7013407 -0.7071053 -0.0901302 0.701339 -0.707107 -0.09013015 0.7013389 -0.7071071 8.4471e-7 0.9863145 -0.1648749 -1.09943e-6 0.9884846 -0.1513216 2.32803e-5 0.9927829 -0.1199259 1.14525e-5 0.9964678 -0.0839765 9.85339e-6 0.9939093 -0.1102022 -5.99865e-6 0.9983256 -0.05784595 -4.99189e-6 0.9984762 -0.05518478 3.92199e-5 0.999561 -0.02962785 2.75448e-5 1 -1.48307e-5 -0.8664222 0.4993122 1.88947e-5 -0.8497079 0.4905786 0.1932078 -0.8660244 0.5000018 2.07424e-5 -0.84089 0.485423 0.2393085 -0.8004776 0.4621558 0.3816379 -0.7668529 0.4426847 0.4647226 -0.7087237 0.4091812 0.5747013 -0.6482798 0.3741667 0.6631234 -0.565302 0.3263781 0.7575692 -0.4919533 0.2840418 0.8229838 -0.3778381 0.2181423 0.8998069 -0.3071365 0.1772364 0.9350157 -0.2114196 0.1220625 0.9697436 -0.104406 0.06022793 0.9927095 -0.05326551 0.03075194 0.9981068 0.104369 -0.0603044 0.9927088 0.2652575 -0.1531461 0.9519374 0.1281507 -0.073987 0.9889912 0.3069908 -0.1774468 0.9350237 0.3922883 -0.2264886 0.8915228 0.4919328 -0.2840968 0.822977 0.5210985 -0.3008579 0.7987121 0.6481557 -0.3743593 0.663136 0.7308782 -0.4219735 0.5364285 0.6323392 -0.3650832 0.6832726 0.766797 -0.4427796 0.4647242 0.8027678 -0.4634791 0.3751679 0.8408286 -0.4855299 0.2393077 0.8502877 -0.4909132 0.1897767 0.8660244 -0.500002 2.72468e-5 0.8660245 -0.5000016 3.79996e-5 0.8656947 -0.5005726 -7.50274e-6 0.849714 -0.4905804 -0.1931757 0.8660264 -0.4999983 -2.98917e-5 0.8408465 -0.4854968 -0.2393118 0.8004878 -0.4621599 -0.381612 0.7668492 -0.4426895 -0.4647241 0.7087461 -0.4091945 -0.5746641 0.6481894 -0.3743247 -0.6631225 0.5653052 -0.3263821 -0.757565 0.4919053 -0.2841224 -0.8229846 0.3778395 -0.2181477 -0.899805 0.3070285 -0.1774285 -0.9350149 0.2114064 -0.1220563 -0.9697473 0.104355 -0.06031501 -0.9927095 0.05331104 -0.03077757 -0.9981036 -0.1044179 0.06021875 -0.9927088 -0.2652305 0.153131 -0.9519473 -0.1281299 0.07397592 -0.9889946 -0.3071427 0.177196 -0.9350215 -0.3922606 0.2264726 -0.891539 -0.492003 0.2839833 -0.8229742 -0.6323331 0.365077 -0.6832816 -0.5211024 0.3008577 -0.7987096 -0.6482411 0.374224 -0.6631289 -0.7308735 0.4219705 -0.5364373 -0.7668578 0.4426739 -0.4647248 -0.8027665 0.4634768 -0.3751737 -0.8408899 0.485423 -0.2393093 -0.8502849 0.4909118 -0.1897929 -0.8660292 0.4999935 -3.46676e-5 -0.8660266 0.4999979 -2.69801e-5 -0.8657549 0.5004684 -4.71175e-5 -0.8490441 0.4901955 -0.1970602 -0.8660275 0.4999966 -3.29316e-5 -0.8407585 0.4856617 -0.2392866 -0.8001265 0.4619553 -0.3826161 -0.7667922 0.4427902 -0.4647222 -0.7243482 0.4182046 -0.5481101 -0.6481669 0.3743358 -0.6631383 -0.6276738 0.3623875 -0.6889854 -0.515637 0.2977044 -0.8034242 -0.4919108 0.2841663 -0.8229661 -0.3926537 0.226699 -0.8913084 -0.3070647 0.177359 -0.9350161 -0.2177343 0.1257055 -0.9678791 -0.1044135 0.06022894 -0.9927086 -0.04510593 0.02604228 -0.9986428 0.1043952 -0.0602563 -0.9927089 0.1090099 -0.06293964 -0.9920462 0.2609008 -0.1506332 -0.9535411 0.3071404 -0.1772043 -0.9350206 0.4071217 -0.235052 -0.8826112 0.4920116 -0.283948 -0.8229813 0.5435554 -0.3138213 -0.7785009 0.6483656 -0.3740795 -0.6630887 0.6650109 -0.3839445 -0.6405835 0.7668361 -0.4427106 -0.4647256 0.7644893 -0.4413761 -0.4698333 0.8296194 -0.4789789 -0.2868987 0.84087 -0.4854529 -0.239318 0.8567579 -0.4946513 -0.1458973 0.86603 -0.4999921 -3.55616e-5 0.8660258 -0.4999994 4.1e-6 -0.1274625 0.9918435 0 -0.1274627 0.9918435 -1.55764e-5 -0.1274625 0.9918435 0 -0.127462 0.9918435 0 -0.1274636 0.9918433 1.08736e-5 -0.1274671 0.9918428 2.08204e-5 -0.1274637 0.9918432 0 -0.1274564 0.9918442 0 -0.1274657 0.991843 0 -0.127457 0.9918442 8.32811e-6 -0.1274602 0.9918438 -3.53498e-5 -0.127464 0.9918432 -7.86378e-6 -0.1274608 0.9918437 5.38285e-5 -0.1274623 0.9918434 -7.85332e-6 -0.1274714 0.9918423 1.64725e-5 -0.1274621 0.9918435 0 -0.1274597 0.9918438 2.03226e-5 -0.1274686 0.9918427 0 -0.1274613 0.9918437 0 -0.1274653 0.9918431 0 -0.1274632 0.9918434 4.71623e-6 -0.1274632 0.9918434 -2.27861e-5 -0.1274635 0.9918433 3.40546e-6 -0.1274633 0.9918433 8.26473e-6 -0.1274639 0.9918433 -1.40253e-5 -0.1274639 0.9918432 0 -0.1274464 0.9918455 4.09767e-6 -0.1274588 0.9918439 0 -0.1274734 0.991842 0 -0.1274667 0.9918429 1.39623e-6 -0.1274574 0.9918441 -1.0832e-6 -0.1274633 0.9918433 -1.00649e-5 -0.1274633 0.9918433 4.72457e-6 -0.1274632 0.9918434 -3.17216e-6 -0.1274634 0.9918434 2.31095e-5 -0.1274634 0.9918433 0 -0.1274623 0.9918435 0 -0.1274656 0.9918431 -8.03937e-7 -0.1274626 0.9918434 0 -0.1274634 0.9918434 -3.84707e-7 -0.127464 0.9918433 1.90158e-5 -0.1274632 0.9918434 -5.91153e-6 -0.1274634 0.9918434 1.02771e-6 -0.1274627 0.9918435 -2.93458e-5 -0.1274637 0.9918433 -1.87605e-5 -0.4999939 -0.8660289 -1.49034e-6 -0.5000109 -0.8660193 2.98076e-6 -0.4999989 -0.8660261 -2.59944e-6 -0.5000204 -0.8660136 -2.98083e-6 -0.4999905 -0.866031 -2.07953e-6 -0.5000047 -0.8660228 2.98074e-6 -0.4999985 -0.8660263 -1.03978e-6 -0.4999898 -0.8660314 -1.49032e-6 -0.4999983 -0.8660264 4.15911e-6 -0.4999848 -0.8660342 2.07949e-6 -0.4999997 -0.8660257 -7.45176e-7 -0.4999986 -0.8660263 -4.15911e-6 -0.5000001 -0.8660254 0 -0.5000125 -0.8660183 -1.55971e-6 -0.5 -0.8660255 3.72588e-6 -0.4999982 -0.8660265 0 -0.4999971 -0.8660272 2.98069e-6 -0.4999979 -0.8660266 1.03978e-6 -0.5 -0.8660255 2.9807e-6 -0.4999914 -0.8660304 -8.3181e-6 -0.4999998 -0.8660256 0 -0.4999989 -0.8660261 2.07955e-6 -0.5000098 -0.8660198 1.49038e-6 -0.5000054 -0.8660224 4.15917e-6 -0.4999989 -0.8660261 0 -0.4999991 -0.866026 3.72588e-7 -0.4999939 -0.8660289 1.49034e-6 -0.4999916 -0.8660302 2.07952e-6 -0.5000059 -0.8660221 0 -0.5000129 -0.866018 0 -0.4999991 -0.8660261 -1.49035e-6 -0.5000048 -0.8660227 4.15917e-6 -0.5000005 -0.8660252 0 -0.4999989 -0.8660261 -2.07955e-6 -0.5000004 -0.8660253 -5.96141e-6 -0.5000126 -0.8660182 1.03981e-6 -0.4999896 -0.8660314 0 -0.4999997 -0.8660257 2.9807e-6 -0.5000054 -0.8660224 -1.03979e-6 -0.5000001 -0.8660254 1.11776e-6 -0.5000125 -0.8660183 0 -0.5000049 -0.8660227 -2.98074e-6 -0.4999986 -0.8660263 -9.35799e-6 -0.4999998 -0.8660256 7.45176e-7 -0.4999959 -0.8660278 -6.23864e-6 -0.4999981 -0.8660266 6.23866e-6 -0.4999996 -0.8660257 8.94211e-6 -0.5 -0.8660254 -1.49035e-6 -0.5000022 -0.8660242 0 -0.4999995 -0.8660258 0 -0.4999983 -0.8660265 0 -0.5000021 -0.8660242 0 -0.9659256 -0.2588199 -3.58868e-5 -0.9481319 -0.2690896 -0.1692241 -0.9659258 -0.2588195 4.32134e-7 -0.9481341 -0.2690846 -0.1692197 -0.8957871 -0.2993007 -0.3286102 -0.8957824 -0.2993192 -0.3286063 -0.8119192 -0.3477346 -0.4689009 -0.8119181 -0.3477421 -0.4688972 -0.7014216 -0.4115217 -0.5819432 -0.7014122 -0.4115468 -0.5819367 -0.5707061 -0.4869913 -0.6611612 -0.570694 -0.4870209 -0.6611497 -0.4273695 -0.5697461 -0.7019578 -0.4273632 -0.5697618 -0.7019488 -0.279738 -0.6549872 -0.7019533 -0.279734 -0.6549985 -0.7019444 -0.1364008 -0.7377417 -0.6611596 -0.136401 -0.7377455 -0.6611554 -0.005684733 -0.8132117 -0.5819404 -0.005684316 -0.8132148 -0.581936 0.1048137 -0.8770106 -0.4688994 0.1048139 -0.8770112 -0.4688981 0.1886761 -0.9254273 -0.3286117 0.1886746 -0.9254307 -0.3286031 0.2410225 -0.9556533 -0.1692188 0.2410222 -0.955655 -0.1692099 0.2588232 -0.9659247 -2.88859e-5 0.2588196 -0.9659257 -2.90075e-5 0.8663509 -0.4994359 6.95884e-6 0.8487776 -0.4900409 0.1985866 0.8660252 -0.5000004 4.49643e-5 0.840887 -0.4854286 0.2393079 0.7994668 -0.4615706 0.3844548 0.7668669 -0.4426603 0.4647224 0.7229481 -0.4173933 0.5505715 0.648247 -0.3742138 0.6631289 0.6251393 -0.3609235 0.6920514 0.4919752 -0.2840113 0.8229812 0.5125252 -0.2959066 0.8060753 0.3889486 -0.2245632 0.893471 0.3071507 -0.1772082 0.9350164 0.2106993 -0.1216477 0.9699524 0.1044055 -0.06023669 0.9927089 0.004138529 -0.002393484 0.9999887 -0.104383 0.06027674 0.9927089 -0.2026038 0.1169711 0.9722497 -0.3070544 0.1773769 0.935016 -0.4026903 0.2324898 0.8853187 -0.4919325 0.2840785 0.8229835 -0.58161 0.3357905 0.7409282 -0.6481681 0.3743615 0.6631227 -0.7204543 0.4159536 0.5549129 -0.7667757 0.4428199 0.4647208 -0.8026658 0.4634195 0.3754599 -0.8408286 0.48553 0.2393069 -0.8496927 0.4905707 0.1932943 -0.8660292 0.4999936 2.24262e-5 -0.8660235 0.5000035 3.44639e-5 0.2588269 -0.9659237 2.88843e-5 0.2410222 -0.955655 0.1692099 0.2588201 -0.9659255 2.90051e-5 0.2410225 -0.9556533 0.1692188 0.1886746 -0.9254307 0.3286031 0.1886761 -0.9254273 0.3286117 0.1048139 -0.8770112 0.4688981 0.1048135 -0.877011 0.4688985 -0.005684375 -0.8132151 0.5819355 -0.005684792 -0.813212 0.5819398 -0.136401 -0.7377452 0.6611557 -0.1364006 -0.7377407 0.6611608 -0.2797338 -0.6549982 0.7019447 -0.2797379 -0.6549866 0.701954 -0.4273633 -0.5697618 0.7019488 -0.4273697 -0.5697462 0.7019576 -0.5706942 -0.487021 0.6611496 -0.5707082 -0.4869861 0.6611631 -0.7014131 -0.4115435 0.5819378 -0.701424 -0.4115134 0.5819461 -0.8119181 -0.3477421 0.4688972 -0.8119191 -0.3477346 0.4689009 -0.8957824 -0.2993192 0.3286063 -0.8957862 -0.2993038 0.3286099 -0.9481284 -0.2690989 0.1692289 -0.9481338 -0.269083 0.1692236 -0.9659267 -0.258816 4.13521e-5 -0.9659243 -0.2588251 3.12477e-5</float_array>
          <technique_common>
            <accessor source="#_204_MECA_025_SPEC_stp-mesh-normals-array" count="2883" stride="3">
              <param name="X" type="float"/>
              <param name="Y" type="float"/>
              <param name="Z" type="float"/>
            </accessor>
          </technique_common>
        </source>
        <vertices id="_204_MECA_025_SPEC_stp-mesh-vertices">
          <input semantic="POSITION" source="#_204_MECA_025_SPEC_stp-mesh-positions"/>
        </vertices>
        <triangles material="mat_0-material" count="3798">
          <input semantic="VERTEX" source="#_204_MECA_025_SPEC_stp-mesh-vertices" offset="0"/>
          <input semantic="NORMAL" source="#_204_MECA_025_SPEC_stp-mesh-normals" offset="1"/>
          <p>9 0 0 1 1 2 10 3 1 2 2 4 10 3 9 0 1 2 11 5 2 4 3 6 11 5 10 3 2 4 12 7 3 6 4 8 12 7 11 5 3 6 13 9 4 8 5 10 13 9 12 7 4 8 14 11 5 10 6 12 14 11 13 9 5 10 15 13 6 12 7 14 15 13 14 11 6 12 8 15 15 13 7 14 23 16 24 17 31 18 22 19 31 18 30 20 22 19 23 16 31 18 21 21 30 20 29 22 21 21 22 19 30 20 20 23 29 22 28 24 20 23 21 21 29 22 19 25 28 24 27 26 19 25 20 23 28 24 18 27 27 26 26 28 18 27 19 25 27 26 17 29 26 28 25 30 17 29 18 27 26 28 16 31 17 29 25 30 48 32 46 33 32 34 49 35 46 33 48 32 50 36 32 34 33 37 50 36 33 37 34 38 50 36 34 38 35 39 50 36 48 32 32 34 51 40 46 33 49 35 52 41 35 39 36 42 52 41 36 42 37 43 52 41 48 32 50 36 52 41 49 35 48 32 52 41 50 36 35 39 53 44 47 45 46 33 53 44 46 33 51 40 54 46 37 43 38 47 54 46 38 47 39 48 54 46 49 35 52 41 54 46 52 41 37 43 54 46 51 40 49 35 55 49 47 45 53 44 56 50 39 48 40 51 56 50 53 44 51 40 56 50 54 46 39 48 56 50 51 40 54 46 57 52 47 45 55 49 58 53 40 51 41 54 58 53 41 54 42 55 58 53 56 50 40 51 58 53 55 49 53 44 58 53 53 44 56 50 59 56 42 55 43 57 59 56 43 57 44 58 59 56 44 58 45 59 59 56 45 59 47 45 59 56 58 53 42 55 59 56 47 45 57 52 59 56 57 52 55 49 59 56 55 49 58 53 76 60 74 61 77 62 78 63 60 64 61 65 78 63 61 65 62 66 78 63 62 66 63 67 78 63 74 61 60 64 78 63 77 62 74 61 79 68 74 61 76 60 80 69 63 67 64 70 80 69 64 70 65 71 80 69 77 62 78 63 80 69 76 60 77 62 80 69 78 63 63 67 81 72 75 73 74 61 81 72 74 61 79 68 82 74 65 71 66 75 82 74 66 75 67 76 82 74 76 60 80 69 82 74 80 69 65 71 82 74 79 68 76 60 83 77 75 73 81 72 84 78 67 76 68 79 84 78 81 72 79 68 84 78 82 74 67 76 84 78 79 68 82 74 85 80 75 73 83 77 86 81 68 79 69 82 86 81 69 82 70 83 86 81 84 78 68 79 86 81 83 77 81 72 86 81 81 72 84 78 87 84 70 83 71 85 87 84 71 85 72 86 87 84 72 86 73 87 87 84 73 87 75 73 87 84 86 81 70 83 87 84 75 73 85 80 87 84 85 80 83 77 87 84 83 77 86 81 112 88 118 89 111 90 119 91 94 92 95 93 119 91 105 94 104 95 119 91 95 93 105 94 120 96 93 97 94 92 120 96 94 92 119 91 121 98 119 91 104 95 122 99 92 100 93 97 122 99 93 97 120 96 123 101 104 95 103 102 123 101 121 98 104 95 124 103 120 96 119 91 124 103 119 91 121 98 125 104 91 105 92 100 125 104 92 100 122 99 126 106 121 98 123 101 126 106 124 103 121 98 127 107 120 96 124 103 127 107 122 99 120 96 128 108 123 101 103 102 129 109 90 110 91 105 129 109 91 105 125 104 130 111 127 107 124 103 130 111 124 103 126 106 131 112 122 99 127 107 131 112 125 104 122 99 132 113 123 101 128 108 132 113 126 106 123 101 133 114 88 115 89 116 133 114 89 116 90 110 133 114 113 117 88 115 133 114 90 110 129 109 134 118 127 107 130 111 134 118 131 112 127 107 135 119 129 109 125 104 135 119 125 104 131 112 136 120 126 106 132 113 136 120 130 111 126 106 137 121 103 102 102 122 137 121 128 108 103 102 138 123 131 112 134 118 138 123 135 119 131 112 139 124 113 117 133 114 139 124 133 114 129 109 139 124 135 119 138 123 139 124 129 109 135 119 140 125 134 118 130 111 140 125 138 123 134 118 140 125 130 111 136 120 141 126 128 108 137 121 141 126 132 113 128 108 142 127 139 124 138 123 142 127 113 117 139 124 143 128 138 123 140 125 144 129 132 113 141 126 144 129 136 120 132 113 145 130 102 122 101 131 145 130 137 121 102 122 146 132 142 127 138 123 146 132 114 133 113 117 146 132 113 117 142 127 146 132 138 123 143 128 147 134 140 125 136 120 147 134 136 120 144 129 148 135 101 131 100 136 148 135 145 130 101 131 149 137 141 126 137 121 149 137 137 121 145 130 150 138 143 128 140 125 150 138 140 125 147 134 151 139 149 137 145 130 151 139 145 130 148 135 152 140 144 129 141 126 152 140 141 126 149 137 153 141 143 128 150 138 153 141 114 133 146 132 153 141 146 132 143 128 154 142 148 135 100 136 155 143 152 140 149 137 155 143 149 137 151 139 156 144 147 134 144 129 156 144 144 129 152 140 157 145 151 139 148 135 157 145 148 135 154 142 158 146 152 140 155 143 158 146 156 144 152 140 159 147 150 138 147 134 159 147 147 134 156 144 159 147 156 144 158 146 160 148 151 139 157 145 160 148 155 143 151 139 161 149 100 136 99 150 161 149 154 142 100 136 162 151 159 147 158 146 163 152 115 153 114 133 163 152 114 133 153 141 163 152 153 141 150 138 163 152 150 138 159 147 163 152 159 147 162 151 164 154 99 150 98 155 164 154 161 149 99 150 165 156 158 146 155 143 165 156 155 143 160 148 166 157 157 145 154 142 166 157 154 142 161 149 167 158 115 153 163 152 167 158 163 152 162 151 168 159 161 149 164 154 168 159 166 157 161 149 169 160 158 146 165 156 169 160 162 151 158 146 170 161 160 148 157 145 170 161 157 145 166 157 170 161 165 156 160 148 171 162 170 161 166 157 171 162 166 157 168 159 172 163 167 158 162 151 172 163 162 151 169 160 172 163 116 164 115 153 172 163 115 153 167 158 173 165 165 156 170 161 174 166 98 155 97 167 174 166 164 154 98 155 175 168 173 165 170 161 175 168 170 161 171 162 176 169 165 156 173 165 176 169 173 165 175 168 176 169 169 160 165 156 177 170 164 154 174 166 177 170 168 159 164 154 178 171 176 169 175 168 179 172 172 163 169 160 179 172 116 164 172 163 179 172 176 169 178 171 179 172 169 160 176 169 180 173 168 159 177 170 180 173 175 168 171 162 180 173 171 162 168 159 181 174 117 175 116 164 181 174 116 164 179 172 181 174 179 172 178 171 182 176 175 168 180 173 183 177 97 167 96 178 183 177 96 178 106 179 183 177 174 166 97 167 184 180 178 171 175 168 184 180 175 168 182 176 185 181 106 179 107 182 185 181 177 170 174 166 185 181 183 177 106 179 185 181 174 166 183 177 186 183 117 175 181 174 186 183 178 171 184 180 186 183 181 174 178 171 187 184 107 182 108 185 187 184 180 173 177 170 187 184 182 176 180 173 187 184 185 181 107 182 187 184 177 170 185 181 188 186 108 185 109 187 188 186 109 187 110 188 188 186 187 184 108 185 188 186 182 176 187 184 189 189 110 188 111 90 189 189 182 176 188 186 189 189 184 180 182 176 189 189 188 186 110 188 190 190 118 89 117 175 190 190 117 175 186 183 190 190 186 183 184 180 190 190 189 189 111 90 190 190 184 180 189 189 190 190 111 90 118 89 221 191 207 192 206 193 198 194 205 195 197 196 222 197 221 191 220 198 222 197 207 192 221 191 223 199 208 200 207 192 223 199 207 192 222 197 224 201 222 197 220 198 225 202 209 203 208 200 225 202 208 200 223 199 226 204 220 198 219 205 226 204 224 201 220 198 227 206 223 199 222 197 227 206 222 197 224 201 228 207 210 208 209 203 228 207 209 203 225 202 229 209 227 206 224 201 229 209 224 201 226 204 230 210 225 202 223 199 230 210 223 199 227 206 231 211 226 204 219 205 232 212 211 213 210 208 232 212 210 208 228 207 233 214 230 210 227 206 233 214 227 206 229 209 234 215 225 202 230 210 234 215 228 207 225 202 235 216 229 209 226 204 235 216 226 204 231 211 236 217 200 218 199 219 236 217 212 220 211 213 236 217 199 219 212 220 236 217 211 213 232 212 237 221 230 210 233 214 237 221 234 215 230 210 238 222 232 212 228 207 238 222 228 207 234 215 239 223 233 214 229 209 239 223 229 209 235 216 240 224 219 205 218 225 240 224 231 211 219 205 241 226 238 222 234 215 241 226 234 215 237 221 242 227 232 212 238 222 242 227 236 217 232 212 242 227 200 218 236 217 243 228 237 221 233 214 243 228 233 214 239 223 244 229 231 211 240 224 244 229 235 216 231 211 245 230 200 218 242 227 245 230 242 227 238 222 245 230 238 222 241 226 246 231 241 226 237 221 246 231 237 221 243 228 246 231 245 230 241 226 247 232 239 223 235 216 247 232 235 216 244 229 248 233 218 225 217 234 248 233 240 224 218 225 249 235 201 236 200 218 249 235 200 218 245 230 249 235 245 230 246 231 250 237 239 223 247 232 250 237 243 228 239 223 251 238 248 233 217 234 251 238 217 234 216 239 252 240 244 229 240 224 252 240 240 224 248 233 253 241 246 231 243 228 253 241 243 228 250 237 254 242 252 240 248 233 254 242 248 233 251 238 255 243 247 232 244 229 255 243 244 229 252 240 256 244 246 231 253 241 256 244 249 235 246 231 256 244 201 236 249 235 257 245 251 238 216 239 257 245 254 242 251 238 258 246 252 240 254 242 258 246 255 243 252 240 259 247 250 237 247 232 259 247 253 241 250 237 259 247 247 232 255 243 260 248 254 242 257 245 260 248 258 246 254 242 261 249 255 243 258 246 261 249 259 247 255 243 262 250 253 241 259 247 263 251 258 246 260 248 263 251 261 249 258 246 264 252 216 239 215 253 264 252 257 245 216 239 265 254 259 247 261 249 265 254 262 250 259 247 266 255 202 256 201 236 266 255 256 244 253 241 266 255 201 236 256 244 266 255 253 241 262 250 267 257 215 253 214 258 267 257 264 252 215 253 268 259 261 249 263 251 269 260 260 248 257 245 269 260 257 245 264 252 270 261 262 250 265 254 270 261 266 255 262 250 270 261 202 256 266 255 271 262 269 260 264 252 271 262 264 252 267 257 272 263 265 254 261 249 272 263 261 249 268 259 273 264 263 251 260 248 273 264 260 248 269 260 274 265 273 264 269 260 274 265 269 260 271 262 275 266 265 254 272 263 275 266 203 267 202 256 275 266 202 256 270 261 275 266 270 261 265 254 276 268 263 251 273 264 276 268 272 263 268 259 276 268 268 259 263 251 277 269 214 258 213 270 277 269 267 257 214 258 278 271 276 268 273 264 278 271 273 264 274 265 279 272 275 266 272 263 279 272 272 263 276 268 280 273 267 257 277 269 280 273 271 262 267 257 281 274 276 268 278 271 281 274 279 272 276 268 282 275 203 267 275 266 282 275 275 266 279 272 282 275 279 272 281 274 283 276 274 265 271 262 283 276 271 262 280 273 284 277 204 278 203 267 284 277 203 267 282 275 284 277 282 275 281 274 285 279 278 271 274 265 285 279 274 265 283 276 286 280 191 281 192 282 286 280 213 270 191 281 286 280 277 269 213 270 287 283 281 274 278 271 287 283 278 271 285 279 288 284 192 282 193 285 288 284 280 273 277 269 288 284 286 280 192 282 288 284 277 269 286 280 289 286 284 277 281 274 289 286 281 274 287 283 289 286 204 278 284 277 290 287 193 285 194 288 290 287 283 276 280 273 290 287 288 284 193 285 290 287 280 273 288 284 290 287 285 279 283 276 291 289 194 288 195 290 291 289 285 279 290 287 291 289 290 287 194 288 292 291 195 290 196 292 292 291 287 283 285 279 292 291 285 279 291 289 292 291 291 289 195 290 292 291 289 286 287 283 293 293 196 292 197 196 293 293 205 195 204 278 293 293 204 278 289 286 293 293 292 291 196 292 293 293 289 286 292 291 293 293 197 196 205 195 322 294 323 294 324 294 325 295 322 295 324 295 319 295 320 295 321 295 319 296 321 296 322 296 319 297 325 297 326 297 319 298 326 298 327 298 319 295 322 295 325 295 318 295 319 295 327 295 317 295 318 295 327 295 316 299 317 299 327 299 314 295 315 295 316 295 313 300 314 300 316 300 312 301 316 301 327 301 312 295 313 295 316 295 328 295 312 295 327 295 329 302 312 302 328 302 330 303 312 303 329 303 331 304 312 304 330 304 332 305 312 305 331 305 294 295 295 295 296 295 300 306 297 306 298 306 300 307 298 307 299 307 301 308 296 308 297 308 301 309 297 309 300 309 303 310 301 310 302 310 303 311 296 311 301 311 303 295 294 295 296 295 311 295 334 295 335 295 311 312 335 312 336 312 311 295 336 295 337 295 311 295 337 295 338 295 311 313 338 313 339 313 311 295 339 295 340 295 311 314 340 314 341 314 304 315 294 315 303 315 304 295 311 295 341 295 304 316 341 316 342 316 304 317 342 317 343 317 304 318 343 318 294 318 310 295 311 295 304 295 306 319 304 319 305 319 307 320 308 320 309 320 307 321 309 321 310 321 307 295 310 295 304 295 307 322 304 322 306 322 311 323 312 323 333 323 333 295 312 295 332 295 311 295 333 295 334 295 353 324 352 325 362 326 345 327 363 328 344 329 351 330 355 331 350 332 366 333 357 334 356 335 366 333 356 335 365 336 367 337 358 338 357 334 367 337 357 334 366 333 368 339 359 340 358 338 368 339 358 338 367 337 369 341 360 342 359 340 369 341 359 340 368 339 370 343 365 336 364 344 370 343 366 333 365 336 371 345 361 346 360 342 371 345 360 342 369 341 372 347 366 333 370 343 372 347 367 337 366 333 373 348 362 326 361 346 373 348 353 324 362 326 373 348 361 346 371 345 374 349 368 339 367 337 374 349 367 337 372 347 375 350 371 345 369 341 375 350 369 341 368 339 375 350 368 339 374 349 376 351 345 327 346 352 376 351 364 344 363 328 376 351 370 343 364 344 376 351 363 328 345 327 377 353 371 345 375 350 378 354 346 352 347 355 378 354 372 347 370 343 378 354 376 351 346 352 378 354 370 343 376 351 379 356 354 357 353 324 379 356 355 331 354 357 379 356 373 348 371 345 379 356 353 324 373 348 379 356 371 345 377 353 380 358 347 355 348 359 380 358 378 354 347 355 380 358 374 349 372 347 380 358 372 347 378 354 381 360 348 359 349 361 381 360 375 350 374 349 381 360 380 358 348 359 381 360 374 349 380 358 382 362 349 361 350 332 382 362 375 350 381 360 382 362 381 360 349 361 382 362 377 353 375 350 382 362 379 356 377 353 383 363 382 362 350 332 383 363 355 331 379 356 383 363 350 332 355 331 383 363 379 356 382 362 387 364 384 364 385 364 387 365 386 365 384 365 400 366 394 367 395 368 401 369 410 370 402 371 411 372 393 373 394 367 411 372 400 366 399 374 411 372 394 367 400 366 412 375 392 376 393 373 412 375 393 373 411 372 413 377 391 378 392 376 413 377 392 376 412 375 414 379 411 372 399 374 415 380 390 381 391 378 415 380 391 378 413 377 416 382 411 372 414 379 416 382 412 375 411 372 417 383 399 374 398 384 417 383 414 379 399 374 418 385 389 386 390 381 418 385 390 381 415 380 419 387 413 377 412 375 419 387 412 375 416 382 420 388 398 384 397 389 420 388 417 383 398 384 421 390 414 379 417 383 421 390 416 382 414 379 422 391 388 392 389 386 422 391 408 393 388 392 422 391 389 386 418 385 423 394 413 377 419 387 423 394 415 380 413 377 424 395 417 383 420 388 424 395 421 390 417 383 425 396 419 387 416 382 425 396 423 394 419 387 425 396 416 382 421 390 426 397 415 380 423 394 426 397 418 385 415 380 426 397 422 391 418 385 427 398 421 390 424 395 427 398 425 396 421 390 428 399 397 389 396 400 428 399 396 400 407 401 428 399 420 388 397 389 429 402 423 394 425 396 430 403 409 404 408 393 430 403 408 393 422 391 430 403 422 391 426 397 431 405 425 396 427 398 431 405 429 402 425 396 432 406 407 401 406 407 432 406 424 395 420 388 432 406 428 399 407 401 432 406 420 388 428 399 433 408 426 397 423 394 433 408 423 394 429 402 434 409 433 408 429 402 434 409 429 402 431 405 435 410 431 405 427 398 435 410 406 407 405 411 435 410 424 395 432 406 435 410 432 406 406 407 435 410 427 398 424 395 436 412 430 403 426 397 436 412 409 404 430 403 436 412 426 397 433 408 437 413 433 408 434 409 437 413 409 404 436 412 437 413 410 370 409 404 437 413 436 412 433 408 438 414 405 411 404 415 438 414 435 410 405 411 438 414 431 405 435 410 439 416 438 414 404 415 439 416 434 409 431 405 439 416 404 415 403 417 439 416 437 413 434 409 439 416 431 405 438 414 440 418 403 417 402 371 440 418 410 370 437 413 440 418 439 416 403 417 440 418 437 413 439 416 440 418 402 371 410 370 485 419 486 419 487 419 485 420 487 420 488 420 485 420 488 420 489 420 491 421 489 421 490 421 491 422 485 422 489 422 484 420 485 420 491 420 453 420 454 420 484 420 455 420 484 420 454 420 452 423 484 423 491 423 452 420 453 420 484 420 456 420 484 420 455 420 451 420 452 420 491 420 457 420 484 420 456 420 458 424 484 424 457 424 450 425 491 425 441 425 450 420 451 420 491 420 459 426 484 426 458 426 460 420 484 420 459 420 445 427 442 427 443 427 445 420 443 420 444 420 447 428 445 428 446 428 447 429 442 429 445 429 448 420 441 420 442 420 448 430 442 430 447 430 448 420 450 420 441 420 449 420 450 420 448 420 483 431 461 431 462 431 483 432 462 432 463 432 483 420 463 420 464 420 483 420 464 420 465 420 483 420 465 420 466 420 483 433 466 433 467 433 479 420 480 420 481 420 479 434 481 434 482 434 479 420 482 420 483 420 476 420 477 420 478 420 475 420 476 420 478 420 468 435 479 435 483 435 468 436 478 436 479 436 468 420 483 420 467 420 474 420 475 420 478 420 469 420 478 420 468 420 473 420 474 420 478 420 470 420 478 420 469 420 472 420 473 420 478 420 471 420 478 420 470 420 471 420 472 420 478 420 483 420 484 420 461 420 461 437 484 437 460 437 493 438 492 439 515 440 516 441 493 438 515 440 517 442 515 440 514 443 517 442 516 441 515 440 518 444 514 443 513 445 518 444 517 442 514 443 519 446 505 447 506 448 519 446 512 449 505 447 519 446 513 445 512 449 519 446 518 444 513 445 520 450 494 451 493 438 520 450 493 438 516 441 521 452 516 441 517 442 521 452 520 450 516 441 522 453 517 442 518 444 522 453 521 452 517 442 523 454 506 448 507 455 523 454 519 446 506 448 523 454 522 453 518 444 523 454 518 444 519 446 524 456 495 457 494 451 524 456 494 451 520 450 525 458 520 450 521 452 525 458 524 456 520 450 526 459 525 458 521 452 526 459 521 452 522 453 527 460 507 455 508 461 527 460 523 454 507 455 527 460 522 453 523 454 527 460 526 459 522 453 528 462 496 463 495 457 528 462 524 456 525 458 528 462 495 457 524 456 529 464 528 462 525 458 530 465 525 458 526 459 530 465 526 459 527 460 530 465 529 464 525 458 531 466 508 461 509 467 531 466 527 460 508 461 531 466 530 465 527 460 532 468 497 469 496 463 532 468 496 463 528 462 533 470 528 462 529 464 533 470 532 468 528 462 534 471 533 470 529 464 534 471 529 464 530 465 535 472 534 471 530 465 535 472 509 467 510 473 535 472 510 473 511 474 535 472 531 466 509 467 535 472 530 465 531 466 536 475 498 476 497 469 536 475 499 477 498 476 536 475 504 478 499 477 536 475 497 469 532 468 537 479 536 475 532 468 537 479 503 480 504 478 537 479 532 468 533 470 537 479 504 478 536 475 538 481 537 479 533 470 538 481 502 482 503 480 538 481 503 480 537 479 538 481 533 470 534 471 539 483 535 472 511 474 539 483 502 482 538 481 539 483 500 484 501 485 539 483 501 485 502 482 539 483 538 481 534 471 539 483 511 474 500 484 539 483 534 471 535 472 542 486 548 487 547 488 543 489 549 490 548 487 543 489 548 487 542 486 544 491 549 490 543 489 545 492 550 493 549 490 545 492 551 494 550 493 545 492 549 490 544 491 546 495 551 494 545 492 541 496 540 497 551 494 541 496 551 494 546 495 560 498 561 499 567 500 579 501 553 502 552 503 579 501 552 503 578 504 580 505 578 504 577 506 580 505 579 501 578 504 581 507 577 506 576 508 581 507 580 505 577 506 582 509 568 510 569 511 582 509 575 512 568 510 582 509 576 508 575 512 582 509 581 507 576 508 583 513 554 514 553 502 583 513 553 502 579 501 584 515 583 513 579 501 584 515 579 501 580 505 585 516 580 505 581 507 585 516 584 515 580 505 586 517 569 511 570 518 586 517 581 507 582 509 586 517 582 509 569 511 586 517 585 516 581 507 587 519 555 520 554 514 587 519 554 514 583 513 588 521 555 520 587 519 588 521 587 519 583 513 588 521 583 513 584 515 589 522 584 515 585 516 589 522 588 521 584 515 590 523 570 518 571 524 590 523 586 517 570 518 590 523 589 522 585 516 590 523 585 516 586 517 591 525 556 526 555 520 592 527 555 520 588 521 592 527 591 525 555 520 593 528 556 526 591 525 594 529 588 521 589 522 594 529 592 527 588 521 595 530 591 525 592 527 595 530 593 528 591 525 596 531 571 524 572 532 596 531 590 523 571 524 596 531 589 522 590 523 596 531 594 529 589 522 597 533 595 530 592 527 597 533 592 527 594 529 598 534 557 535 556 526 598 534 556 526 593 528 599 536 594 529 596 531 599 536 597 533 594 529 599 536 572 532 573 537 599 536 596 531 572 532 600 538 598 534 593 528 600 538 593 528 595 530 600 538 595 530 597 533 601 539 598 534 600 538 601 539 557 535 598 534 602 540 600 538 597 533 603 541 601 539 600 538 604 542 602 540 597 533 604 542 597 533 599 536 604 542 599 536 573 537 605 543 603 541 600 538 605 543 600 538 602 540 606 544 558 545 557 535 606 544 557 535 601 539 606 544 601 539 603 541 607 546 602 540 604 542 607 546 573 537 574 547 607 546 604 542 573 537 607 546 605 543 602 540 608 548 606 544 603 541 609 549 558 545 606 544 610 550 603 541 605 543 610 550 605 543 607 546 610 550 608 548 603 541 611 551 606 544 608 548 611 551 609 549 606 544 612 552 607 546 574 547 612 552 610 550 607 546 613 553 559 554 558 545 613 553 558 545 609 549 614 555 608 548 610 550 614 555 611 551 608 548 615 556 609 549 611 551 615 556 613 553 609 549 616 557 574 547 565 558 616 557 612 552 574 547 616 557 610 550 612 552 616 557 614 555 610 550 617 559 564 560 559 554 617 559 559 554 613 553 618 561 611 551 614 555 618 561 615 556 611 551 618 561 614 555 616 557 619 562 563 563 564 560 619 562 613 553 615 556 619 562 617 559 613 553 619 562 564 560 617 559 620 564 565 558 566 565 620 564 616 557 565 558 620 564 618 561 616 557 621 566 562 567 563 563 621 566 563 563 619 562 621 566 619 562 615 556 621 566 615 556 618 561 622 568 561 499 562 567 622 568 566 565 567 500 622 568 562 567 621 566 622 568 618 561 620 564 622 568 620 564 566 565 622 568 621 566 618 561 622 568 567 500 561 499 625 569 631 570 630 571 626 572 632 573 631 570 626 572 631 570 625 569 627 574 633 575 632 573 627 574 632 573 626 572 628 576 634 577 633 575 628 576 633 575 627 574 629 578 623 579 634 577 629 578 634 577 628 576 624 580 623 579 629 578 644 581 639 582 638 583 640 584 641 585 648 586 653 587 636 588 635 589 653 587 635 589 652 590 654 591 652 590 651 592 654 591 653 587 652 590 655 593 651 592 650 594 655 593 654 591 651 592 656 595 645 596 646 597 656 595 649 598 645 596 656 595 650 594 649 598 656 595 655 593 650 594 657 599 637 600 636 588 657 599 636 588 653 587 658 601 653 587 654 591 658 601 657 599 653 587 659 602 658 601 654 591 659 602 654 591 655 593 660 603 646 597 647 604 660 603 659 602 655 593 660 603 655 593 656 595 660 603 656 595 646 597 661 605 638 583 637 600 661 605 644 581 638 583 661 605 637 600 657 599 662 606 643 607 644 581 662 606 657 599 658 601 662 606 644 581 661 605 662 606 661 605 657 599 663 608 642 609 643 607 663 608 658 601 659 602 663 608 662 606 658 601 663 608 643 607 662 606 664 610 641 585 642 609 664 610 647 604 648 586 664 610 660 603 647 604 664 610 659 602 660 603 664 610 648 586 641 585 664 610 663 608 659 602 664 610 642 609 663 608 668 611 672 612 667 613 668 611 673 614 672 612 669 615 674 616 673 614 669 615 673 614 668 611 670 617 675 618 674 616 670 617 674 616 669 615 671 619 676 620 675 618 671 619 675 618 670 617 666 621 665 622 676 620 666 621 676 620 671 619 689 623 688 624 687 625 678 626 681 627 677 628 693 629 685 630 684 631 693 629 686 632 685 630 694 633 687 625 686 632 694 633 689 623 687 625 694 633 686 632 693 629 695 634 684 631 683 635 695 634 693 629 684 631 696 636 690 637 689 623 696 636 689 623 694 633 696 636 693 629 695 634 696 636 694 633 693 629 697 638 683 635 682 639 697 638 695 634 683 635 698 640 691 641 690 637 698 640 695 634 697 638 698 640 696 636 695 634 698 640 690 637 696 636 699 642 682 639 681 627 699 642 681 627 678 626 699 642 697 638 682 639 700 643 678 626 679 644 700 643 679 644 680 645 700 643 692 646 691 641 700 643 680 645 692 646 700 643 699 642 678 626 700 643 697 638 699 642 700 643 691 641 698 640 700 643 698 640 697 638 719 647 714 648 715 649 708 650 718 651 707 652 705 653 706 654 724 655 701 656 702 657 713 658 725 659 720 660 719 647 725 659 719 647 715 649 726 661 715 649 716 662 726 661 725 659 715 649 727 663 721 664 720 660 727 663 720 660 725 659 728 665 716 662 717 666 728 665 726 661 716 662 729 667 725 659 726 661 729 667 727 663 725 659 730 668 708 650 709 669 730 668 717 666 718 651 730 668 718 651 708 650 730 668 728 665 717 666 731 670 722 671 721 664 731 670 723 672 722 671 731 670 721 664 727 663 732 673 729 667 726 661 732 673 726 661 728 665 733 674 731 670 727 663 733 674 727 663 729 667 734 675 709 669 710 676 734 675 730 668 709 669 734 675 732 673 728 665 734 675 728 665 730 668 735 677 724 655 723 672 735 677 723 672 731 670 735 677 705 653 724 655 736 678 729 667 732 673 736 678 732 673 734 675 736 678 733 674 729 667 737 679 704 680 705 653 737 679 731 670 733 674 737 679 705 653 735 677 737 679 735 677 731 670 738 681 710 676 711 682 738 681 711 682 712 683 738 681 734 675 710 676 738 681 736 678 734 675 739 684 703 685 704 680 739 684 737 679 733 674 739 684 704 680 737 679 739 684 733 674 736 678 740 686 702 657 703 685 740 686 712 683 713 658 740 686 738 681 712 683 740 686 703 685 739 684 740 686 713 658 702 657 740 686 736 678 738 681 740 686 739 684 736 678 743 687 749 688 748 689 744 690 750 691 749 688 744 690 749 688 743 687 745 692 751 693 750 691 745 692 750 691 744 690 746 694 752 695 751 693 746 694 751 693 745 692 747 696 741 697 752 695 747 696 752 695 746 694 742 698 741 697 747 696 755 699 761 700 760 701 756 702 761 700 755 699 757 703 762 704 761 700 757 703 761 700 756 702 758 705 763 706 762 704 758 705 762 704 757 703 759 707 764 708 763 706 759 707 763 706 758 705 754 709 753 710 764 708 754 709 764 708 759 707 768 711 780 712 767 713 768 711 781 714 780 712 769 715 782 716 781 714 769 715 781 714 768 711 770 717 783 718 782 716 770 717 782 716 769 715 771 719 784 720 783 718 771 719 783 718 770 717 772 721 785 722 784 720 772 721 786 723 785 722 772 721 784 720 771 719 773 724 786 723 772 721 774 725 787 726 786 723 774 725 788 727 787 726 774 725 786 723 773 724 775 728 789 729 788 727 775 728 788 727 774 725 776 730 789 729 775 728 777 731 790 732 789 729 777 731 791 733 790 732 777 731 789 729 776 730 778 734 791 733 777 731 779 735 792 736 791 733 779 735 765 737 792 736 779 735 791 733 778 734 766 738 765 737 779 735 794 739 807 740 793 741 794 739 808 742 807 740 795 743 809 744 808 742 795 743 810 745 809 744 795 743 808 742 794 739 796 746 810 745 795 743 797 747 811 748 810 745 797 747 812 749 811 748 797 747 810 745 796 746 798 750 813 751 812 749 798 750 812 749 797 747 799 752 813 751 798 750 800 753 814 754 813 751 800 753 813 751 799 752 801 755 815 756 814 754 801 755 814 754 800 753 802 757 816 758 815 756 802 757 817 759 816 758 802 757 815 756 801 755 803 760 817 759 802 757 804 761 818 762 817 759 804 761 817 759 803 760 805 763 819 764 818 762 805 763 818 762 804 761 806 765 820 766 819 764 806 765 819 764 805 763 827 767 832 768 828 769 826 770 831 771 832 768 826 770 832 768 827 767 825 772 830 773 831 771 825 772 831 771 826 770 824 774 829 775 830 773 824 774 830 773 825 772 823 776 821 777 829 775 823 776 829 775 824 774 822 778 821 777 823 776 846 779 841 780 842 781 834 782 845 783 833 784 853 785 852 786 851 787 840 788 856 789 839 790 857 791 847 792 846 779 857 791 846 779 842 781 858 793 842 781 843 794 858 793 857 791 842 781 859 795 848 796 847 792 859 795 847 792 857 791 860 797 843 794 844 798 860 797 858 793 843 794 861 799 859 795 857 791 861 799 857 791 858 793 862 800 834 782 835 801 862 800 844 798 845 783 862 800 845 783 834 782 862 800 860 797 844 798 863 802 849 803 848 796 863 802 850 804 849 803 863 802 848 796 859 795 864 805 861 799 858 793 864 805 858 793 860 797 865 806 859 795 861 799 865 806 863 802 859 795 866 807 835 801 836 808 866 807 860 797 862 800 866 807 862 800 835 801 866 807 864 805 860 797 867 809 851 787 850 804 867 809 850 804 863 802 867 809 853 785 851 787 868 810 861 799 864 805 868 810 865 806 861 799 869 811 854 812 853 785 869 811 863 802 865 806 869 811 853 785 867 809 869 811 867 809 863 802 870 813 836 808 837 814 870 813 837 814 838 815 870 813 866 807 836 808 870 813 864 805 866 807 870 813 868 810 864 805 871 816 855 817 854 812 871 816 869 811 865 806 871 816 854 812 869 811 871 816 865 806 868 810 872 818 838 815 839 790 872 818 856 789 855 817 872 818 870 813 838 815 872 818 839 790 856 789 872 818 855 817 871 816 872 818 868 810 870 813 872 818 871 816 868 810 883 819 887 820 882 821 874 822 873 823 888 824 878 825 877 826 881 827 889 828 888 824 887 820 889 828 887 820 883 819 890 829 874 822 888 824 890 829 888 824 889 828 891 830 883 819 884 831 891 830 889 828 883 819 892 832 875 833 874 822 892 832 889 828 891 830 892 832 874 822 890 829 892 832 890 829 889 828 893 834 884 831 885 835 893 834 891 830 884 831 894 836 876 837 875 833 894 836 891 830 893 834 894 836 875 833 892 832 894 836 892 832 891 830 895 838 879 839 880 840 895 838 885 835 886 841 895 838 886 841 879 839 895 838 893 834 885 835 896 842 877 826 876 837 896 842 880 840 881 827 896 842 876 837 894 836 896 842 895 838 880 840 896 842 893 834 895 838 896 842 894 836 893 834 896 842 881 827 877 826 903 843 908 844 904 845 902 846 907 847 908 844 902 846 908 844 903 843 901 848 906 849 907 847 901 848 907 847 902 846 900 850 905 851 906 849 900 850 906 849 901 848 899 852 897 853 905 851 899 852 905 851 900 850 898 854 897 853 899 852 910 855 909 856 923 857 914 858 913 859 912 860 927 861 910 855 923 857 928 862 923 857 924 863 928 862 927 861 923 857 929 864 924 863 925 865 929 864 928 862 924 863 930 866 919 867 920 868 930 866 925 865 926 869 930 866 926 869 919 867 930 866 929 864 925 865 931 870 911 871 910 855 931 870 910 855 927 861 932 872 931 870 927 861 932 872 927 861 928 862 933 873 928 862 929 864 933 873 932 872 928 862 934 874 920 868 921 875 934 874 929 864 930 866 934 874 933 873 929 864 934 874 930 866 920 868 935 876 912 860 911 871 935 876 914 858 912 860 935 876 911 871 931 870 936 877 915 878 914 858 936 877 931 870 932 872 936 877 914 858 935 876 936 877 935 876 931 870 937 879 916 880 915 878 937 879 932 872 933 873 937 879 933 873 934 874 937 879 936 877 932 872 937 879 915 878 936 877 938 881 917 882 916 880 938 881 918 883 917 882 938 881 921 875 922 884 938 881 922 884 918 883 938 881 934 874 921 875 938 881 916 880 937 879 938 881 937 879 934 874 944 885 946 886 945 887 944 885 950 888 946 886 943 889 949 890 950 888 943 889 950 888 944 885 942 891 948 892 949 890 942 891 949 890 943 889 941 893 947 894 948 892 941 893 948 892 942 891 940 895 939 896 947 894 940 895 947 894 941 893 972 897 977 898 971 899 959 900 958 901 957 902 963 903 962 904 970 905 978 906 952 907 951 908 978 906 951 908 974 909 979 910 974 909 975 911 979 910 978 906 974 909 980 912 975 911 976 913 980 912 979 910 975 911 981 914 952 907 978 906 982 915 972 897 973 916 982 915 973 916 964 917 982 915 976 913 977 898 982 915 977 898 972 897 982 915 980 912 976 913 983 918 981 914 978 906 983 918 978 906 979 910 984 919 953 920 952 907 984 919 952 907 981 914 985 921 979 910 980 912 985 921 983 918 979 910 986 922 981 914 983 918 986 922 984 919 981 914 987 923 964 917 965 924 987 923 980 912 982 915 987 923 985 921 980 912 987 923 982 915 964 917 988 925 983 918 985 921 988 925 986 922 983 918 989 926 953 920 984 919 990 927 985 921 987 923 990 927 987 923 965 924 990 927 988 925 985 921 991 928 986 922 988 925 991 928 984 919 986 922 991 928 989 926 984 919 992 929 954 930 953 920 992 929 953 920 989 926 993 931 991 928 988 925 994 932 989 926 991 928 994 932 992 929 989 926 994 932 991 928 993 931 995 933 965 924 966 934 995 933 990 927 965 924 995 933 988 925 990 927 995 933 993 931 988 925 996 935 994 932 993 931 997 936 954 930 992 929 998 937 993 931 995 933 998 937 995 933 966 934 998 937 996 935 993 931 999 938 997 936 992 929 999 938 992 929 994 932 1000 939 955 940 954 930 1000 939 954 930 997 936 1000 939 997 936 999 938 1001 941 994 932 996 935 1001 941 999 938 994 932 1002 942 1000 939 999 938 1003 943 998 937 966 934 1003 943 996 935 998 937 1003 943 1001 941 996 935 1003 943 966 934 967 944 1004 945 1002 942 999 938 1004 945 999 938 1001 941 1005 946 955 940 1000 939 1006 947 1001 941 1003 943 1006 947 1003 943 967 944 1006 947 1004 945 1001 941 1007 948 1002 942 1004 945 1007 948 1000 939 1002 942 1007 948 1005 946 1000 939 1008 949 1007 948 1004 945 1009 950 967 944 968 951 1009 950 1006 947 967 944 1009 950 1004 945 1006 947 1009 950 968 951 1008 949 1009 950 1008 949 1004 945 1010 952 956 953 955 940 1010 952 955 940 1005 946 1011 954 1005 946 1007 948 1011 954 1007 948 1008 949 1011 954 1010 952 1005 946 1012 955 1008 949 968 951 1012 955 1011 954 1008 949 1013 956 968 951 969 957 1013 956 969 957 1012 955 1013 956 1012 955 968 951 1014 958 957 902 956 953 1014 958 960 959 959 900 1014 958 956 953 1010 952 1014 958 959 900 957 902 1015 960 961 961 960 959 1015 960 1010 952 1011 954 1015 960 960 959 1014 958 1015 960 1014 958 1010 952 1016 962 962 904 961 961 1016 962 1012 955 969 957 1016 962 1011 954 1012 955 1016 962 961 961 1015 960 1016 962 1015 960 1011 954 1017 963 969 957 970 905 1017 963 962 904 1016 962 1017 963 1016 962 969 957 1017 963 970 905 962 904 1023 964 1025 965 1024 966 1023 964 1029 967 1025 965 1022 968 1028 969 1029 967 1022 968 1029 967 1023 964 1021 970 1027 971 1028 969 1021 970 1028 969 1022 968 1020 972 1026 973 1027 971 1020 972 1027 971 1021 970 1019 974 1018 975 1026 973 1019 974 1026 973 1020 972 1044 976 1053 977 1043 978 1042 979 1041 980 1049 981 1054 982 1031 983 1030 984 1054 982 1030 984 1050 985 1055 986 1050 985 1051 987 1055 986 1054 982 1050 985 1056 988 1051 987 1052 989 1056 988 1055 986 1051 987 1057 990 1052 989 1053 977 1057 990 1056 988 1052 989 1057 990 1053 977 1044 976 1058 991 1032 992 1031 983 1058 991 1031 983 1054 982 1059 993 1058 991 1054 982 1059 993 1054 982 1055 986 1060 994 1055 986 1056 988 1060 994 1059 993 1055 986 1061 995 1044 976 1045 996 1061 995 1057 990 1044 976 1061 995 1060 994 1056 988 1061 995 1056 988 1057 990 1062 997 1033 998 1032 992 1062 997 1032 992 1058 991 1063 999 1062 997 1058 991 1063 999 1058 991 1059 993 1064 1000 1063 999 1059 993 1064 1000 1059 993 1060 994 1065 1001 1045 996 1046 1002 1065 1001 1061 995 1045 996 1065 1001 1060 994 1061 995 1065 1001 1064 1000 1060 994 1066 1003 1034 1004 1033 998 1066 1003 1033 998 1062 997 1067 1005 1062 997 1063 999 1067 1005 1066 1003 1062 997 1068 1006 1067 1005 1063 999 1068 1006 1063 999 1064 1000 1069 1007 1046 1002 1047 1008 1069 1007 1065 1001 1046 1002 1069 1007 1064 1000 1065 1001 1069 1007 1068 1006 1064 1000 1070 1009 1035 1010 1034 1004 1070 1009 1034 1004 1066 1003 1071 1011 1066 1003 1067 1005 1071 1011 1070 1009 1066 1003 1072 1012 1067 1005 1068 1006 1072 1012 1071 1011 1067 1005 1073 1013 1072 1012 1068 1006 1073 1013 1047 1008 1048 1014 1073 1013 1069 1007 1047 1008 1073 1013 1068 1006 1069 1007 1074 1015 1036 1016 1035 1010 1074 1015 1037 1017 1036 1016 1074 1015 1038 1018 1037 1017 1074 1015 1035 1010 1070 1009 1075 1019 1074 1015 1070 1009 1075 1019 1039 1020 1038 1018 1075 1019 1070 1009 1071 1011 1075 1019 1038 1018 1074 1015 1075 1019 1071 1011 1072 1012 1076 1021 1040 1022 1039 1020 1076 1021 1075 1019 1072 1012 1076 1021 1039 1020 1075 1019 1077 1023 1076 1021 1072 1012 1077 1023 1041 980 1040 1022 1077 1023 1048 1014 1049 981 1077 1023 1073 1013 1048 1014 1077 1023 1040 1022 1076 1021 1077 1023 1049 981 1041 980 1077 1023 1072 1012 1073 1013 1084 1024 1089 1025 1085 1026 1083 1027 1089 1025 1084 1024 1082 1028 1088 1029 1089 1025 1082 1028 1089 1025 1083 1027 1081 1030 1087 1031 1088 1029 1081 1030 1088 1029 1082 1028 1080 1032 1086 1033 1087 1031 1080 1032 1087 1031 1081 1030 1079 1034 1078 1035 1086 1033 1079 1034 1086 1033 1080 1032 1091 1036 1090 1037 1104 1038 1097 1039 1096 1040 1098 1041 1108 1042 1104 1038 1105 1043 1108 1042 1105 1043 1106 1044 1108 1042 1091 1036 1104 1038 1109 1045 1092 1046 1091 1036 1109 1045 1091 1036 1108 1042 1110 1047 1101 1048 1102 1049 1110 1047 1106 1044 1107 1050 1110 1047 1107 1050 1101 1048 1110 1047 1108 1042 1106 1044 1111 1051 1093 1052 1092 1046 1111 1051 1092 1046 1109 1045 1112 1053 1102 1049 1103 1054 1112 1053 1110 1047 1102 1049 1112 1053 1109 1045 1108 1042 1112 1053 1108 1042 1110 1047 1113 1055 1094 1056 1093 1052 1113 1055 1093 1052 1111 1051 1114 1057 1111 1051 1109 1045 1114 1057 1109 1045 1112 1053 1114 1057 1112 1053 1103 1054 1115 1058 1100 1059 1099 1060 1115 1058 1103 1054 1100 1059 1115 1058 1114 1057 1103 1054 1115 1058 1099 1060 1114 1057 1116 1061 1095 1062 1094 1056 1116 1061 1096 1040 1095 1062 1116 1061 1094 1056 1113 1055 1116 1061 1098 1041 1096 1040 1116 1061 1113 1055 1098 1041 1117 1063 1099 1060 1098 1041 1117 1063 1113 1055 1111 1051 1117 1063 1114 1057 1099 1060 1117 1063 1111 1051 1114 1057 1117 1063 1098 1041 1113 1055 1128 1064 1119 1065 1118 1066 1128 1064 1118 1066 1120 1067 1129 1068 1120 1067 1121 1069 1129 1068 1128 1064 1120 1067 1130 1070 1121 1069 1122 1071 1130 1070 1129 1068 1121 1069 1131 1072 1122 1071 1123 1073 1131 1072 1130 1070 1122 1071 1132 1074 1123 1073 1124 1075 1132 1074 1131 1072 1123 1073 1133 1076 1124 1075 1125 1077 1133 1076 1132 1074 1124 1075 1127 1078 1125 1077 1126 1079 1127 1078 1133 1076 1125 1077 1134 1080 1149 1081 1142 1082 1135 1083 1148 1084 1149 1081 1135 1083 1149 1081 1134 1080 1136 1085 1147 1086 1148 1084 1136 1085 1148 1084 1135 1083 1137 1087 1146 1088 1147 1086 1137 1087 1147 1086 1136 1085 1138 1089 1145 1090 1146 1088 1138 1089 1146 1088 1137 1087 1139 1091 1145 1090 1138 1089 1140 1092 1143 1093 1144 1094 1140 1092 1144 1094 1145 1090 1140 1092 1145 1090 1139 1091 1141 1095 1143 1093 1140 1092 1158 1096 1159 1097 1160 1098 1157 1099 1158 1096 1160 1098 1156 1100 1160 1098 1161 1101 1156 1100 1157 1099 1160 1098 1155 1102 1161 1101 1162 1103 1155 1102 1156 1100 1161 1101 1154 1104 1162 1103 1163 1105 1154 1104 1155 1102 1162 1103 1153 1106 1163 1105 1164 1107 1153 1106 1154 1104 1163 1105 1152 1108 1164 1107 1165 1109 1152 1108 1165 1109 1151 1110 1152 1108 1153 1106 1164 1107 1150 1111 1152 1108 1151 1110 1166 1112 1183 1113 1167 1114 1184 1115 1174 1116 1175 1117 1184 1115 1175 1117 1176 1118 1184 1115 1181 1119 1174 1116 1185 1120 1180 1121 1181 1119 1186 1122 1181 1119 1184 1115 1186 1122 1185 1120 1181 1119 1187 1123 1176 1118 1177 1124 1187 1123 1184 1115 1176 1118 1188 1125 1179 1126 1180 1121 1188 1125 1182 1127 1179 1126 1188 1125 1180 1121 1185 1120 1189 1128 1173 1129 1172 1130 1189 1128 1177 1124 1178 1131 1189 1128 1178 1131 1173 1129 1189 1128 1187 1123 1177 1124 1190 1132 1184 1115 1187 1123 1190 1132 1186 1122 1184 1115 1191 1133 1188 1125 1185 1120 1191 1133 1182 1127 1188 1125 1191 1133 1185 1120 1186 1122 1192 1134 1172 1130 1171 1135 1192 1134 1189 1128 1172 1130 1192 1134 1190 1132 1187 1123 1192 1134 1187 1123 1189 1128 1193 1136 1182 1127 1191 1133 1194 1137 1191 1133 1186 1122 1194 1137 1186 1122 1190 1132 1195 1138 1171 1135 1170 1139 1195 1138 1192 1134 1171 1135 1195 1138 1190 1132 1192 1134 1195 1138 1194 1137 1190 1132 1196 1140 1193 1136 1191 1133 1196 1140 1191 1133 1194 1137 1196 1140 1194 1137 1195 1138 1197 1141 1170 1139 1169 1142 1197 1141 1195 1138 1170 1139 1197 1141 1196 1140 1195 1138 1198 1143 1183 1113 1182 1127 1198 1143 1193 1136 1196 1140 1198 1143 1182 1127 1193 1136 1199 1144 1168 1145 1167 1114 1199 1144 1169 1142 1168 1145 1199 1144 1183 1113 1198 1143 1199 1144 1197 1141 1169 1142 1199 1144 1167 1114 1183 1113 1199 1144 1196 1140 1197 1141 1199 1144 1198 1143 1196 1140 1216 1146 1214 1147 1200 1148 1217 1149 1214 1147 1216 1146 1218 1150 1200 1148 1201 1151 1218 1150 1201 1151 1202 1152 1218 1150 1202 1152 1203 1153 1218 1150 1216 1146 1200 1148 1219 1154 1214 1147 1217 1149 1220 1155 1203 1153 1204 1156 1220 1155 1204 1156 1205 1157 1220 1155 1216 1146 1218 1150 1220 1155 1217 1149 1216 1146 1220 1155 1218 1150 1203 1153 1221 1158 1215 1159 1214 1147 1221 1158 1214 1147 1219 1154 1222 1160 1205 1157 1206 1161 1222 1160 1206 1161 1207 1162 1222 1160 1217 1149 1220 1155 1222 1160 1220 1155 1205 1157 1222 1160 1219 1154 1217 1149 1222 1160 1221 1158 1219 1154 1223 1163 1215 1159 1221 1158 1224 1164 1207 1162 1208 1165 1224 1164 1221 1158 1222 1160 1224 1164 1222 1160 1207 1162 1225 1166 1215 1159 1223 1163 1226 1167 1208 1165 1209 1168 1226 1167 1209 1168 1210 1169 1226 1167 1224 1164 1208 1165 1226 1167 1223 1163 1221 1158 1226 1167 1221 1158 1224 1164 1227 1170 1210 1169 1211 1171 1227 1170 1211 1171 1212 1172 1227 1170 1212 1172 1213 1173 1227 1170 1213 1173 1215 1159 1227 1170 1226 1167 1210 1169 1227 1170 1215 1159 1225 1166 1227 1170 1225 1166 1223 1163 1227 1170 1223 1163 1226 1167 1244 1174 1242 1175 1245 1176 1246 1177 1228 1178 1229 1179 1246 1177 1229 1179 1230 1180 1246 1177 1230 1180 1231 1181 1246 1177 1242 1175 1228 1178 1246 1177 1245 1176 1242 1175 1247 1182 1242 1175 1244 1174 1248 1183 1231 1181 1232 1184 1248 1183 1232 1184 1233 1185 1248 1183 1245 1176 1246 1177 1248 1183 1244 1174 1245 1176 1248 1183 1246 1177 1231 1181 1249 1186 1243 1187 1242 1175 1249 1186 1242 1175 1247 1182 1250 1188 1233 1185 1234 1189 1250 1188 1234 1189 1235 1190 1250 1188 1244 1174 1248 1183 1250 1188 1247 1182 1244 1174 1250 1188 1248 1183 1233 1185 1251 1191 1243 1187 1249 1186 1252 1192 1235 1190 1236 1193 1252 1192 1247 1182 1250 1188 1252 1192 1249 1186 1247 1182 1252 1192 1250 1188 1235 1190 1253 1194 1243 1187 1251 1191 1254 1195 1236 1193 1237 1196 1254 1195 1237 1196 1238 1197 1254 1195 1252 1192 1236 1193 1254 1195 1251 1191 1249 1186 1254 1195 1249 1186 1252 1192 1254 1195 1253 1194 1251 1191 1255 1198 1238 1197 1239 1199 1255 1198 1239 1199 1240 1200 1255 1198 1240 1200 1241 1201 1255 1198 1241 1201 1243 1187 1255 1198 1253 1194 1254 1195 1255 1198 1254 1195 1238 1197 1255 1198 1243 1187 1253 1194 1272 1202 1270 1203 1256 1204 1273 1205 1270 1203 1272 1202 1274 1206 1256 1204 1257 1207 1274 1206 1257 1207 1258 1208 1274 1206 1258 1208 1259 1209 1274 1206 1272 1202 1256 1204 1275 1210 1270 1203 1273 1205 1276 1211 1259 1209 1260 1212 1276 1211 1260 1212 1261 1213 1276 1211 1272 1202 1274 1206 1276 1211 1273 1205 1272 1202 1276 1211 1274 1206 1259 1209 1277 1214 1271 1215 1270 1203 1277 1214 1270 1203 1275 1210 1278 1216 1261 1213 1262 1217 1278 1216 1262 1217 1263 1218 1278 1216 1273 1205 1276 1211 1278 1216 1276 1211 1261 1213 1278 1216 1275 1210 1273 1205 1279 1219 1271 1215 1277 1214 1280 1220 1263 1218 1264 1221 1280 1220 1277 1214 1275 1210 1280 1220 1278 1216 1263 1218 1280 1220 1275 1210 1278 1216 1280 1220 1279 1219 1277 1214 1281 1222 1271 1215 1279 1219 1282 1223 1264 1221 1265 1224 1282 1223 1265 1224 1266 1225 1282 1223 1279 1219 1280 1220 1282 1223 1280 1220 1264 1221 1283 1226 1266 1225 1267 1227 1283 1226 1267 1227 1268 1228 1283 1226 1268 1228 1269 1229 1283 1226 1269 1229 1271 1215 1283 1226 1282 1223 1266 1225 1283 1226 1271 1215 1281 1222 1283 1226 1281 1222 1279 1219 1283 1226 1279 1219 1282 1223 1300 1230 1298 1231 1301 1232 1302 1233 1284 1234 1285 1235 1302 1233 1285 1235 1286 1236 1302 1233 1286 1236 1287 1237 1302 1233 1298 1231 1284 1234 1302 1233 1301 1232 1298 1231 1303 1238 1298 1231 1300 1230 1304 1239 1287 1237 1288 1240 1304 1239 1288 1240 1289 1241 1304 1239 1301 1232 1302 1233 1304 1239 1300 1230 1301 1232 1304 1239 1302 1233 1287 1237 1305 1242 1299 1243 1298 1231 1305 1242 1298 1231 1303 1238 1306 1244 1289 1241 1290 1245 1306 1244 1290 1245 1291 1246 1306 1244 1300 1230 1304 1239 1306 1244 1303 1238 1300 1230 1306 1244 1304 1239 1289 1241 1307 1247 1299 1243 1305 1242 1308 1248 1291 1246 1292 1249 1308 1248 1303 1238 1306 1244 1308 1248 1305 1242 1303 1238 1308 1248 1306 1244 1291 1246 1309 1250 1299 1243 1307 1247 1310 1251 1292 1249 1293 1252 1310 1251 1293 1252 1294 1253 1310 1251 1308 1248 1292 1249 1310 1251 1307 1247 1305 1242 1310 1251 1305 1242 1308 1248 1310 1251 1309 1250 1307 1247 1311 1254 1294 1253 1295 1255 1311 1254 1295 1255 1296 1256 1311 1254 1296 1256 1297 1257 1311 1254 1297 1257 1299 1243 1311 1254 1309 1250 1310 1251 1311 1254 1310 1251 1294 1253 1311 1254 1299 1243 1309 1250 1328 1258 1326 1259 1312 1260 1329 1261 1326 1259 1328 1258 1330 1262 1312 1260 1313 1263 1330 1262 1313 1263 1314 1264 1330 1262 1314 1264 1315 1265 1330 1262 1328 1258 1312 1260 1331 1266 1326 1259 1329 1261 1332 1267 1315 1265 1316 1268 1332 1267 1316 1268 1317 1269 1332 1267 1328 1258 1330 1262 1332 1267 1329 1261 1328 1258 1332 1267 1330 1262 1315 1265 1333 1270 1327 1271 1326 1259 1333 1270 1326 1259 1331 1266 1334 1272 1317 1269 1318 1273 1334 1272 1318 1273 1319 1274 1334 1272 1329 1261 1332 1267 1334 1272 1332 1267 1317 1269 1334 1272 1331 1266 1329 1261 1335 1275 1327 1271 1333 1270 1336 1276 1319 1274 1320 1277 1336 1276 1333 1270 1331 1266 1336 1276 1334 1272 1319 1274 1336 1276 1331 1266 1334 1272 1337 1278 1327 1271 1335 1275 1338 1279 1320 1277 1321 1280 1338 1279 1321 1280 1322 1281 1338 1279 1336 1276 1320 1277 1338 1279 1335 1275 1333 1270 1338 1279 1333 1270 1336 1276 1339 1282 1322 1281 1323 1283 1339 1282 1323 1283 1324 1284 1339 1282 1324 1284 1325 1285 1339 1282 1325 1285 1327 1271 1339 1282 1338 1279 1322 1281 1339 1282 1327 1271 1337 1278 1339 1282 1337 1278 1335 1275 1339 1282 1335 1275 1338 1279 1356 1286 1354 1287 1357 1288 1358 1289 1340 1290 1341 1291 1358 1289 1341 1291 1342 1292 1358 1289 1342 1292 1343 1293 1358 1289 1354 1287 1340 1290 1358 1289 1357 1288 1354 1287 1359 1294 1354 1287 1356 1286 1360 1295 1343 1293 1344 1296 1360 1295 1344 1296 1345 1297 1360 1295 1357 1288 1358 1289 1360 1295 1359 1294 1356 1286 1360 1295 1356 1286 1357 1288 1360 1295 1358 1289 1343 1293 1361 1298 1355 1299 1354 1287 1361 1298 1354 1287 1359 1294 1362 1300 1345 1297 1346 1301 1362 1300 1346 1301 1347 1302 1362 1300 1360 1295 1345 1297 1362 1300 1359 1294 1360 1295 1363 1303 1355 1299 1361 1298 1364 1304 1347 1302 1348 1305 1364 1304 1361 1298 1359 1294 1364 1304 1362 1300 1347 1302 1364 1304 1359 1294 1362 1300 1365 1306 1355 1299 1363 1303 1366 1307 1348 1305 1349 1308 1366 1307 1349 1308 1350 1309 1366 1307 1364 1304 1348 1305 1366 1307 1363 1303 1361 1298 1366 1307 1361 1298 1364 1304 1367 1310 1350 1309 1351 1311 1367 1310 1351 1311 1352 1312 1367 1310 1352 1312 1353 1313 1367 1310 1353 1313 1355 1299 1367 1310 1366 1307 1350 1309 1367 1310 1355 1299 1365 1306 1367 1310 1365 1306 1363 1303 1367 1310 1363 1303 1366 1307 1378 1314 1369 1315 1368 1316 1378 1314 1368 1316 1370 1317 1379 1318 1370 1317 1371 1319 1379 1318 1378 1314 1370 1317 1380 1320 1371 1319 1372 1321 1380 1320 1379 1318 1371 1319 1381 1322 1372 1321 1373 1323 1381 1322 1380 1320 1372 1321 1382 1324 1373 1323 1374 1325 1382 1324 1381 1322 1373 1323 1383 1326 1374 1325 1375 1327 1383 1326 1382 1324 1374 1325 1377 1328 1375 1327 1376 1329 1377 1328 1383 1326 1375 1327 1391 1330 1387 1331 1388 1332 1391 1330 1388 1332 1390 1333 1392 1334 1386 1335 1387 1331 1392 1334 1387 1331 1391 1330 1393 1336 1384 1337 1385 1338 1393 1336 1385 1338 1386 1335 1393 1336 1386 1335 1392 1334 1389 1339 1384 1337 1393 1336 1403 1340 1404 1341 1405 1342 1403 1340 1405 1342 1411 1343 1402 1344 1411 1343 1410 1345 1402 1344 1403 1340 1411 1343 1401 1346 1410 1345 1409 1347 1401 1346 1402 1344 1410 1345 1400 1348 1409 1347 1408 1349 1400 1348 1401 1346 1409 1347 1399 1350 1400 1348 1408 1349 1398 1351 1408 1349 1407 1352 1398 1351 1399 1350 1408 1349 1397 1353 1407 1352 1406 1354 1397 1353 1398 1351 1407 1352 1396 1355 1406 1354 1395 1356 1396 1355 1397 1353 1406 1354 1394 1357 1396 1355 1395 1356 1431 1358 1413 1359 1412 1360 1431 1358 1414 1361 1413 1359 1431 1358 1415 1362 1414 1361 1431 1358 1416 1363 1415 1362 1431 1358 1417 1364 1416 1363 1430 1365 1418 1366 1417 1364 1430 1365 1417 1364 1431 1358 1422 1367 1421 1368 1420 1369 1428 1370 1429 1371 1427 1372 1425 1373 1424 1374 1428 1370 1426 1375 1425 1373 1428 1370 1432 1376 1419 1377 1418 1366 1432 1376 1420 1369 1419 1377 1432 1376 1423 1378 1422 1367 1432 1376 1424 1374 1423 1378 1432 1376 1430 1365 1429 1371 1432 1376 1418 1366 1430 1365 1432 1376 1422 1367 1420 1369 1432 1376 1429 1371 1428 1370 1432 1376 1428 1370 1424 1374 1441 1379 1440 1380 1439 1381 1438 1382 1441 1379 1439 1381 1437 1383 1441 1379 1438 1382 1447 1384 1445 1385 1444 1386 1436 1387 1442 1388 1441 1379 1436 1387 1441 1379 1437 1383 1448 1389 1446 1390 1447 1384 1451 1391 1450 1392 1434 1393 1433 1394 1451 1391 1434 1393 1452 1395 1436 1387 1435 1396 1452 1395 1443 1397 1442 1388 1452 1395 1442 1388 1436 1387 1453 1398 1435 1396 1434 1393 1453 1398 1444 1386 1443 1397 1453 1398 1449 1399 1448 1389 1453 1398 1450 1392 1449 1399 1453 1398 1447 1384 1444 1386 1453 1398 1452 1395 1435 1396 1453 1398 1448 1389 1447 1384 1453 1398 1443 1397 1452 1395 1453 1398 1434 1393 1450 1392 1480 1400 1468 1401 1467 1402 1459 1403 1466 1404 1458 1405 1481 1406 1468 1401 1480 1400 1482 1407 1469 1408 1468 1401 1482 1407 1468 1401 1481 1406 1483 1409 1470 1410 1469 1408 1483 1409 1469 1408 1482 1407 1484 1411 1480 1400 1479 1412 1484 1411 1481 1406 1480 1400 1485 1413 1461 1414 1460 1415 1485 1413 1471 1416 1470 1410 1485 1413 1460 1415 1471 1416 1485 1413 1470 1410 1483 1409 1486 1417 1481 1406 1484 1411 1486 1417 1482 1407 1481 1406 1487 1418 1483 1409 1482 1407 1487 1418 1482 1407 1486 1417 1488 1419 1461 1414 1485 1413 1488 1419 1483 1409 1487 1418 1488 1419 1485 1413 1483 1409 1489 1420 1479 1412 1478 1421 1489 1420 1484 1411 1479 1412 1490 1422 1486 1417 1484 1411 1490 1422 1484 1411 1489 1420 1491 1423 1478 1421 1477 1424 1491 1423 1489 1420 1478 1421 1491 1423 1490 1422 1489 1420 1492 1425 1486 1417 1490 1422 1492 1425 1487 1418 1486 1417 1493 1426 1490 1422 1491 1423 1494 1427 1462 1428 1461 1414 1494 1427 1461 1414 1488 1419 1494 1427 1488 1419 1487 1418 1494 1427 1487 1418 1492 1425 1495 1429 1491 1423 1477 1424 1496 1430 1492 1425 1490 1422 1496 1430 1490 1422 1493 1426 1497 1431 1493 1426 1491 1423 1497 1431 1491 1423 1495 1429 1498 1432 1462 1428 1494 1427 1498 1432 1492 1425 1496 1430 1498 1432 1494 1427 1492 1425 1499 1433 1496 1430 1493 1426 1499 1433 1493 1426 1497 1431 1500 1434 1477 1424 1476 1435 1500 1434 1495 1429 1477 1424 1501 1436 1498 1432 1496 1430 1501 1436 1463 1437 1462 1428 1501 1436 1496 1430 1499 1433 1501 1436 1462 1428 1498 1432 1502 1438 1497 1431 1495 1429 1502 1438 1495 1429 1500 1434 1503 1439 1499 1433 1497 1431 1503 1439 1497 1431 1502 1438 1504 1440 1463 1437 1501 1436 1504 1440 1501 1436 1499 1433 1504 1440 1499 1433 1503 1439 1505 1441 1500 1434 1476 1435 1505 1441 1476 1435 1475 1442 1506 1443 1500 1434 1505 1441 1506 1443 1503 1439 1502 1438 1506 1443 1502 1438 1500 1434 1507 1444 1475 1442 1474 1445 1507 1444 1505 1441 1475 1442 1508 1446 1503 1439 1506 1443 1509 1447 1506 1443 1505 1441 1509 1447 1505 1441 1507 1444 1510 1448 1464 1449 1463 1437 1510 1448 1504 1440 1503 1439 1510 1448 1503 1439 1508 1446 1510 1448 1463 1437 1504 1440 1511 1450 1508 1446 1506 1443 1511 1450 1506 1443 1509 1447 1512 1451 1507 1444 1474 1445 1513 1452 1464 1449 1510 1448 1513 1452 1508 1446 1511 1450 1513 1452 1510 1448 1508 1446 1514 1453 1509 1447 1507 1444 1514 1453 1507 1444 1512 1451 1515 1454 1474 1445 1473 1455 1515 1454 1512 1451 1474 1445 1516 1456 1511 1450 1509 1447 1516 1456 1509 1447 1514 1453 1516 1456 1513 1452 1511 1450 1517 1457 1514 1453 1512 1451 1517 1457 1512 1451 1515 1454 1518 1458 1465 1459 1464 1449 1518 1458 1464 1449 1513 1452 1518 1458 1513 1452 1516 1456 1519 1460 1473 1455 1472 1461 1519 1460 1515 1454 1473 1455 1520 1462 1516 1456 1514 1453 1520 1462 1514 1453 1517 1457 1521 1463 1517 1457 1515 1454 1521 1463 1515 1454 1519 1460 1521 1463 1520 1462 1517 1457 1522 1464 1516 1456 1520 1462 1522 1464 1465 1459 1518 1458 1522 1464 1518 1458 1516 1456 1523 1465 1520 1462 1521 1463 1523 1465 1522 1464 1520 1462 1524 1466 1466 1404 1465 1459 1524 1466 1465 1459 1522 1464 1524 1466 1522 1464 1523 1465 1525 1467 1454 1468 1455 1469 1525 1467 1472 1461 1454 1468 1525 1467 1519 1460 1472 1461 1526 1470 1455 1469 1456 1471 1526 1470 1521 1463 1519 1460 1526 1470 1525 1467 1455 1469 1526 1470 1519 1460 1525 1467 1527 1472 1456 1471 1457 1473 1527 1472 1523 1465 1521 1463 1527 1472 1521 1463 1526 1470 1527 1472 1524 1466 1523 1465 1527 1472 1526 1470 1456 1471 1528 1474 1457 1473 1458 1405 1528 1474 1466 1404 1524 1466 1528 1474 1527 1472 1457 1473 1528 1474 1524 1466 1527 1472 1528 1474 1458 1405 1466 1404 1534 1475 1535 1476 1540 1477 1533 1478 1540 1477 1539 1479 1533 1478 1534 1475 1540 1477 1532 1480 1539 1479 1538 1481 1532 1480 1533 1478 1539 1479 1531 1482 1538 1481 1537 1483 1531 1482 1532 1480 1538 1481 1530 1484 1531 1482 1537 1483 1529 1485 1537 1483 1536 1486 1529 1485 1530 1484 1537 1483 1542 1487 1559 1488 1541 1489 1546 1490 1553 1491 1545 1492 1567 1493 1555 1494 1554 1495 1567 1493 1554 1495 1566 1496 1568 1497 1556 1498 1555 1494 1568 1497 1555 1494 1567 1493 1569 1499 1566 1496 1565 1500 1569 1499 1567 1493 1566 1496 1570 1501 1557 1502 1556 1498 1570 1501 1556 1498 1568 1497 1571 1503 1567 1493 1569 1499 1571 1503 1568 1497 1567 1493 1572 1504 1548 1505 1547 1506 1572 1504 1558 1507 1557 1502 1572 1504 1547 1506 1558 1507 1572 1504 1557 1502 1570 1501 1573 1508 1570 1501 1568 1497 1573 1508 1568 1497 1571 1503 1574 1509 1548 1505 1572 1504 1574 1509 1570 1501 1573 1508 1574 1509 1572 1504 1570 1501 1575 1510 1565 1500 1564 1511 1575 1510 1569 1499 1565 1500 1576 1512 1569 1499 1575 1510 1576 1512 1571 1503 1569 1499 1577 1513 1573 1508 1571 1503 1577 1513 1571 1503 1576 1512 1578 1514 1564 1511 1563 1515 1578 1514 1575 1510 1564 1511 1579 1516 1549 1517 1548 1505 1579 1516 1573 1508 1577 1513 1579 1516 1574 1509 1573 1508 1579 1516 1548 1505 1574 1509 1580 1518 1576 1512 1575 1510 1580 1518 1577 1513 1576 1512 1580 1518 1575 1510 1578 1514 1581 1519 1578 1514 1563 1515 1582 1520 1577 1513 1580 1518 1583 1521 1580 1518 1578 1514 1583 1521 1578 1514 1581 1519 1584 1522 1549 1517 1579 1516 1584 1522 1579 1516 1577 1513 1584 1522 1577 1513 1582 1520 1585 1523 1582 1520 1580 1518 1585 1523 1580 1518 1583 1521 1586 1524 1584 1522 1582 1520 1586 1524 1550 1525 1549 1517 1586 1524 1582 1520 1585 1523 1586 1524 1549 1517 1584 1522 1587 1526 1563 1515 1562 1527 1587 1526 1581 1519 1563 1515 1588 1528 1581 1519 1587 1526 1588 1528 1583 1521 1581 1519 1589 1529 1585 1523 1583 1521 1589 1529 1586 1524 1585 1523 1589 1529 1583 1521 1588 1528 1590 1530 1550 1525 1586 1524 1590 1530 1586 1524 1589 1529 1591 1531 1562 1527 1561 1532 1591 1531 1587 1526 1562 1527 1592 1533 1587 1526 1591 1531 1592 1533 1588 1528 1587 1526 1593 1534 1588 1528 1592 1533 1593 1534 1589 1529 1588 1528 1594 1535 1551 1536 1550 1525 1594 1535 1593 1534 1551 1536 1594 1535 1590 1530 1589 1529 1594 1535 1589 1529 1593 1534 1594 1535 1550 1525 1590 1530 1595 1537 1561 1532 1560 1538 1595 1537 1591 1531 1561 1532 1596 1539 1592 1533 1591 1531 1596 1539 1591 1531 1595 1537 1597 1540 1551 1536 1593 1534 1597 1540 1593 1534 1592 1533 1597 1540 1592 1533 1596 1539 1598 1541 1552 1542 1551 1536 1598 1541 1551 1536 1597 1540 1598 1541 1597 1540 1552 1542 1599 1543 1542 1487 1543 1544 1599 1543 1560 1538 1559 1488 1599 1543 1595 1537 1560 1538 1599 1543 1559 1488 1542 1487 1600 1545 1596 1539 1595 1537 1600 1545 1599 1543 1543 1544 1600 1545 1595 1537 1599 1543 1601 1546 1543 1544 1544 1547 1601 1546 1552 1542 1597 1540 1601 1546 1597 1540 1596 1539 1601 1546 1600 1545 1543 1544 1601 1546 1596 1539 1600 1545 1602 1548 1544 1547 1545 1492 1602 1548 1553 1491 1552 1542 1602 1548 1601 1546 1544 1547 1602 1548 1552 1542 1601 1546 1602 1548 1545 1492 1553 1491 1615 1549 1608 1550 1607 1551 1614 1552 1616 1553 1613 1554 1617 1555 1604 1556 1603 1557 1618 1558 1603 1557 1609 1559 1618 1558 1609 1559 1610 1560 1618 1558 1617 1555 1603 1557 1619 1561 1605 1562 1604 1556 1619 1561 1604 1556 1617 1555 1620 1563 1610 1560 1611 1564 1620 1563 1619 1561 1617 1555 1620 1563 1618 1558 1610 1560 1620 1563 1617 1555 1618 1558 1621 1565 1606 1566 1605 1562 1621 1565 1605 1562 1619 1561 1622 1567 1611 1564 1612 1568 1622 1567 1619 1561 1620 1563 1622 1567 1620 1563 1611 1564 1622 1567 1621 1565 1619 1561 1623 1569 1607 1551 1606 1566 1623 1569 1606 1566 1621 1565 1623 1569 1615 1549 1607 1551 1624 1570 1612 1568 1613 1554 1624 1570 1616 1553 1615 1549 1624 1570 1623 1569 1621 1565 1624 1570 1621 1565 1622 1567 1624 1570 1622 1567 1612 1568 1624 1570 1615 1549 1623 1569 1624 1570 1613 1554 1616 1553 1630 1571 1631 1572 1636 1573 1629 1574 1636 1573 1635 1575 1629 1574 1630 1571 1636 1573 1628 1576 1635 1575 1634 1577 1628 1576 1629 1574 1635 1575 1627 1578 1634 1577 1633 1579 1627 1578 1628 1576 1634 1577 1626 1580 1627 1578 1633 1579 1625 1581 1633 1579 1632 1582 1625 1581 1626 1580 1633 1579 1655 1583 1648 1584 1647 1585 1638 1586 1652 1587 1637 1588 1642 1589 1646 1590 1641 1591 1656 1592 1648 1584 1655 1583 1657 1593 1649 1594 1648 1584 1657 1593 1648 1584 1656 1592 1658 1595 1655 1583 1654 1596 1658 1595 1656 1592 1655 1583 1659 1597 1650 1598 1649 1594 1659 1597 1649 1594 1657 1593 1660 1599 1656 1592 1658 1595 1660 1599 1657 1593 1656 1592 1661 1600 1654 1596 1653 1601 1661 1600 1658 1595 1654 1596 1662 1602 1644 1603 1643 1604 1662 1602 1651 1605 1650 1598 1662 1602 1643 1604 1651 1605 1662 1602 1650 1598 1659 1597 1663 1606 1657 1593 1660 1599 1663 1606 1659 1597 1657 1593 1664 1607 1658 1595 1661 1600 1664 1607 1660 1599 1658 1595 1665 1608 1662 1602 1659 1597 1665 1608 1644 1603 1662 1602 1665 1608 1659 1597 1663 1606 1666 1609 1660 1599 1664 1607 1666 1609 1663 1606 1660 1599 1667 1610 1653 1601 1652 1587 1667 1610 1661 1600 1653 1601 1668 1611 1645 1612 1644 1603 1668 1611 1644 1603 1665 1608 1668 1611 1665 1608 1663 1606 1668 1611 1663 1606 1666 1609 1669 1613 1664 1607 1661 1600 1669 1613 1661 1600 1667 1610 1670 1614 1666 1609 1664 1607 1670 1614 1664 1607 1669 1613 1671 1615 1645 1612 1668 1611 1671 1615 1666 1609 1670 1614 1671 1615 1668 1611 1666 1609 1672 1616 1667 1610 1652 1587 1672 1616 1652 1587 1638 1586 1673 1617 1638 1586 1639 1618 1673 1617 1667 1610 1672 1616 1673 1617 1669 1613 1667 1610 1673 1617 1672 1616 1638 1586 1674 1619 1639 1618 1640 1620 1674 1619 1670 1614 1669 1613 1674 1619 1673 1617 1639 1618 1674 1619 1669 1613 1673 1617 1675 1621 1640 1620 1641 1591 1675 1621 1646 1590 1645 1612 1675 1621 1641 1591 1646 1590 1675 1621 1645 1612 1671 1615 1675 1621 1671 1615 1670 1614 1675 1621 1674 1619 1640 1620 1675 1621 1670 1614 1674 1619 1681 1622 1682 1623 1687 1624 1680 1625 1687 1624 1686 1626 1680 1625 1681 1622 1687 1624 1679 1627 1686 1626 1685 1628 1679 1627 1680 1625 1686 1626 1678 1629 1685 1628 1684 1630 1678 1629 1679 1627 1685 1628 1677 1631 1684 1630 1683 1632 1677 1631 1678 1629 1684 1630 1676 1633 1677 1631 1683 1632 1689 1634 1709 1635 1688 1636 1693 1637 1700 1638 1692 1639 1720 1640 1705 1641 1704 1642 1720 1640 1704 1642 1719 1643 1721 1644 1706 1645 1705 1641 1721 1644 1705 1641 1720 1640 1722 1646 1719 1643 1718 1647 1722 1646 1720 1640 1719 1643 1723 1648 1707 1649 1706 1645 1723 1648 1706 1645 1721 1644 1724 1650 1718 1647 1717 1651 1724 1650 1722 1646 1718 1647 1725 1652 1721 1644 1720 1640 1725 1652 1720 1640 1722 1646 1726 1653 1702 1654 1701 1655 1726 1653 1708 1656 1707 1649 1726 1653 1701 1655 1708 1656 1726 1653 1707 1649 1723 1648 1727 1657 1725 1652 1722 1646 1727 1657 1722 1646 1724 1650 1728 1658 1723 1648 1721 1644 1728 1658 1721 1644 1725 1652 1729 1659 1717 1651 1716 1660 1729 1659 1724 1650 1717 1651 1730 1661 1725 1652 1727 1657 1730 1661 1728 1658 1725 1652 1731 1662 1703 1663 1702 1654 1731 1662 1726 1653 1723 1648 1731 1662 1723 1648 1728 1658 1731 1662 1702 1654 1726 1653 1732 1664 1724 1650 1729 1659 1732 1664 1727 1657 1724 1650 1733 1665 1731 1662 1728 1658 1733 1665 1728 1658 1730 1661 1733 1665 1703 1663 1731 1662 1734 1666 1716 1660 1715 1667 1734 1666 1729 1659 1716 1660 1735 1668 1730 1661 1727 1657 1735 1668 1727 1657 1732 1664 1736 1669 1729 1659 1734 1666 1736 1669 1732 1664 1729 1659 1737 1670 1733 1665 1730 1661 1737 1670 1694 1671 1703 1663 1737 1670 1730 1661 1735 1668 1737 1670 1703 1663 1733 1665 1738 1672 1736 1669 1734 1666 1738 1672 1715 1667 1714 1673 1738 1672 1734 1666 1715 1667 1739 1674 1732 1664 1736 1669 1739 1674 1735 1668 1732 1664 1740 1675 1738 1672 1714 1673 1740 1675 1714 1673 1713 1676 1741 1677 1736 1669 1738 1672 1742 1678 1695 1679 1694 1671 1742 1678 1737 1670 1735 1668 1742 1678 1735 1668 1739 1674 1742 1678 1694 1671 1737 1670 1743 1680 1740 1675 1713 1676 1744 1681 1740 1675 1743 1680 1744 1681 1741 1677 1738 1672 1744 1681 1738 1672 1740 1675 1745 1682 1739 1674 1736 1669 1745 1682 1736 1669 1741 1677 1746 1683 1744 1681 1743 1680 1747 1684 1741 1677 1744 1681 1747 1684 1745 1682 1741 1677 1748 1685 1743 1680 1713 1676 1748 1685 1713 1676 1712 1686 1749 1687 1696 1688 1695 1679 1749 1687 1695 1679 1742 1678 1749 1687 1742 1678 1739 1674 1749 1687 1739 1674 1745 1682 1750 1689 1744 1681 1746 1683 1750 1689 1747 1684 1744 1681 1751 1690 1747 1684 1750 1689 1751 1690 1745 1682 1747 1684 1751 1690 1749 1687 1745 1682 1751 1690 1696 1688 1749 1687 1752 1691 1743 1680 1748 1685 1752 1691 1746 1683 1743 1680 1752 1691 1750 1689 1746 1683 1753 1692 1697 1693 1696 1688 1753 1692 1696 1688 1751 1690 1753 1692 1751 1690 1750 1689 1754 1694 1750 1689 1752 1691 1755 1695 1712 1686 1711 1696 1755 1695 1748 1685 1712 1686 1756 1697 1697 1693 1753 1692 1756 1697 1753 1692 1750 1689 1756 1697 1750 1689 1754 1694 1757 1698 1752 1691 1748 1685 1757 1698 1748 1685 1755 1695 1758 1699 1711 1696 1710 1700 1758 1699 1755 1695 1711 1696 1759 1701 1752 1691 1757 1698 1759 1701 1754 1694 1752 1691 1760 1702 1757 1698 1755 1695 1760 1702 1755 1695 1758 1699 1760 1702 1759 1701 1757 1698 1761 1703 1698 1704 1697 1693 1761 1703 1697 1693 1756 1697 1761 1703 1756 1697 1754 1694 1761 1703 1754 1694 1759 1701 1762 1705 1759 1701 1760 1702 1763 1706 1689 1634 1690 1707 1763 1706 1710 1700 1709 1635 1763 1706 1758 1699 1710 1700 1763 1706 1709 1635 1689 1634 1764 1708 1699 1709 1698 1704 1764 1708 1698 1704 1761 1703 1764 1708 1761 1703 1759 1701 1764 1708 1759 1701 1762 1705 1765 1710 1690 1707 1691 1711 1765 1710 1763 1706 1690 1707 1765 1710 1760 1702 1758 1699 1765 1710 1762 1705 1760 1702 1765 1710 1758 1699 1763 1706 1766 1712 1691 1711 1692 1639 1766 1712 1765 1710 1691 1711 1766 1712 1762 1705 1765 1710 1767 1713 1762 1705 1766 1712 1767 1713 1700 1638 1699 1709 1767 1713 1699 1709 1764 1708 1767 1713 1766 1712 1692 1639 1767 1713 1764 1708 1762 1705 1767 1713 1692 1639 1700 1638 1772 1714 1773 1715 1774 1716 1772 1714 1774 1716 1779 1717 1771 1718 1779 1717 1778 1719 1771 1718 1772 1714 1779 1717 1770 1720 1778 1719 1777 1721 1770 1720 1771 1718 1778 1719 1769 1722 1777 1721 1776 1723 1769 1722 1770 1720 1777 1721 1768 1724 1776 1723 1775 1725 1768 1724 1769 1722 1776 1723 1789 1726 1781 1727 1780 1728 1789 1726 1782 1729 1781 1727 1794 1730 1789 1726 1788 1731 1791 1732 1787 1733 1786 1734 1790 1735 1787 1733 1791 1732 1795 1736 1783 1737 1782 1729 1795 1736 1784 1738 1783 1737 1795 1736 1785 1739 1784 1738 1795 1736 1782 1729 1789 1726 1796 1740 1786 1734 1785 1739 1796 1740 1792 1741 1791 1732 1796 1740 1793 1742 1792 1741 1796 1740 1794 1730 1793 1742 1796 1740 1795 1736 1789 1726 1796 1740 1789 1726 1794 1730 1796 1740 1785 1739 1795 1736 1796 1740 1791 1732 1786 1734 1814 1743 1811 1744 1812 1745 1804 1746 1813 1747 1805 1748 1803 1749 1813 1747 1804 1746 1807 1750 1806 1751 1808 1752 1798 1753 1807 1750 1799 1754 1797 1755 1807 1750 1798 1753 1815 1756 1808 1752 1809 1757 1815 1756 1809 1757 1810 1758 1815 1756 1810 1758 1811 1744 1815 1756 1814 1743 1813 1747 1815 1756 1811 1744 1814 1743 1815 1756 1807 1750 1808 1752 1816 1759 1800 1760 1799 1754 1816 1759 1801 1761 1800 1760 1816 1759 1802 1762 1801 1761 1816 1759 1803 1749 1802 1762 1816 1759 1815 1756 1813 1747 1816 1759 1807 1750 1815 1756 1816 1759 1813 1747 1803 1749 1816 1759 1799 1754 1807 1750 1821 1763 1822 1764 1823 1765 1821 1763 1823 1765 1828 1766 1820 1767 1828 1766 1827 1768 1820 1767 1821 1763 1828 1766 1819 1769 1827 1768 1826 1770 1819 1769 1820 1767 1827 1768 1818 1771 1826 1770 1825 1772 1818 1771 1819 1769 1826 1770 1817 1773 1825 1772 1824 1774 1817 1773 1818 1771 1825 1772 1830 1775 1829 1775 1831 1775 1830 1776 1831 1776 1832 1776 1854 1777 1853 1777 1834 1777 1852 1778 1834 1778 1853 1778 1855 1779 1854 1779 1834 1779 1851 1778 1834 1778 1852 1778 1856 1780 1855 1780 1834 1780 1850 1778 1834 1778 1851 1778 1833 1778 1857 1778 1856 1778 1833 1781 1858 1781 1857 1781 1833 1782 1859 1782 1858 1782 1833 1778 1856 1778 1834 1778 1860 1783 1859 1783 1833 1783 1861 1778 1860 1778 1833 1778 1862 1778 1861 1778 1833 1778 1837 1778 1862 1778 1833 1778 1836 1784 1845 1784 1844 1784 1836 1785 1846 1785 1845 1785 1836 1786 1847 1786 1846 1786 1836 1787 1848 1787 1847 1787 1836 1788 1849 1788 1848 1788 1836 1778 1850 1778 1849 1778 1836 1789 1834 1789 1850 1789 1835 1778 1838 1778 1837 1778 1835 1790 1839 1790 1838 1790 1835 1791 1840 1791 1839 1791 1835 1792 1841 1792 1840 1792 1835 1793 1842 1793 1841 1793 1835 1794 1843 1794 1842 1794 1835 1778 1844 1778 1843 1778 1835 1778 1836 1778 1844 1778 1835 1795 1837 1795 1833 1795 1877 1796 1863 1797 1871 1798 1876 1799 1863 1797 1877 1796 1878 1800 1868 1801 1867 1802 1878 1800 1869 1803 1868 1801 1878 1800 1870 1804 1869 1803 1872 1805 1878 1800 1873 1806 1879 1807 1865 1808 1864 1809 1879 1807 1866 1810 1865 1808 1879 1807 1867 1802 1866 1810 1879 1807 1878 1800 1867 1802 1880 1811 1864 1809 1863 1797 1880 1811 1874 1812 1873 1806 1880 1811 1875 1813 1874 1812 1880 1811 1876 1799 1875 1813 1880 1811 1878 1800 1879 1807 1880 1811 1879 1807 1864 1809 1880 1811 1863 1797 1876 1799 1880 1811 1873 1806 1878 1800 1890 1814 1881 1815 1882 1816 1890 1814 1889 1817 1881 1815 1891 1818 1882 1816 1883 1819 1891 1818 1890 1814 1882 1816 1892 1820 1883 1819 1884 1821 1892 1820 1884 1821 1885 1822 1892 1820 1891 1818 1883 1819 1893 1823 1885 1822 1886 1824 1893 1823 1892 1820 1885 1822 1888 1825 1886 1824 1887 1826 1888 1825 1893 1823 1886 1824 1916 1827 1901 1828 1900 1829 1912 1830 1919 1831 1913 1832 1926 1833 1898 1834 1899 1835 1926 1833 1899 1835 1911 1836 1927 1837 1911 1836 1910 1838 1927 1837 1926 1833 1911 1836 1928 1839 1897 1840 1898 1834 1928 1839 1898 1834 1926 1833 1929 1841 1928 1839 1926 1833 1929 1841 1926 1833 1927 1837 1930 1842 1896 1843 1897 1840 1930 1842 1897 1840 1928 1839 1931 1844 1910 1838 1909 1845 1931 1844 1927 1837 1910 1838 1932 1846 1928 1839 1929 1841 1932 1846 1930 1842 1928 1839 1933 1847 1894 1848 1895 1849 1933 1847 1895 1849 1896 1843 1933 1847 1920 1850 1894 1848 1933 1847 1896 1843 1930 1842 1934 1851 1927 1837 1931 1844 1934 1851 1929 1841 1927 1837 1935 1852 1930 1842 1932 1846 1935 1852 1920 1850 1933 1847 1935 1852 1933 1847 1930 1842 1936 1853 1909 1845 1908 1854 1936 1853 1931 1844 1909 1845 1937 1855 1929 1841 1934 1851 1937 1855 1932 1846 1929 1841 1938 1856 1908 1854 1907 1857 1938 1856 1936 1853 1908 1854 1939 1858 1931 1844 1936 1853 1939 1858 1937 1855 1934 1851 1939 1858 1934 1851 1931 1844 1940 1859 1921 1860 1920 1850 1940 1859 1932 1846 1937 1855 1940 1859 1920 1850 1935 1852 1940 1859 1935 1852 1932 1846 1941 1861 1939 1858 1936 1853 1941 1861 1936 1853 1938 1856 1942 1862 1937 1855 1939 1858 1943 1863 1942 1862 1939 1858 1943 1863 1939 1858 1941 1861 1944 1864 1907 1857 1906 1865 1944 1864 1938 1856 1907 1857 1945 1866 1922 1867 1921 1860 1945 1866 1940 1859 1937 1855 1945 1866 1937 1855 1942 1862 1945 1866 1921 1860 1940 1859 1946 1868 1922 1867 1945 1866 1946 1868 1942 1862 1943 1863 1946 1868 1945 1866 1942 1862 1947 1869 1938 1856 1944 1864 1947 1869 1941 1861 1938 1856 1948 1870 1906 1865 1905 1871 1948 1870 1944 1864 1906 1865 1949 1872 1943 1863 1941 1861 1949 1872 1941 1861 1947 1869 1950 1873 1947 1869 1944 1864 1950 1873 1944 1864 1948 1870 1951 1874 1922 1867 1946 1868 1951 1874 1946 1868 1943 1863 1951 1874 1943 1863 1949 1872 1951 1874 1923 1875 1922 1867 1952 1876 1948 1870 1905 1871 1952 1876 1905 1871 1904 1877 1952 1876 1950 1873 1948 1870 1953 1878 1949 1872 1947 1869 1953 1878 1947 1869 1950 1873 1954 1879 1904 1877 1903 1880 1954 1879 1952 1876 1904 1877 1955 1881 1950 1873 1952 1876 1956 1882 1951 1874 1949 1872 1956 1882 1924 1883 1923 1875 1956 1882 1949 1872 1953 1878 1956 1882 1923 1875 1951 1874 1957 1884 1954 1879 1903 1880 1958 1885 1952 1876 1954 1879 1958 1885 1955 1881 1952 1876 1959 1886 1953 1878 1950 1873 1959 1886 1950 1873 1955 1881 1959 1886 1955 1881 1958 1885 1960 1887 1954 1879 1957 1884 1960 1887 1958 1885 1954 1879 1961 1888 1959 1886 1958 1885 1962 1889 1903 1880 1902 1890 1962 1889 1957 1884 1903 1880 1963 1891 1925 1892 1924 1883 1963 1891 1924 1883 1956 1882 1963 1891 1953 1878 1959 1886 1963 1891 1956 1882 1953 1878 1964 1893 1958 1885 1960 1887 1964 1893 1961 1888 1958 1885 1965 1894 1925 1892 1963 1891 1965 1894 1959 1886 1961 1888 1965 1894 1963 1891 1959 1886 1966 1895 1957 1884 1962 1889 1966 1895 1960 1887 1957 1884 1966 1895 1964 1893 1960 1887 1967 1896 1902 1890 1901 1828 1967 1896 1962 1889 1902 1890 1968 1897 1917 1898 1925 1892 1968 1897 1925 1892 1965 1894 1968 1897 1961 1888 1964 1893 1968 1897 1965 1894 1961 1888 1969 1899 1964 1893 1966 1895 1970 1900 1916 1827 1915 1901 1970 1900 1967 1896 1901 1828 1970 1900 1901 1828 1916 1827 1971 1902 1962 1889 1967 1896 1971 1902 1966 1895 1962 1889 1972 1903 1917 1898 1968 1897 1972 1903 1968 1897 1964 1893 1972 1903 1964 1893 1969 1899 1973 1904 1915 1901 1914 1905 1973 1904 1970 1900 1915 1901 1973 1904 1967 1896 1970 1900 1973 1904 1971 1902 1967 1896 1974 1906 1969 1899 1966 1895 1974 1906 1966 1895 1971 1902 1975 1907 1971 1902 1973 1904 1975 1907 1914 1905 1913 1832 1975 1907 1974 1906 1971 1902 1975 1907 1973 1904 1914 1905 1976 1908 1969 1899 1974 1906 1976 1908 1918 1909 1917 1898 1976 1908 1917 1898 1972 1903 1976 1908 1972 1903 1969 1899 1977 1910 1974 1906 1975 1907 1977 1910 1918 1909 1976 1908 1977 1910 1919 1831 1918 1909 1977 1910 1975 1907 1913 1832 1977 1910 1913 1832 1919 1831 1977 1910 1976 1908 1974 1906 1986 1911 1978 1912 1979 1913 1986 1911 1985 1914 1978 1912 1987 1915 1979 1913 1980 1916 1987 1915 1986 1911 1979 1913 1988 1917 1980 1916 1981 1918 1988 1917 1987 1915 1980 1916 1989 1919 1981 1918 1982 1920 1989 1919 1988 1917 1981 1918 1984 1921 1982 1920 1983 1922 1984 1921 1989 1919 1982 1920 2000 1923 1994 1924 1995 1925 2001 1926 2008 1927 2002 1928 2009 1929 1993 1930 1994 1924 2009 1929 1994 1924 2000 1923 2010 1931 1992 1932 1993 1930 2010 1931 1993 1930 2009 1929 2011 1933 2000 1923 1999 1934 2011 1933 2009 1929 2000 1923 2012 1935 1991 1936 1992 1932 2012 1935 1992 1932 2010 1931 2013 1937 2009 1929 2011 1933 2013 1937 2010 1931 2009 1929 2014 1938 1999 1934 1998 1939 2014 1938 2011 1933 1999 1934 2015 1940 1990 1941 1991 1936 2015 1940 2006 1942 1990 1941 2015 1940 1991 1936 2012 1935 2016 1943 2010 1931 2013 1937 2016 1943 2012 1935 2010 1931 2017 1944 2013 1937 2011 1933 2017 1944 2011 1933 2014 1938 2018 1945 2006 1942 2015 1940 2018 1945 2012 1935 2016 1943 2018 1945 2015 1940 2012 1935 2019 1946 2016 1943 2013 1937 2019 1946 2013 1937 2017 1944 2019 1946 2018 1945 2016 1943 2020 1947 1998 1939 1997 1948 2020 1947 2014 1938 1998 1939 2021 1949 2007 1950 2006 1942 2021 1949 2006 1942 2018 1945 2021 1949 2018 1945 2019 1946 2022 1951 2017 1944 2014 1938 2022 1951 2014 1938 2020 1947 2023 1952 2017 1944 2022 1951 2023 1952 2019 1946 2017 1944 2024 1953 2007 1950 2021 1949 2024 1953 2021 1949 2019 1946 2024 1953 2019 1946 2023 1952 2025 1954 1997 1948 1996 1955 2025 1954 1996 1955 2005 1956 2025 1954 2020 1947 1997 1948 2026 1957 2005 1956 2004 1958 2026 1957 2025 1954 2005 1956 2026 1957 2022 1951 2020 1947 2026 1957 2020 1947 2025 1954 2027 1959 2004 1958 2003 1960 2027 1959 2023 1952 2022 1951 2027 1959 2026 1957 2004 1958 2027 1959 2022 1951 2026 1957 2028 1961 2003 1960 2002 1928 2028 1961 2008 1927 2007 1950 2028 1961 2023 1952 2027 1959 2028 1961 2002 1928 2008 1927 2028 1961 2007 1950 2024 1953 2028 1961 2024 1953 2023 1952 2028 1961 2027 1959 2003 1960 2036 1962 2029 1963 2030 1964 2037 1965 2030 1964 2031 1966 2037 1965 2036 1962 2030 1964 2038 1967 2031 1966 2032 1968 2038 1967 2037 1965 2031 1966 2039 1969 2032 1968 2033 1970 2039 1969 2038 1967 2032 1968 2040 1971 2033 1970 2034 1972 2040 1971 2039 1969 2033 1970 2035 1973 2040 1971 2034 1972 2049 1974 2048 1975 2051 1976 2055 1977 2042 1978 2041 1979 2055 1977 2054 1980 2042 1978 2056 1981 2041 1979 2043 1982 2056 1981 2055 1977 2041 1979 2057 1983 2053 1984 2054 1980 2057 1983 2054 1980 2055 1977 2058 1985 2043 1982 2044 1986 2058 1985 2057 1983 2055 1977 2058 1985 2055 1977 2056 1981 2058 1985 2056 1981 2043 1982 2059 1987 2052 1988 2053 1984 2059 1987 2053 1984 2057 1983 2060 1989 2044 1986 2045 1990 2060 1989 2059 1987 2057 1983 2060 1989 2057 1983 2058 1985 2060 1989 2058 1985 2044 1986 2061 1991 2051 1976 2052 1988 2061 1991 2052 1988 2059 1987 2061 1991 2049 1974 2051 1976 2062 1992 2045 1990 2046 1993 2062 1992 2046 1993 2047 1994 2062 1992 2050 1995 2049 1974 2062 1992 2047 1994 2050 1995 2062 1992 2060 1989 2045 1990 2062 1992 2059 1987 2060 1989 2062 1992 2061 1991 2059 1987 2062 1992 2049 1974 2061 1991 2078 1996 2064 1997 2063 1998 2079 1999 2089 2000 2080 2001 2090 2002 2064 1997 2078 1996 2091 2003 2065 2004 2064 1997 2091 2003 2064 1997 2090 2002 2092 2005 2066 2006 2065 2004 2092 2005 2065 2004 2091 2003 2093 2007 2078 1996 2077 2008 2093 2007 2090 2002 2078 1996 2094 2009 2067 2010 2066 2006 2094 2009 2068 2011 2067 2010 2094 2009 2084 2012 2068 2011 2094 2009 2066 2006 2092 2005 2095 2013 2091 2003 2090 2002 2095 2013 2090 2002 2093 2007 2096 2014 2091 2003 2095 2013 2096 2014 2092 2005 2091 2003 2097 2015 2094 2009 2092 2005 2097 2015 2092 2005 2096 2014 2097 2015 2084 2012 2094 2009 2098 2016 2077 2008 2076 2017 2098 2016 2093 2007 2077 2008 2099 2018 2095 2013 2093 2007 2099 2018 2093 2007 2098 2016 2100 2019 2076 2017 2075 2020 2100 2019 2098 2016 2076 2017 2101 2021 2095 2013 2099 2018 2101 2021 2096 2014 2095 2013 2102 2022 2099 2018 2098 2016 2102 2022 2098 2016 2100 2019 2103 2023 2085 2024 2084 2012 2103 2023 2097 2015 2096 2014 2103 2023 2084 2012 2097 2015 2103 2023 2096 2014 2101 2021 2104 2025 2100 2019 2075 2020 2104 2025 2102 2022 2100 2019 2105 2026 2099 2018 2102 2022 2105 2026 2101 2021 2099 2018 2105 2026 2103 2023 2101 2021 2106 2027 2102 2022 2104 2025 2107 2028 2085 2024 2103 2023 2107 2028 2103 2023 2105 2026 2108 2029 2102 2022 2106 2027 2108 2029 2105 2026 2102 2022 2109 2030 2075 2020 2074 2031 2109 2030 2104 2025 2075 2020 2110 2032 2107 2028 2105 2026 2110 2032 2105 2026 2108 2029 2110 2032 2086 2033 2085 2024 2110 2032 2085 2024 2107 2028 2111 2034 2104 2025 2109 2030 2111 2034 2106 2027 2104 2025 2112 2035 2106 2027 2111 2034 2112 2035 2108 2029 2106 2027 2113 2036 2108 2029 2112 2035 2113 2036 2110 2032 2108 2029 2113 2036 2086 2033 2110 2032 2114 2037 2074 2031 2073 2038 2114 2037 2109 2030 2074 2031 2115 2039 2109 2030 2114 2037 2115 2039 2111 2034 2109 2030 2116 2040 2073 2038 2072 2041 2116 2040 2114 2037 2073 2038 2117 2042 2112 2035 2111 2034 2117 2042 2111 2034 2115 2039 2118 2043 2115 2039 2114 2037 2118 2043 2114 2037 2116 2040 2119 2044 2113 2036 2112 2035 2119 2044 2112 2035 2117 2042 2119 2044 2086 2033 2113 2036 2119 2044 2087 2045 2086 2033 2120 2046 2117 2042 2115 2039 2120 2046 2115 2039 2118 2043 2121 2047 2116 2040 2072 2041 2122 2048 2119 2044 2117 2042 2122 2048 2087 2045 2119 2044 2122 2048 2117 2042 2120 2046 2123 2049 2118 2043 2116 2040 2123 2049 2120 2046 2118 2043 2123 2049 2116 2040 2121 2047 2124 2050 2072 2041 2071 2051 2124 2050 2121 2047 2072 2041 2125 2052 2122 2048 2120 2046 2125 2052 2120 2046 2123 2049 2126 2053 2123 2049 2121 2047 2126 2053 2121 2047 2124 2050 2126 2053 2125 2052 2123 2049 2127 2054 2088 2055 2087 2045 2127 2054 2122 2048 2125 2052 2127 2054 2087 2045 2122 2048 2128 2056 2071 2051 2070 2057 2128 2056 2124 2050 2071 2051 2129 2058 2125 2052 2126 2053 2129 2058 2127 2054 2125 2052 2130 2059 2124 2050 2128 2056 2130 2059 2126 2053 2124 2050 2131 2060 2088 2055 2127 2054 2131 2060 2127 2054 2129 2058 2132 2061 2129 2058 2126 2053 2132 2061 2126 2053 2130 2059 2133 2062 2089 2000 2088 2055 2133 2062 2088 2055 2131 2060 2133 2062 2131 2060 2129 2058 2133 2062 2129 2058 2132 2061 2134 2063 2070 2057 2069 2064 2134 2063 2069 2064 2083 2065 2134 2063 2128 2056 2070 2057 2135 2066 2083 2065 2082 2067 2135 2066 2130 2059 2128 2056 2135 2066 2132 2061 2130 2059 2135 2066 2128 2056 2134 2063 2135 2066 2134 2063 2083 2065 2136 2068 2082 2067 2081 2069 2136 2068 2133 2062 2132 2061 2136 2068 2135 2066 2082 2067 2136 2068 2132 2061 2135 2066 2137 2070 2081 2069 2080 2001 2137 2070 2089 2000 2133 2062 2137 2070 2136 2068 2081 2069 2137 2070 2080 2001 2089 2000 2137 2070 2133 2062 2136 2068 2145 2071 2138 2072 2139 2073 2146 2074 2139 2073 2140 2075 2146 2074 2145 2071 2139 2073 2147 2076 2140 2075 2141 2077 2147 2076 2146 2074 2140 2075 2148 2078 2141 2077 2142 2079 2148 2078 2147 2076 2141 2077 2149 2080 2142 2079 2143 2081 2149 2080 2148 2078 2142 2079 2144 2082 2149 2080 2143 2081 2170 2083 2157 2084 2156 2085 2166 2086 2176 2087 2167 2088 2177 2089 2154 2090 2155 2091 2177 2089 2155 2091 2165 2092 2178 2093 2153 2094 2154 2090 2178 2093 2154 2090 2177 2089 2179 2095 2152 2096 2153 2094 2179 2095 2153 2094 2178 2093 2180 2097 2165 2092 2164 2098 2180 2097 2177 2089 2165 2092 2181 2099 2150 2100 2151 2101 2181 2099 2151 2101 2152 2096 2181 2099 2171 2102 2150 2100 2181 2099 2152 2096 2179 2095 2182 2103 2178 2093 2177 2089 2182 2103 2177 2089 2180 2097 2183 2104 2178 2093 2182 2103 2183 2104 2179 2095 2178 2093 2184 2105 2181 2099 2179 2095 2184 2105 2171 2102 2181 2099 2184 2105 2179 2095 2183 2104 2185 2106 2164 2098 2163 2107 2185 2106 2180 2097 2164 2098 2186 2108 2180 2097 2185 2106 2186 2108 2182 2103 2180 2097 2187 2109 2163 2107 2162 2110 2187 2109 2185 2106 2163 2107 2188 2111 2183 2104 2182 2103 2188 2111 2182 2103 2186 2108 2189 2112 2185 2106 2187 2109 2189 2112 2186 2108 2185 2106 2190 2113 2172 2114 2171 2102 2190 2113 2184 2105 2183 2104 2190 2113 2171 2102 2184 2105 2190 2113 2183 2104 2188 2111 2191 2115 2187 2109 2162 2110 2191 2115 2189 2112 2187 2109 2192 2116 2188 2111 2186 2108 2192 2116 2186 2108 2189 2112 2193 2117 2189 2112 2191 2115 2194 2118 2172 2114 2190 2113 2194 2118 2188 2111 2192 2116 2194 2118 2190 2113 2188 2111 2195 2119 2189 2112 2193 2117 2195 2119 2192 2116 2189 2112 2196 2120 2162 2110 2161 2121 2196 2120 2191 2115 2162 2110 2197 2122 2192 2116 2195 2119 2197 2122 2173 2123 2172 2114 2197 2122 2172 2114 2194 2118 2197 2122 2194 2118 2192 2116 2198 2124 2191 2115 2196 2120 2198 2124 2193 2117 2191 2115 2199 2125 2197 2122 2195 2119 2199 2125 2193 2117 2198 2124 2199 2125 2195 2119 2193 2117 2200 2126 2173 2123 2197 2122 2200 2126 2197 2122 2199 2125 2201 2127 2161 2121 2160 2128 2201 2127 2196 2120 2161 2121 2202 2129 2196 2120 2201 2127 2202 2129 2198 2124 2196 2120 2203 2130 2160 2128 2159 2131 2203 2130 2201 2127 2160 2128 2204 2132 2199 2125 2198 2124 2204 2132 2198 2124 2202 2129 2205 2133 2202 2129 2201 2127 2205 2133 2201 2127 2203 2130 2206 2134 2173 2123 2200 2126 2206 2134 2200 2126 2199 2125 2206 2134 2174 2135 2173 2123 2206 2134 2199 2125 2204 2132 2207 2136 2202 2129 2205 2133 2207 2136 2204 2132 2202 2129 2208 2137 2203 2130 2159 2131 2208 2137 2205 2133 2203 2130 2209 2138 2174 2135 2206 2134 2209 2138 2206 2134 2204 2132 2209 2138 2204 2132 2207 2136 2210 2139 2207 2136 2205 2133 2210 2139 2205 2133 2208 2137 2211 2140 2159 2131 2158 2141 2211 2140 2208 2137 2159 2131 2212 2142 2207 2136 2210 2139 2213 2143 2210 2139 2208 2137 2213 2143 2208 2137 2211 2140 2214 2144 2175 2145 2174 2135 2214 2144 2174 2135 2209 2138 2214 2144 2209 2138 2207 2136 2214 2144 2207 2136 2212 2142 2215 2146 2211 2140 2158 2141 2216 2147 2212 2142 2210 2139 2216 2147 2210 2139 2213 2143 2217 2148 2211 2140 2215 2146 2217 2148 2213 2143 2211 2140 2218 2149 2175 2145 2214 2144 2218 2149 2212 2142 2216 2147 2218 2149 2214 2144 2212 2142 2219 2150 2216 2147 2213 2143 2219 2150 2213 2143 2217 2148 2220 2151 2176 2087 2175 2145 2220 2151 2175 2145 2218 2149 2220 2151 2218 2149 2216 2147 2220 2151 2216 2147 2219 2150 2221 2152 2158 2141 2157 2084 2221 2152 2170 2083 2169 2153 2221 2152 2215 2146 2158 2141 2221 2152 2157 2084 2170 2083 2222 2154 2169 2153 2168 2155 2222 2154 2221 2152 2169 2153 2222 2154 2217 2148 2215 2146 2222 2154 2219 2150 2217 2148 2222 2154 2215 2146 2221 2152 2223 2156 2168 2155 2167 2088 2223 2156 2222 2154 2168 2155 2223 2156 2219 2150 2222 2154 2224 2157 2176 2087 2220 2151 2224 2157 2220 2151 2219 2150 2224 2157 2167 2088 2176 2087 2224 2157 2223 2156 2167 2088 2224 2157 2219 2150 2223 2156 2232 2158 2225 2159 2226 2160 2233 2161 2226 2160 2227 2162 2233 2161 2232 2158 2226 2160 2234 2163 2227 2162 2228 2164 2234 2163 2233 2161 2227 2162 2235 2165 2228 2164 2229 2166 2235 2165 2234 2163 2228 2164 2236 2167 2229 2166 2230 2168 2236 2167 2235 2165 2229 2166 2231 2169 2236 2167 2230 2168 2253 2170 2251 2171 2252 2172 2243 2173 2253 2170 2244 2174 2246 2175 2245 2176 2248 2177 2242 2178 2253 2170 2243 2173 2241 2179 2253 2170 2242 2178 2237 2180 2247 2181 2238 2182 2254 2183 2248 2177 2249 2184 2254 2183 2249 2184 2250 2185 2254 2183 2250 2185 2251 2171 2254 2183 2251 2171 2253 2170 2254 2183 2246 2175 2248 2177 2255 2186 2239 2187 2238 2182 2255 2186 2240 2188 2239 2187 2255 2186 2241 2179 2240 2188 2255 2186 2247 2181 2246 2175 2255 2186 2254 2183 2253 2170 2255 2186 2246 2175 2254 2183 2255 2186 2253 2170 2241 2179 2255 2186 2238 2182 2247 2181 2259 2189 2260 2189 2261 2189 2259 2190 2261 2190 2262 2190 2259 2191 2262 2191 2263 2191 2259 2192 2263 2192 2264 2192 2259 2193 2264 2193 2265 2193 2259 2194 2265 2194 2258 2194 2268 2189 2258 2189 2256 2189 2268 2195 2259 2195 2258 2195 2267 2189 2268 2189 2256 2189 2274 2189 2256 2189 2257 2189 2274 2196 2266 2196 2267 2196 2274 2197 2267 2197 2256 2197 2274 2189 2271 2189 2266 2189 2273 2189 2274 2189 2257 2189 2275 2189 2273 2189 2257 2189 2272 2198 2275 2198 2276 2198 2272 2189 2273 2189 2275 2189 2281 2189 2282 2189 2272 2189 2277 2199 2272 2199 2276 2199 2280 2189 2281 2189 2272 2189 2278 2189 2272 2189 2277 2189 2279 2200 2280 2200 2272 2200 2279 2189 2272 2189 2278 2189 2270 2189 2269 2189 2266 2189 2270 2189 2266 2189 2271 2189 2286 2201 2284 2201 2283 2201 2286 2202 2283 2202 2285 2202 2289 2203 2309 2204 2308 2205 2290 2206 2310 2207 2309 2204 2290 2206 2309 2204 2289 2203 2291 2208 2310 2207 2290 2206 2292 2209 2311 2210 2310 2207 2292 2209 2310 2207 2291 2208 2293 2211 2312 2212 2311 2210 2293 2211 2311 2210 2292 2209 2294 2213 2313 2214 2312 2212 2294 2213 2312 2212 2293 2211 2295 2215 2313 2214 2294 2213 2296 2216 2314 2217 2313 2214 2296 2216 2313 2214 2295 2215 2297 2218 2314 2217 2296 2216 2298 2219 2315 2220 2314 2217 2298 2219 2314 2217 2297 2218 2299 2221 2316 2222 2315 2220 2299 2221 2315 2220 2298 2219 2300 2223 2316 2222 2299 2221 2301 2224 2317 2225 2316 2222 2301 2224 2316 2222 2300 2223 2302 2226 2318 2227 2317 2225 2302 2226 2317 2225 2301 2224 2303 2228 2318 2227 2302 2226 2304 2229 2319 2230 2318 2227 2304 2229 2318 2227 2303 2228 2305 2231 2320 2232 2319 2230 2305 2231 2319 2230 2304 2229 2306 2233 2320 2232 2305 2231 2307 2234 2287 2235 2320 2232 2307 2234 2320 2232 2306 2233 2288 2236 2287 2235 2307 2234 2321 2237 2342 2238 2341 2239 2322 2240 2343 2241 2342 2238 2322 2240 2342 2238 2321 2237 2323 2242 2343 2241 2322 2240 2324 2243 2344 2244 2343 2241 2324 2243 2343 2241 2323 2242 2325 2245 2345 2246 2344 2244 2325 2245 2344 2244 2324 2243 2326 2247 2346 2248 2345 2246 2326 2247 2345 2246 2325 2245 2327 2249 2346 2248 2326 2247 2328 2250 2347 2251 2346 2248 2328 2250 2346 2248 2327 2249 2329 2252 2347 2251 2328 2250 2330 2253 2348 2254 2347 2251 2330 2253 2347 2251 2329 2252 2331 2255 2349 2256 2348 2254 2331 2255 2348 2254 2330 2253 2332 2257 2349 2256 2331 2255 2333 2258 2350 2259 2349 2256 2333 2258 2349 2256 2332 2257 2334 2260 2351 2261 2350 2259 2334 2260 2350 2259 2333 2258 2335 2262 2351 2261 2334 2260 2336 2263 2352 2264 2351 2261 2336 2263 2351 2261 2335 2262 2337 2265 2353 2266 2352 2264 2337 2265 2352 2264 2336 2263 2338 2267 2353 2266 2337 2265 2339 2268 2354 2269 2353 2266 2339 2268 2353 2266 2338 2267 2340 2270 2354 2269 2339 2268 2357 2271 2377 2272 2376 2273 2358 2274 2378 2275 2377 2272 2358 2274 2377 2272 2357 2271 2359 2276 2378 2275 2358 2274 2360 2277 2379 2278 2378 2275 2360 2277 2378 2275 2359 2276 2361 2279 2380 2280 2379 2278 2361 2279 2379 2278 2360 2277 2362 2281 2381 2282 2380 2280 2362 2281 2380 2280 2361 2279 2363 2283 2381 2282 2362 2281 2364 2284 2382 2285 2381 2282 2364 2284 2381 2282 2363 2283 2365 2286 2382 2285 2364 2284 2366 2287 2383 2288 2382 2285 2366 2287 2382 2285 2365 2286 2367 2289 2384 2290 2383 2288 2367 2289 2383 2288 2366 2287 2368 2291 2384 2290 2367 2289 2369 2292 2385 2293 2384 2290 2369 2292 2384 2290 2368 2291 2370 2294 2386 2295 2385 2293 2370 2294 2385 2293 2369 2292 2371 2296 2386 2295 2370 2294 2372 2297 2387 2298 2386 2295 2372 2297 2386 2295 2371 2296 2373 2299 2388 2300 2387 2298 2373 2299 2387 2298 2372 2297 2374 2301 2388 2300 2373 2299 2375 2302 2355 2303 2388 2300 2375 2302 2388 2300 2374 2301 2356 2304 2355 2303 2375 2302 2389 2305 2410 2306 2409 2307 2390 2308 2411 2309 2410 2306 2390 2308 2410 2306 2389 2305 2391 2310 2411 2309 2390 2308 2392 2311 2412 2312 2411 2309 2392 2311 2411 2309 2391 2310 2393 2313 2413 2314 2412 2312 2393 2313 2412 2312 2392 2311 2394 2315 2414 2316 2413 2314 2394 2315 2413 2314 2393 2313 2395 2317 2414 2316 2394 2315 2396 2318 2415 2319 2414 2316 2396 2318 2414 2316 2395 2317 2397 2320 2415 2319 2396 2318 2398 2321 2416 2322 2415 2319 2398 2321 2415 2319 2397 2320 2399 2323 2417 2324 2416 2322 2399 2323 2416 2322 2398 2321 2400 2325 2417 2324 2399 2323 2401 2326 2418 2327 2417 2324 2401 2326 2417 2324 2400 2325 2402 2328 2419 2329 2418 2327 2402 2328 2418 2327 2401 2326 2403 2330 2419 2329 2402 2328 2404 2331 2420 2332 2419 2329 2404 2331 2419 2329 2403 2330 2405 2333 2421 2334 2420 2332 2405 2333 2420 2332 2404 2331 2406 2335 2421 2334 2405 2333 2407 2336 2422 2337 2421 2334 2407 2336 2421 2334 2406 2335 2408 2338 2422 2337 2407 2336 2424 2339 2425 2339 2426 2339 2423 2339 2425 2339 2424 2339 2430 2340 2442 2341 2429 2342 2430 2340 2443 2343 2442 2341 2431 2344 2444 2345 2443 2343 2431 2344 2443 2343 2430 2340 2432 2346 2445 2347 2444 2345 2432 2346 2444 2345 2431 2344 2433 2348 2446 2349 2445 2347 2433 2348 2445 2347 2432 2346 2434 2350 2447 2351 2446 2349 2434 2350 2448 723 2447 2351 2434 2350 2446 2349 2433 2348 2435 724 2448 723 2434 2350 2436 725 2449 726 2448 723 2436 725 2450 2352 2449 726 2436 725 2448 723 2435 724 2437 2353 2451 2354 2450 2352 2437 2353 2450 2352 2436 725 2438 2355 2451 2354 2437 2353 2439 2356 2452 2357 2451 2354 2439 2356 2453 2358 2452 2357 2439 2356 2451 2354 2438 2355 2440 2358 2453 2358 2439 2356 2441 2359 2454 2360 2453 2358 2441 2359 2427 2361 2454 2360 2441 2359 2453 2358 2440 2358 2428 2362 2427 2361 2441 2359 2456 2363 2469 2364 2455 2365 2456 2363 2470 2366 2469 2364 2457 2367 2471 2368 2470 2366 2457 2367 2472 2369 2471 2368 2457 2367 2470 2366 2456 2363 2458 2370 2472 2369 2457 2367 2459 2371 2473 2372 2472 2369 2459 2371 2474 2373 2473 2372 2459 2371 2472 2369 2458 2370 2460 2374 2475 751 2474 2373 2460 2374 2474 2373 2459 2371 2461 752 2475 751 2460 2374 2462 753 2476 754 2475 751 2462 753 2475 751 2461 752 2463 2375 2477 2376 2476 754 2463 2375 2476 754 2462 753 2464 2377 2478 2378 2477 2376 2464 2377 2479 2379 2478 2378 2464 2377 2477 2376 2463 2375 2465 2380 2479 2379 2464 2377 2466 2381 2480 2382 2479 2379 2466 2381 2479 2379 2465 2380 2467 2383 2481 2384 2480 2382 2467 2383 2480 2382 2466 2381 2468 2385 2482 2386 2481 2384 2468 2385 2481 2384 2467 2383 2486 2387 2483 2387 2484 2387 2485 2387 2483 2387 2486 2387 2488 2189 2489 2189 2487 2189 2488 2189 2490 2189 2489 2189 2493 2388 2491 2388 2492 2388 2493 2388 2492 2388 2494 2388 2499 2389 2503 2389 2504 2389 2499 2390 2504 2390 2505 2390 2499 2391 2505 2391 2506 2391 2499 2392 2506 2392 2507 2392 2499 2393 2507 2394 2508 2395 2499 2396 2508 2397 2509 2398 2500 2399 2510 2399 2503 2399 2500 2400 2503 2400 2499 2400 2501 2401 2510 2401 2500 2401 2511 2402 2510 2402 2501 2402 2521 2403 2501 2403 2502 2403 2521 2404 2511 2404 2501 2404 2522 2405 2512 2405 2511 2405 2522 2406 2511 2406 2521 2406 2520 2407 2502 2407 2498 2407 2520 2408 2521 2408 2502 2408 2523 2409 2512 2409 2522 2409 2496 2410 2520 2410 2498 2410 2513 2411 2517 2411 2518 2411 2513 2412 2518 2412 2519 2412 2513 2413 2519 2413 2512 2413 2513 2414 2512 2414 2523 2414 2516 2415 2517 2415 2513 2415 2515 2416 2513 2417 2514 2418 2515 2419 2516 2419 2513 2419 2497 2420 2496 2420 2498 2420 2495 2420 2496 2420 2497 2420 2556 295 2534 295 2535 295 2557 295 2534 295 2556 295 2555 295 2535 295 2536 295 2555 295 2556 295 2535 295 2558 2421 2533 2421 2534 2421 2558 295 2534 295 2557 295 2559 295 2533 295 2558 295 2560 2422 2532 2422 2533 2422 2560 295 2533 295 2559 295 2554 2423 2555 2423 2536 2423 2537 2424 2549 2424 2550 2424 2537 2425 2550 2425 2551 2425 2537 2426 2551 2426 2552 2426 2537 2427 2552 2427 2553 2427 2537 2428 2553 2428 2554 2428 2537 295 2554 295 2536 295 2548 295 2549 295 2537 295 2547 295 2548 295 2537 295 2546 295 2547 295 2537 295 2545 295 2546 295 2537 295 2544 295 2545 295 2537 295 2544 2429 2537 2429 2538 2429 2543 295 2544 295 2538 295 2542 2430 2543 2430 2538 2430 2539 295 2542 295 2538 295 2539 2431 2540 2431 2541 2431 2531 2432 2561 2432 2562 2432 2531 2433 2562 2433 2563 2433 2531 295 2563 295 2564 295 2531 2434 2564 2434 2565 2434 2566 295 2531 295 2565 295 2567 2435 2531 2435 2566 2435 2568 295 2531 295 2567 295 2569 295 2531 295 2568 295 2570 295 2531 295 2569 295 2571 295 2531 295 2570 295 2528 2436 2525 2436 2526 2436 2528 2437 2526 2437 2527 2437 2524 295 2525 295 2528 295 2572 295 2531 295 2571 295 2529 2438 2577 2438 2578 2438 2529 2439 2578 2439 2579 2439 2529 295 2524 295 2528 295 2529 2440 2579 2440 2580 2440 2529 2441 2580 2441 2581 2441 2529 2442 2581 2442 2524 2442 2530 2443 2572 2443 2573 2443 2530 2444 2573 2444 2574 2444 2530 2445 2574 2445 2575 2445 2530 2446 2575 2446 2576 2446 2530 2447 2576 2447 2577 2447 2530 2448 2531 2448 2572 2448 2530 295 2577 295 2529 295 2531 295 2532 295 2561 295 2541 295 2542 295 2539 295 2560 2449 2561 2449 2532 2449 2589 2450 2586 2451 2585 2452 2589 2450 2588 2453 2586 2451 2590 2454 2585 2452 2584 2455 2590 2454 2589 2450 2585 2452 2591 2456 2584 2455 2583 2457 2591 2456 2590 2454 2584 2455 2592 2458 2583 2457 2582 2459 2592 2458 2591 2456 2583 2457 2587 2460 2592 2458 2582 2459 2596 2461 2593 2461 2594 2461 2596 2462 2595 2462 2593 2462 2605 2463 2654 2463 2655 2463 2606 2464 2654 2464 2605 2464 2604 2465 2605 2465 2655 2465 2607 2466 2654 2466 2606 2466 2603 420 2604 420 2655 420 2608 420 2654 420 2607 420 2602 2467 2603 2467 2655 2467 2609 2468 2654 2468 2608 2468 2610 2469 2654 2469 2609 2469 2601 2470 2602 2470 2655 2470 2611 2471 2654 2471 2610 2471 2598 420 2601 420 2655 420 2600 420 2601 420 2598 420 2599 420 2600 420 2598 420 2597 2472 2599 2472 2598 2472 2653 420 2611 420 2612 420 2653 420 2612 420 2613 420 2653 2473 2613 2473 2614 2473 2653 2474 2614 2474 2615 2474 2653 2475 2654 2475 2611 2475 2616 420 2653 420 2615 420 2617 420 2653 420 2616 420 2618 2476 2653 2476 2617 2476 2619 420 2653 420 2618 420 2620 420 2653 420 2619 420 2621 2477 2653 2477 2620 2477 2622 420 2653 420 2621 420 2623 420 2653 420 2622 420 2643 2478 2644 2478 2645 2478 2646 420 2642 420 2645 420 2646 2479 2638 2479 2639 2479 2646 2480 2639 2480 2640 2480 2646 2481 2640 2481 2641 2481 2646 2482 2641 2482 2642 2482 2647 2483 2634 2483 2635 2483 2647 2484 2635 2484 2636 2484 2647 2485 2636 2485 2637 2485 2647 420 2637 420 2638 420 2647 420 2638 420 2646 420 2633 420 2634 420 2647 420 2632 420 2633 420 2647 420 2631 420 2632 420 2647 420 2630 420 2631 420 2647 420 2651 420 2624 420 2625 420 2651 2486 2652 2486 2624 2486 2648 420 2629 420 2630 420 2648 420 2630 420 2647 420 2650 420 2625 420 2626 420 2650 2487 2626 2487 2627 2487 2650 420 2651 420 2625 420 2649 2488 2627 2488 2628 2488 2649 420 2628 420 2629 420 2649 420 2650 420 2627 420 2649 2489 2629 2489 2648 2489 2623 2490 2624 2490 2652 2490 2642 420 2643 420 2645 420 2652 420 2653 420 2623 420 2659 2491 2658 2492 2663 2493 2659 2491 2663 2493 2666 2494 2660 2495 2666 2494 2665 2496 2660 2495 2659 2491 2666 2494 2661 2497 2665 2496 2664 2498 2661 2497 2660 2495 2665 2496 2662 2499 2664 2498 2656 2500 2662 2499 2661 2497 2664 2498 2657 2501 2662 2499 2656 2500 2691 2502 2676 2502 2692 2502 2693 2502 2692 2502 2676 2502 2690 2502 2676 2502 2691 2502 2694 2502 2693 2502 2676 2502 2689 2502 2676 2502 2690 2502 2695 2502 2694 2502 2676 2502 2688 2502 2676 2502 2689 2502 2696 2502 2695 2502 2676 2502 2687 2502 2677 2502 2676 2502 2687 2502 2676 2502 2688 2502 2697 2502 2696 2502 2676 2502 2686 2502 2677 2502 2687 2502 2685 2502 2677 2502 2686 2502 2684 2502 2677 2502 2685 2502 2683 2502 2677 2502 2684 2502 2682 2502 2677 2502 2683 2502 2681 2502 2677 2502 2682 2502 2680 2502 2677 2502 2681 2502 2679 2502 2677 2502 2680 2502 2678 2502 2677 2502 2679 2502 2715 2502 2677 2502 2678 2502 2675 2502 2697 2502 2676 2502 2675 2502 2698 2502 2697 2502 2675 2502 2699 2502 2698 2502 2675 2502 2700 2502 2699 2502 2675 2502 2701 2502 2700 2502 2730 2502 2701 2502 2675 2502 2729 2502 2701 2502 2730 2502 2729 2502 2702 2502 2701 2502 2731 2502 2730 2502 2675 2502 2728 2502 2703 2502 2702 2502 2728 2502 2702 2502 2729 2502 2732 2502 2731 2502 2675 2502 2727 2502 2704 2502 2703 2502 2727 2502 2703 2502 2728 2502 2733 2502 2732 2502 2675 2502 2726 2502 2705 2502 2704 2502 2726 2502 2704 2502 2727 2502 2734 2502 2733 2502 2675 2502 2725 2502 2706 2502 2705 2502 2725 2502 2705 2502 2726 2502 2735 2502 2734 2502 2675 2502 2724 2502 2707 2502 2706 2502 2724 2502 2706 2502 2725 2502 2736 2502 2675 2502 2672 2502 2736 2502 2735 2502 2675 2502 2723 2502 2708 2502 2707 2502 2723 2502 2707 2502 2724 2502 2722 2502 2709 2502 2708 2502 2722 2502 2708 2502 2723 2502 2721 2502 2710 2502 2709 2502 2721 2502 2709 2502 2722 2502 2673 2502 2737 2502 2736 2502 2673 2502 2736 2502 2672 2502 2738 2502 2737 2502 2673 2502 2720 2502 2711 2502 2710 2502 2720 2502 2710 2502 2721 2502 2674 2502 2738 2502 2673 2502 2674 2502 2739 2502 2738 2502 2674 2502 2740 2502 2739 2502 2674 2502 2741 2502 2740 2502 2674 2502 2742 2502 2741 2502 2669 2502 2742 2502 2674 2502 2669 2502 2743 2502 2742 2502 2669 2502 2744 2502 2743 2502 2669 2502 2745 2502 2744 2502 2669 2502 2746 2502 2745 2502 2670 2502 2746 2502 2669 2502 2670 2502 2747 2502 2746 2502 2670 2502 2748 2502 2747 2502 2670 2502 2749 2502 2748 2502 2671 2502 2749 2502 2670 2502 2671 2502 2750 2502 2749 2502 2671 2502 2751 2502 2750 2502 2671 2502 2752 2502 2751 2502 2668 2502 2712 2502 2711 2502 2668 2502 2713 2502 2712 2502 2668 2502 2714 2502 2713 2502 2668 2502 2715 2502 2714 2502 2668 2502 2677 2502 2715 2502 2668 2502 2717 2502 2716 2502 2668 2502 2718 2502 2717 2502 2668 2502 2719 2502 2718 2502 2668 2502 2720 2502 2719 2502 2668 2502 2711 2502 2720 2502 2668 2502 2716 2502 2753 2502 2667 2502 2752 2502 2671 2502 2667 2502 2668 2502 2753 2502 2667 2502 2753 2502 2752 2502 2814 2503 2756 2503 2815 2503 2816 2504 2815 2504 2756 2504 2813 2505 2756 2505 2814 2505 2817 2506 2756 2506 2757 2506 2817 2507 2816 2507 2756 2507 2812 2508 2756 2509 2813 2510 2786 1778 2757 1778 2758 1778 2786 2511 2817 2511 2757 2511 2811 2512 2756 2509 2812 2508 2787 2513 2758 2513 2759 2513 2787 2514 2786 2515 2758 2516 2810 2517 2756 2509 2811 2512 2788 2518 2787 2518 2759 2518 2789 2519 2788 2519 2759 2519 2790 2520 2789 2520 2759 2520 2791 2521 2790 2521 2759 2521 2792 2522 2791 2522 2759 2522 2793 2523 2792 2523 2759 2523 2794 2524 2793 2525 2759 2526 2795 2527 2794 2524 2759 2526 2796 2528 2795 2527 2759 2526 2776 2529 2806 2529 2805 2529 2777 2530 2776 2530 2805 2530 2777 2531 2805 2531 2804 2531 2775 2532 2806 2532 2776 2532 2775 2533 2807 2533 2806 2533 2775 2534 2808 2534 2807 2534 2778 2535 2777 2535 2804 2535 2778 2536 2804 2536 2803 2536 2774 2537 2808 2537 2775 2537 2779 2538 2778 2538 2803 2538 2779 2539 2803 2539 2802 2539 2780 2540 2802 2540 2801 2540 2780 1778 2779 1778 2802 1778 2781 2541 2780 2541 2801 2541 2781 2542 2801 2542 2800 2542 2782 2543 2781 2543 2800 2543 2782 2544 2800 2544 2799 2544 2783 2545 2799 2545 2798 2545 2783 2546 2782 2546 2799 2546 2784 2547 2783 2547 2798 2547 2784 2548 2798 2548 2797 2548 2754 2549 2769 2549 2768 2549 2754 2550 2770 2550 2769 2550 2754 2551 2771 2551 2770 2551 2754 2552 2772 2552 2771 2552 2754 1778 2773 1778 2772 1778 2754 1778 2774 1778 2773 1778 2754 2553 2808 2553 2774 2553 2754 2554 2809 2555 2808 2556 2754 2554 2810 2557 2809 2555 2754 2558 2756 2558 2810 2558 2785 2559 2784 2559 2797 2559 2767 1778 2754 1778 2768 1778 2755 1778 2761 1778 2760 1778 2755 2560 2762 2560 2761 2560 2755 2561 2763 2561 2762 2561 2755 2562 2764 2562 2763 2562 2755 2563 2765 2563 2764 2563 2755 2564 2766 2564 2765 2564 2755 1778 2767 1778 2766 1778 2755 2565 2796 2565 2759 2565 2755 1778 2760 1778 2785 1778 2755 2566 2797 2567 2796 2568 2755 2569 2785 2569 2797 2569 2755 1778 2754 1778 2767 1778 2825 2570 2821 2571 2820 2572 2825 2570 2822 2573 2821 2571 2825 2570 2823 2574 2822 2573 2826 2575 2820 2572 2819 2576 2826 2575 2825 2570 2820 2572 2824 2577 2819 2576 2818 2578 2824 2577 2826 2575 2819 2576 2831 2579 2827 2579 2828 2579 2829 2580 2831 2580 2828 2580 2830 2581 2831 2581 2829 2581 2843 2582 2833 2583 2832 2584 2843 2582 2832 2584 2834 2585 2842 2586 2834 2585 2835 2587 2842 2586 2843 2582 2834 2585 2841 2588 2835 2587 2836 2589 2841 2588 2842 2586 2835 2587 2840 2590 2836 2589 2837 2591 2840 2590 2837 2591 2838 2592 2840 2590 2841 2588 2836 2589 2839 2593 2840 2590 2838 2592 2846 2594 2847 2594 2848 2594 2844 2595 2846 2595 2848 2595 2845 2596 2846 2596 2844 2596 2849 2597 2853 2598 2857 2599 2856 2600 2849 2597 2857 2599 2850 2601 2849 2597 2856 2600 2855 2602 2850 2601 2856 2600 2851 2603 2850 2601 2855 2602 2854 2604 2851 2603 2855 2602 2852 2605 2851 2603 2854 2604 2860 2606 2888 2607 2873 2608 2861 2609 2887 2610 2888 2607 2861 2609 2888 2607 2860 2606 2862 2611 2886 2612 2887 2610 2862 2611 2887 2610 2861 2609 2863 2613 2885 2614 2886 2612 2863 2613 2886 2612 2862 2611 2864 2615 2884 2616 2885 2614 2864 2615 2885 2614 2863 2613 2865 2617 2883 2618 2884 2616 2865 2617 2884 2616 2864 2615 2866 2619 2882 2620 2883 2618 2866 2619 2883 2618 2865 2617 2867 2621 2880 2622 2881 2623 2867 2621 2881 2623 2882 2620 2867 2621 2882 2620 2866 2619 2868 2624 2879 2625 2880 2622 2868 2624 2880 2622 2867 2621 2869 2626 2878 2627 2879 2625 2869 2626 2879 2625 2868 2624 2870 2628 2876 2629 2877 2630 2870 2628 2877 2630 2878 2627 2870 2628 2878 2627 2869 2626 2871 2631 2875 2632 2876 2629 2871 2631 2876 2629 2870 2628 2872 2633 2874 2634 2875 2632 2872 2633 2875 2632 2871 2631 2859 2635 2858 2636 2874 2634 2859 2635 2874 2634 2872 2633 2889 2637 2919 2638 2903 2639 2890 2640 2918 2641 2919 2638 2890 2640 2919 2638 2889 2637 2891 2642 2917 2643 2918 2641 2891 2642 2918 2641 2890 2640 2892 2644 2916 2645 2917 2643 2892 2644 2917 2643 2891 2642 2893 2646 2915 2647 2916 2645 2893 2646 2916 2645 2892 2644 2894 2648 2914 2649 2915 2647 2894 2648 2915 2647 2893 2646 2895 2650 2913 2651 2914 2649 2895 2650 2914 2649 2894 2648 2896 2652 2911 2653 2912 2654 2896 2652 2912 2654 2913 2651 2896 2652 2913 2651 2895 2650 2897 2655 2910 2656 2911 2653 2897 2655 2911 2653 2896 2652 2898 2657 2908 2658 2909 2659 2898 2657 2909 2659 2910 2656 2898 2657 2910 2656 2897 2655 2899 2660 2907 2661 2908 2658 2899 2660 2908 2658 2898 2657 2900 2662 2906 2663 2907 2661 2900 2662 2907 2661 2899 2660 2901 2664 2905 2665 2906 2663 2901 2664 2906 2663 2900 2662 2902 2666 2904 2667 2905 2665 2902 2666 2905 2665 2901 2664 2920 2668 2935 2669 2934 2670 2921 2671 2936 2672 2935 2669 2921 2671 2935 2669 2920 2668 2922 2673 2937 2674 2936 2672 2922 2673 2936 2672 2921 2671 2923 2675 2938 2676 2937 2674 2923 2675 2939 2677 2938 2676 2923 2675 2937 2674 2922 2673 2924 2678 2940 2679 2939 2677 2924 2678 2939 2677 2923 2675 2925 2680 2941 2681 2940 2679 2925 2680 2940 2679 2924 2678 2926 2682 2942 2683 2941 2681 2926 2682 2941 2681 2925 2680 2927 2684 2943 2685 2942 2683 2927 2684 2944 2686 2943 2685 2927 2684 2942 2683 2926 2682 2928 2687 2945 2688 2944 2686 2928 2687 2944 2686 2927 2684 2929 2689 2946 2690 2945 2688 2929 2689 2945 2688 2928 2687 2930 2691 2947 2692 2946 2690 2930 2691 2946 2690 2929 2689 2931 2693 2948 2694 2947 2692 2931 2693 2949 2695 2948 2694 2931 2693 2947 2692 2930 2691 2932 2696 2950 2697 2949 2695 2932 2696 2949 2695 2931 2693 2933 2698 2951 2699 2950 2697 2933 2698 2950 2697 2932 2696 2994 2700 2958 2700 2993 2700 2992 2701 2993 2701 2958 2701 2995 2702 2958 2702 2994 2702 2991 2703 2992 2703 2958 2703 2996 2704 2958 2704 2995 2704 2990 2705 2991 2705 2958 2705 2965 2706 2959 2706 2958 2706 2965 2707 2958 2707 2996 2707 2989 2708 2990 2708 2958 2708 2966 2709 2959 2709 2965 2709 2988 2710 2989 2710 2958 2710 2967 2711 2959 2711 2966 2711 2987 2712 2988 2712 2958 2712 2968 2713 2959 2713 2967 2713 2969 2714 2959 2714 2968 2714 2970 2715 2959 2715 2969 2715 2971 2716 2959 2716 2970 2716 2972 2717 2959 2717 2971 2717 2973 2718 2959 2718 2972 2718 2974 2719 2959 2719 2973 2719 2952 2720 2980 2720 2981 2720 2952 2721 2981 2721 2982 2721 2952 2722 2982 2722 2983 2722 2952 2723 2983 2723 2984 2723 2952 2724 2984 2724 2985 2724 2961 2725 2955 2725 2956 2725 2961 2726 2956 2726 2957 2726 2962 2727 2954 2727 2955 2727 2962 2728 2955 2728 2961 2728 2963 2729 2953 2729 2954 2729 2963 2730 2954 2730 2962 2730 2960 2731 2976 2731 2977 2731 2960 2732 2977 2732 2978 2732 2960 2733 2978 2733 2979 2733 2960 2734 2979 2734 2980 2734 2960 2735 2980 2735 2952 2735 2964 2736 2952 2736 2953 2736 2964 2737 2953 2737 2963 2737 2964 2738 2960 2738 2952 2738 2952 2739 2987 2739 2958 2739 2952 2740 2986 2740 2987 2740 2952 2741 2985 2741 2986 2741 2959 2742 2974 2742 2960 2742 2974 2743 2975 2743 2960 2743 2975 2744 2976 2744 2960 2744 3033 2745 3020 2745 3019 2745 3032 2746 3019 2746 3018 2746 3032 2747 3033 2747 3019 2747 3034 2748 3021 2748 3020 2748 3034 2749 3020 2749 3033 2749 3031 2750 3018 2750 3017 2750 3031 2751 3032 2751 3018 2751 3035 2752 3022 2752 3021 2752 3035 2753 3021 2753 3034 2753 3030 2754 3031 2754 3017 2754 3036 2755 2997 2755 3022 2755 3036 2756 3022 2756 3035 2756 3029 2757 3017 2757 3016 2757 3029 2758 3030 2758 3017 2758 3037 2759 2998 2759 2997 2759 3037 2760 2997 2760 3036 2760 3028 2761 3016 2761 3015 2761 3028 2762 3029 2762 3016 2762 3038 2763 2999 2763 2998 2763 3038 2764 2998 2764 3037 2764 3027 2765 3015 2765 3014 2765 3027 2766 3028 2766 3015 2766 3039 2767 3000 2767 2999 2767 3039 2768 2999 2768 3038 2768 3026 2769 3027 2769 3014 2769 3013 2770 3026 2770 3014 2770 3001 2771 3000 2771 3039 2771 3001 2772 3039 2772 3040 2772 3025 2773 3026 2773 3013 2773 3041 2774 3001 2774 3040 2774 3012 2775 3025 2775 3013 2775 3024 2776 3025 2776 3012 2776 3002 2777 3001 2777 3041 2777 3042 2778 3002 2778 3041 2778 3011 2779 3024 2779 3012 2779 3011 2780 3023 2780 3024 2780 3003 2781 3002 2781 3042 2781 3010 2782 3023 2782 3011 2782 3010 2783 3048 2783 3023 2783 3004 2784 3003 2784 3042 2784 3004 2785 3042 2785 3043 2785 3009 2786 3048 2786 3010 2786 3009 2787 3047 2787 3048 2787 3005 2788 3004 2788 3043 2788 3005 2789 3043 2789 3044 2789 3008 2790 3046 2790 3047 2790 3008 2791 3047 2791 3009 2791 3006 2792 3005 2792 3044 2792 3006 2793 3044 2793 3045 2793 3007 2794 3006 2794 3045 2794 3007 2795 3045 2795 3046 2795 3007 2796 3046 2796 3008 2796 3062 2797 3064 2798 3063 2799 3061 2800 3064 2798 3062 2797 3060 2801 3065 2802 3064 2798 3060 2801 3064 2798 3061 2800 3059 2803 3066 2804 3065 2802 3059 2803 3065 2802 3060 2801 3058 2805 3067 2806 3066 2804 3058 2805 3066 2804 3059 2803 3057 2807 3068 2808 3067 2806 3057 2807 3067 2806 3058 2805 3056 2809 3069 2810 3068 2808 3056 2809 3068 2808 3057 2807 3055 2811 3070 2812 3069 2810 3055 2811 3069 2810 3056 2809 3054 2813 3071 2814 3070 2812 3054 2813 3070 2812 3055 2811 3053 2815 3072 2816 3071 2814 3053 2815 3071 2814 3054 2813 3052 2817 3073 2818 3072 2816 3052 2817 3072 2816 3053 2815 3051 2819 3074 2820 3073 2818 3051 2819 3073 2818 3052 2817 3050 2821 3075 2822 3074 2820 3050 2821 3074 2820 3051 2819 3049 2823 3076 2824 3075 2822 3049 2823 3075 2822 3050 2821 3079 2825 3093 2826 3092 2827 3080 2828 3094 2829 3093 2826 3080 2828 3093 2826 3079 2825 3081 2830 3095 2831 3094 2829 3081 2830 3094 2829 3080 2828 3082 2832 3096 2833 3095 2831 3082 2832 3095 2831 3081 2830 3083 2834 3097 2835 3096 2833 3083 2834 3098 2836 3097 2835 3083 2834 3096 2833 3082 2832 3084 2837 3099 2838 3098 2836 3084 2837 3098 2836 3083 2834 3085 2839 3100 2840 3099 2838 3085 2839 3099 2838 3084 2837 3086 2841 3101 2842 3100 2840 3086 2841 3100 2840 3085 2839 3087 2843 3102 2844 3101 2842 3087 2843 3101 2842 3086 2841 3088 2845 3103 2846 3102 2844 3088 2845 3102 2844 3087 2843 3089 2847 3104 2848 3103 2846 3089 2847 3103 2846 3088 2845 3090 2849 3105 2850 3104 2848 3090 2849 3104 2848 3089 2847 3091 2851 3106 2852 3105 2850 3091 2851 3105 2850 3090 2849 3078 2853 3077 2854 3106 2852 3078 2853 3106 2852 3091 2851 3121 2855 3123 2856 3122 2857 3120 2858 3124 2859 3123 2856 3120 2858 3123 2856 3121 2855 3119 2860 3125 2861 3124 2859 3119 2860 3124 2859 3120 2858 3118 2862 3126 2863 3125 2861 3118 2862 3125 2861 3119 2860 3117 2864 3127 2865 3126 2863 3117 2864 3126 2863 3118 2862 3116 2866 3128 2867 3127 2865 3116 2866 3127 2865 3117 2864 3115 2868 3129 2869 3128 2867 3115 2868 3128 2867 3116 2866 3114 2870 3130 2871 3129 2869 3114 2870 3129 2869 3115 2868 3113 2872 3131 2873 3130 2871 3113 2872 3130 2871 3114 2870 3112 2874 3132 2875 3131 2873 3112 2874 3131 2873 3113 2872 3111 2876 3133 2877 3132 2875 3111 2876 3132 2875 3112 2874 3110 2878 3134 2879 3133 2877 3110 2878 3133 2877 3111 2876 3109 2880 3107 2881 3134 2879 3109 2880 3134 2879 3110 2878 3108 2882 3107 2881 3109 2880</p>
        </triangles>
      </mesh>
    </geometry>
    <geometry id="_204_MECA_023_SPEC_stp-mesh" name="0204_MECA_023_SPEC.stp">
      <mesh>
        <source id="_204_MECA_023_SPEC_stp-mesh-positions">
          <float_array id="_204_MECA_023_SPEC_stp-mesh-positions-array" count="12360">-0.02317762 -0.01767766 0.008599996 -0.02301192 -0.0190171 0.008599996 -0.02252477 -0.0202766 0.008599996 -0.02174633 -0.02137839 0.008599996 -0.02072203 -0.0222581 0.008599996 -0.01951426 -0.02286189 0.008599996 -0.01819705 -0.023153 0.008599996 -0.01684707 -0.0231145 0.008599996 -0.01554799 -0.02274858 0.008599996 -0.01437729 -0.02207726 0.008599996 -0.01340454 -0.02114033 0.008599996 -0.01269018 -0.01999598 0.008599996 -0.01230728 -0.01886481 0.008599996 -0.01217764 -0.01767766 0.008599996 -0.01233744 -0.01636141 0.008599996 -0.0128076 -0.01512163 0.008599996 -0.01356083 -0.01403045 0.008599996 -0.0145533 -0.01315122 0.008599996 -0.01572734 -0.01253503 0.008599996 -0.01701468 -0.01221776 0.008599996 -0.01834058 -0.01221776 0.008599996 -0.01962798 -0.01253503 0.008599996 -0.02080202 -0.01315122 0.008599996 -0.02179443 -0.01403045 0.008599996 -0.02254766 -0.01512163 0.008599996 -0.02301782 -0.01636141 0.008599996 -0.02147763 -0.01767766 0.008599996 -0.02136725 -0.01858705 0.008599996 -0.0210424 -0.01944357 0.008599996 -0.02052199 -0.02019751 0.008599996 -0.0198363 -0.020805 0.008599996 -0.01902514 -0.02123069 0.008599996 -0.01813566 -0.02144992 0.008599996 -0.0172196 -0.02144992 0.008599996 -0.01633012 -0.02123069 0.008599996 -0.01551902 -0.020805 0.008599996 -0.01483333 -0.02019751 0.008599996 -0.01431292 -0.01944357 0.008599996 -0.01398807 -0.01858705 0.008599996 -0.01387763 -0.01767766 0.008599996 -0.01398807 -0.01676821 0.008599996 -0.01431292 -0.01591169 0.008599996 -0.01483333 -0.01515775 0.008599996 -0.01551902 -0.01455032 0.008599996 -0.01633012 -0.01412457 0.008599996 -0.0172196 -0.01390534 0.008599996 -0.01813566 -0.01390534 0.008599996 -0.01902514 -0.01412457 0.008599996 -0.0198363 -0.01455032 0.008599996 -0.02052199 -0.01515775 0.008599996 -0.0210424 -0.01591169 0.008599996 -0.02136725 -0.01676821 0.008599996 0.01217764 -0.01767766 0.008599996 0.01234334 -0.0190171 0.008599996 0.01283049 -0.0202766 0.008599996 0.01360899 -0.02137839 0.008599996 0.01463323 -0.0222581 0.008599996 0.015841 -0.02286189 0.008599996 0.01715821 -0.023153 0.008599996 0.01850819 -0.0231145 0.008599996 0.01980733 -0.02274858 0.008599996 0.02097797 -0.02207726 0.008599996 0.02195072 -0.02114033 0.008599996 0.02266508 -0.01999598 0.008599996 0.02304798 -0.01886481 0.008599996 0.02317762 -0.01767766 0.008599996 0.02301782 -0.01636141 0.008599996 0.02254766 -0.01512163 0.008599996 0.02179443 -0.01403045 0.008599996 0.02080202 -0.01315122 0.008599996 0.01962798 -0.01253503 0.008599996 0.01834058 -0.01221776 0.008599996 0.01701468 -0.01221776 0.008599996 0.01572734 -0.01253503 0.008599996 0.0145533 -0.01315122 0.008599996 0.01356083 -0.01403045 0.008599996 0.0128076 -0.01512163 0.008599996 0.01233744 -0.01636141 0.008599996 0.01387763 -0.01767766 0.008599996 0.01398807 -0.01858705 0.008599996 0.01431292 -0.01944357 0.008599996 0.01483333 -0.02019751 0.008599996 0.01551902 -0.020805 0.008599996 0.01633012 -0.02123069 0.008599996 0.0172196 -0.02144992 0.008599996 0.01813566 -0.02144992 0.008599996 0.01902514 -0.02123069 0.008599996 0.0198363 -0.020805 0.008599996 0.02052199 -0.02019751 0.008599996 0.0210424 -0.01944357 0.008599996 0.02136725 -0.01858705 0.008599996 0.02147763 -0.01767766 0.008599996 0.02136725 -0.01676821 0.008599996 0.0210424 -0.01591169 0.008599996 0.02052199 -0.01515775 0.008599996 0.0198363 -0.01455032 0.008599996 0.01902514 -0.01412457 0.008599996 0.01813566 -0.01390534 0.008599996 0.0172196 -0.01390534 0.008599996 0.01633012 -0.01412457 0.008599996 0.01551902 -0.01455032 0.008599996 0.01483333 -0.01515775 0.008599996 0.01431292 -0.01591169 0.008599996 0.01398807 -0.01676821 0.008599996 -0.02317762 0.01767766 0.008599996 -0.02301192 0.01633822 0.008599996 -0.02252477 0.01507866 0.008599996 -0.02174633 0.01397687 0.008599996 -0.02072203 0.01309722 0.008599996 -0.01951426 0.01249337 0.008599996 -0.01819705 0.01220232 0.008599996 -0.01684707 0.01224082 0.008599996 -0.01554799 0.01260673 0.008599996 -0.01437729 0.013278 0.008599996 -0.01340454 0.01421493 0.008599996 -0.01269018 0.01535934 0.008599996 -0.01230728 0.01649045 0.008599996 -0.01217764 0.01767766 0.008599996 -0.01233744 0.01899385 0.008599996 -0.0128076 0.02023363 0.008599996 -0.01356083 0.02132481 0.008599996 -0.0145533 0.02220404 0.008599996 -0.01572734 0.02282023 0.008599996 -0.01701468 0.02313756 0.008599996 -0.01834058 0.02313756 0.008599996 -0.01962798 0.02282023 0.008599996 -0.02080202 0.02220404 0.008599996 -0.02179443 0.02132481 0.008599996 -0.02254766 0.02023363 0.008599996 -0.02301782 0.01899385 0.008599996 -0.02147763 0.01767766 0.008599996 -0.02136725 0.01676821 0.008599996 -0.0210424 0.01591169 0.008599996 -0.02052199 0.01515775 0.008599996 -0.0198363 0.01455032 0.008599996 -0.01902514 0.01412457 0.008599996 -0.01813566 0.01390534 0.008599996 -0.0172196 0.01390534 0.008599996 -0.01633012 0.01412457 0.008599996 -0.01551902 0.01455032 0.008599996 -0.01483333 0.01515775 0.008599996 -0.01431292 0.01591169 0.008599996 -0.01398807 0.01676821 0.008599996 -0.01387763 0.01767766 0.008599996 -0.01398807 0.01858705 0.008599996 -0.01431292 0.01944357 0.008599996 -0.01483333 0.02019751 0.008599996 -0.01551902 0.020805 0.008599996 -0.01633012 0.02123069 0.008599996 -0.0172196 0.02144992 0.008599996 -0.01813566 0.02144992 0.008599996 -0.01902514 0.02123069 0.008599996 -0.0198363 0.020805 0.008599996 -0.02052199 0.02019751 0.008599996 -0.0210424 0.01944357 0.008599996 -0.02136725 0.01858705 0.008599996 0.01217764 0.01767766 0.008599996 0.01234334 0.01633822 0.008599996 0.01283049 0.01507866 0.008599996 0.01360899 0.01397687 0.008599996 0.01463323 0.01309722 0.008599996 0.015841 0.01249337 0.008599996 0.01715821 0.01220232 0.008599996 0.01850819 0.01224082 0.008599996 0.01980733 0.01260673 0.008599996 0.02097797 0.013278 0.008599996 0.02195072 0.01421493 0.008599996 0.02266508 0.01535934 0.008599996 0.02304798 0.01649045 0.008599996 0.02317762 0.01767766 0.008599996 0.02301782 0.01899385 0.008599996 0.02254766 0.02023363 0.008599996 0.02179443 0.02132481 0.008599996 0.02080202 0.02220404 0.008599996 0.01962798 0.02282023 0.008599996 0.01834058 0.02313756 0.008599996 0.01701468 0.02313756 0.008599996 0.01572734 0.02282023 0.008599996 0.0145533 0.02220404 0.008599996 0.01356083 0.02132481 0.008599996 0.0128076 0.02023363 0.008599996 0.01233744 0.01899385 0.008599996 0.01387763 0.01767766 0.008599996 0.01398807 0.01676821 0.008599996 0.01431292 0.01591169 0.008599996 0.01483333 0.01515775 0.008599996 0.01551902 0.01455032 0.008599996 0.01633012 0.01412457 0.008599996 0.0172196 0.01390534 0.008599996 0.01813566 0.01390534 0.008599996 0.01902514 0.01412457 0.008599996 0.0198363 0.01455032 0.008599996 0.02052199 0.01515775 0.008599996 0.0210424 0.01591169 0.008599996 0.02136725 0.01676821 0.008599996 0.02147763 0.01767766 0.008599996 0.02136725 0.01858705 0.008599996 0.0210424 0.01944357 0.008599996 0.02052199 0.02019751 0.008599996 0.0198363 0.020805 0.008599996 0.01902514 0.02123069 0.008599996 0.01813566 0.02144992 0.008599996 0.0172196 0.02144992 0.008599996 0.01633012 0.02123069 0.008599996 0.01551902 0.020805 0.008599996 0.01483333 0.02019751 0.008599996 0.01431292 0.01944357 0.008599996 0.01398807 0.01858705 0.008599996 -0.01989996 -0.005999982 0.005899965 -0.02039998 -0.005999982 0.005399942 -0.01359999 -0.005999982 0.005399942 -0.01366376 -0.006655514 0.005399942 -0.01385277 -0.007286548 0.005399942 -0.01412868 -0.007820904 0.005399942 -0.01445931 -0.008259415 0.005399942 -0.01485615 -0.008638918 0.005399942 -0.01530897 -0.008949637 0.005399942 -0.0158059 -0.009183406 0.005399942 -0.01633393 -0.009334087 0.005399942 -0.01687937 -0.009397804 0.005399942 -0.01742792 -0.009372949 0.005399942 -0.01796537 -0.009260058 0.005399942 -0.01847755 -0.009062111 0.005399942 -0.01895123 -0.008784294 0.005399942 -0.01937407 -0.008433878 0.005399942 -0.01973491 -0.008019924 0.005399942 -0.02002441 -0.007553279 0.005399942 -0.020235 -0.007046163 0.005399942 -0.0203585 -0.00652951 0.005399942 -0.01409995 -0.005999982 0.005899965 -0.01416313 -0.006600975 0.005899965 -0.01434916 -0.007175981 0.005899965 -0.01465058 -0.007699787 0.005899965 -0.0150538 -0.008149862 0.005899965 -0.01554167 -0.008506476 0.005899965 -0.01609283 -0.008754372 0.005899965 -0.01668339 -0.008882522 0.005899965 -0.01728773 -0.008885562 0.005899965 -0.01787954 -0.008763253 0.005899965 -0.01843315 -0.00852096 0.005899965 -0.01892459 -0.008169233 0.005899965 -0.01933228 -0.007723152 0.005899965 -0.01963895 -0.007202386 0.005899965 -0.0198307 -0.006629288 0.005899965 -0.01988255 -0.006316542 0.005899965 -0.02039998 -0.005999982 0.005399942 -0.02033615 -0.00534439 0.005399942 -0.02014714 -0.004713416 0.005399942 -0.01987123 -0.004179 0.005399942 -0.01954066 -0.003740549 0.005399942 -0.01914376 -0.003360986 0.005399942 -0.018691 -0.003050327 0.005399942 -0.01819407 -0.002816557 0.005399942 -0.01766604 -0.002665877 0.005399942 -0.01712059 -0.0026021 0.005399942 -0.01657199 -0.002627015 0.005399942 -0.0160346 -0.002739906 0.005399942 -0.01552236 -0.002937853 0.005399942 -0.01504868 -0.00321567 0.005399942 -0.0146259 -0.003566086 0.005399942 -0.01426506 -0.00398004 0.005399942 -0.01397556 -0.004446625 0.005399942 -0.01376491 -0.004953801 0.005399942 -0.01364147 -0.005470395 0.005399942 -0.01359999 -0.005999982 0.005399942 -0.01989996 -0.005999982 0.005899965 -0.01981568 -0.005305945 0.005899965 -0.01956778 -0.004652261 0.005899965 -0.01917064 -0.004076898 0.005899965 -0.01864737 -0.003613293 0.005899965 -0.01802831 -0.003288447 0.005899965 -0.01734954 -0.003121137 0.005899965 -0.01665043 -0.003121137 0.005899965 -0.0159716 -0.003288447 0.005899965 -0.0153526 -0.003613293 0.005899965 -0.01482927 -0.004076898 0.005899965 -0.01443213 -0.004652261 0.005899965 -0.01418423 -0.005305945 0.005899965 -0.01409995 -0.005999982 0.005899965 0.01409995 -0.005999982 0.005899965 0.01359999 -0.005999982 0.005399942 0.02039998 -0.005999982 0.005399942 0.02033615 -0.006655514 0.005399942 0.02014714 -0.007286548 0.005399942 0.01987123 -0.007820904 0.005399942 0.01954066 -0.008259415 0.005399942 0.01914376 -0.008638918 0.005399942 0.018691 -0.008949637 0.005399942 0.01819407 -0.009183406 0.005399942 0.01766604 -0.009334087 0.005399942 0.01712059 -0.009397804 0.005399942 0.01657199 -0.009372949 0.005399942 0.0160346 -0.009260058 0.005399942 0.01552236 -0.009062111 0.005399942 0.01504868 -0.008784294 0.005399942 0.0146259 -0.008433878 0.005399942 0.01426506 -0.008019924 0.005399942 0.01397556 -0.007553279 0.005399942 0.01376491 -0.007046163 0.005399942 0.01364147 -0.00652951 0.005399942 0.01989996 -0.005999982 0.005899965 0.01983684 -0.006600975 0.005899965 0.01965081 -0.007175981 0.005899965 0.01934939 -0.007699787 0.005899965 0.01894617 -0.008149862 0.005899965 0.01845824 -0.008506476 0.005899965 0.01790714 -0.008754372 0.005899965 0.01731652 -0.008882522 0.005899965 0.01671224 -0.008885562 0.005899965 0.01612037 -0.008763253 0.005899965 0.01556682 -0.00852096 0.005899965 0.01507538 -0.008169233 0.005899965 0.01466763 -0.007723152 0.005899965 0.01436102 -0.007202386 0.005899965 0.01416927 -0.006629288 0.005899965 0.01411741 -0.006316542 0.005899965 0.01359999 -0.005999982 0.005399942 0.01366376 -0.00534439 0.005399942 0.01385277 -0.004713416 0.005399942 0.01412868 -0.004179 0.005399942 0.01445931 -0.003740549 0.005399942 0.01485615 -0.003360986 0.005399942 0.01530897 -0.003050327 0.005399942 0.0158059 -0.002816557 0.005399942 0.01633393 -0.002665877 0.005399942 0.01687937 -0.0026021 0.005399942 0.01742792 -0.002627015 0.005399942 0.01796537 -0.002739906 0.005399942 0.01847755 -0.002937853 0.005399942 0.01895123 -0.00321567 0.005399942 0.01937407 -0.003566086 0.005399942 0.01973491 -0.00398004 0.005399942 0.02002441 -0.004446625 0.005399942 0.020235 -0.004953801 0.005399942 0.0203585 -0.005470395 0.005399942 0.02039998 -0.005999982 0.005399942 0.01409995 -0.005999982 0.005899965 0.01418423 -0.005305945 0.005899965 0.01443213 -0.004652261 0.005899965 0.01482927 -0.004076898 0.005899965 0.0153526 -0.003613293 0.005899965 0.0159716 -0.003288447 0.005899965 0.01665043 -0.003121137 0.005899965 0.01734954 -0.003121137 0.005899965 0.01802831 -0.003288447 0.005899965 0.01864737 -0.003613293 0.005899965 0.01917064 -0.004076898 0.005899965 0.01956778 -0.004652261 0.005899965 0.01981568 -0.005305945 0.005899965 0.01989996 -0.005999982 0.005899965 -0.01217764 -0.01767766 0.008599996 -0.01217764 -0.01767766 0.01499998 -0.02317762 -0.01767766 0.01499998 -0.02301782 -0.01899385 0.01499998 -0.02254766 -0.02023363 0.01499998 -0.02179443 -0.02132481 0.01499998 -0.02080202 -0.02220404 0.01499998 -0.01962798 -0.02282023 0.01499998 -0.01834058 -0.02313756 0.01499998 -0.01701468 -0.02313756 0.01499998 -0.01572734 -0.02282023 0.01499998 -0.0145533 -0.02220404 0.01499998 -0.01356083 -0.02132481 0.01499998 -0.0128076 -0.02023363 0.01499998 -0.01233744 -0.01899385 0.01499998 -0.02317762 -0.01767766 0.008599996 -0.02301192 -0.0190171 0.008599996 -0.02252477 -0.0202766 0.008599996 -0.02174633 -0.02137839 0.008599996 -0.02072203 -0.0222581 0.008599996 -0.01951426 -0.02286189 0.008599996 -0.01819705 -0.023153 0.008599996 -0.01684707 -0.0231145 0.008599996 -0.01554799 -0.02274858 0.008599996 -0.01437729 -0.02207726 0.008599996 -0.01340454 -0.02114033 0.008599996 -0.01269018 -0.01999598 0.008599996 -0.01230728 -0.01886481 0.008599996 -0.01217764 -0.01767766 0.01499998 -0.01233744 -0.01636141 0.01499998 -0.0128076 -0.01512163 0.01499998 -0.01356083 -0.01403045 0.01499998 -0.0145533 -0.01315122 0.01499998 -0.01572734 -0.01253503 0.01499998 -0.01701468 -0.01221776 0.01499998 -0.01834058 -0.01221776 0.01499998 -0.01962798 -0.01253503 0.01499998 -0.02080202 -0.01315122 0.01499998 -0.02179443 -0.01403045 0.01499998 -0.02254766 -0.01512163 0.01499998 -0.02301782 -0.01636141 0.01499998 -0.02317762 -0.01767766 0.01499998 -0.01217764 -0.01767766 0.008599996 -0.01233744 -0.01636141 0.008599996 -0.0128076 -0.01512163 0.008599996 -0.01356083 -0.01403045 0.008599996 -0.0145533 -0.01315122 0.008599996 -0.01572734 -0.01253503 0.008599996 -0.01701468 -0.01221776 0.008599996 -0.01834058 -0.01221776 0.008599996 -0.01962798 -0.01253503 0.008599996 -0.02080202 -0.01315122 0.008599996 -0.02179443 -0.01403045 0.008599996 -0.02254766 -0.01512163 0.008599996 -0.02301782 -0.01636141 0.008599996 -0.02317762 -0.01767766 0.008599996 0.02317762 -0.01767766 0.008599996 0.02317762 -0.01767766 0.01499998 0.01217764 -0.01767766 0.01499998 0.01233744 -0.01899385 0.01499998 0.0128076 -0.02023363 0.01499998 0.01356083 -0.02132481 0.01499998 0.0145533 -0.02220404 0.01499998 0.01572734 -0.02282023 0.01499998 0.01701468 -0.02313756 0.01499998 0.01834058 -0.02313756 0.01499998 0.01962798 -0.02282023 0.01499998 0.02080202 -0.02220404 0.01499998 0.02179443 -0.02132481 0.01499998 0.02254766 -0.02023363 0.01499998 0.02301782 -0.01899385 0.01499998 0.01217764 -0.01767766 0.008599996 0.01234334 -0.0190171 0.008599996 0.01283049 -0.0202766 0.008599996 0.01360899 -0.02137839 0.008599996 0.01463323 -0.0222581 0.008599996 0.015841 -0.02286189 0.008599996 0.01715821 -0.023153 0.008599996 0.01850819 -0.0231145 0.008599996 0.01980733 -0.02274858 0.008599996 0.02097797 -0.02207726 0.008599996 0.02195072 -0.02114033 0.008599996 0.02266508 -0.01999598 0.008599996 0.02304798 -0.01886481 0.008599996 0.02317762 -0.01767766 0.01499998 0.02301782 -0.01636141 0.01499998 0.02254766 -0.01512163 0.01499998 0.02179443 -0.01403045 0.01499998 0.02080202 -0.01315122 0.01499998 0.01962798 -0.01253503 0.01499998 0.01834058 -0.01221776 0.01499998 0.01701468 -0.01221776 0.01499998 0.01572734 -0.01253503 0.01499998 0.0145533 -0.01315122 0.01499998 0.01356083 -0.01403045 0.01499998 0.0128076 -0.01512163 0.01499998 0.01233744 -0.01636141 0.01499998 0.01217764 -0.01767766 0.01499998 0.02317762 -0.01767766 0.008599996 0.02301782 -0.01636141 0.008599996 0.02254766 -0.01512163 0.008599996 0.02179443 -0.01403045 0.008599996 0.02080202 -0.01315122 0.008599996 0.01962798 -0.01253503 0.008599996 0.01834058 -0.01221776 0.008599996 0.01701468 -0.01221776 0.008599996 0.01572734 -0.01253503 0.008599996 0.0145533 -0.01315122 0.008599996 0.01356083 -0.01403045 0.008599996 0.0128076 -0.01512163 0.008599996 0.01233744 -0.01636141 0.008599996 0.01217764 -0.01767766 0.008599996 -0.01217764 0.01767766 0.008599996 -0.01217764 0.01767766 0.01499998 -0.02317762 0.01767766 0.01499998 -0.02301782 0.01636141 0.01499998 -0.02254766 0.01512163 0.01499998 -0.02179443 0.01403045 0.01499998 -0.02080202 0.01315122 0.01499998 -0.01962798 0.01253503 0.01499998 -0.01834058 0.01221776 0.01499998 -0.01701468 0.01221776 0.01499998 -0.01572734 0.01253503 0.01499998 -0.0145533 0.01315122 0.01499998 -0.01356083 0.01403045 0.01499998 -0.0128076 0.01512163 0.01499998 -0.01233744 0.01636141 0.01499998 -0.02317762 0.01767766 0.008599996 -0.02301192 0.01633822 0.008599996 -0.02252477 0.01507866 0.008599996 -0.02174633 0.01397687 0.008599996 -0.02072203 0.01309722 0.008599996 -0.01951426 0.01249337 0.008599996 -0.01819705 0.01220232 0.008599996 -0.01684707 0.01224082 0.008599996 -0.01554799 0.01260673 0.008599996 -0.01437729 0.013278 0.008599996 -0.01340454 0.01421493 0.008599996 -0.01269018 0.01535934 0.008599996 -0.01230728 0.01649045 0.008599996 -0.01217764 0.01767766 0.01499998 -0.01233744 0.01899385 0.01499998 -0.0128076 0.02023363 0.01499998 -0.01356083 0.02132481 0.01499998 -0.0145533 0.02220404 0.01499998 -0.01572734 0.02282023 0.01499998 -0.01701468 0.02313756 0.01499998 -0.01834058 0.02313756 0.01499998 -0.01962798 0.02282023 0.01499998 -0.02080202 0.02220404 0.01499998 -0.02179443 0.02132481 0.01499998 -0.02254766 0.02023363 0.01499998 -0.02301782 0.01899385 0.01499998 -0.02317762 0.01767766 0.01499998 -0.01217764 0.01767766 0.008599996 -0.01233744 0.01899385 0.008599996 -0.0128076 0.02023363 0.008599996 -0.01356083 0.02132481 0.008599996 -0.0145533 0.02220404 0.008599996 -0.01572734 0.02282023 0.008599996 -0.01701468 0.02313756 0.008599996 -0.01834058 0.02313756 0.008599996 -0.01962798 0.02282023 0.008599996 -0.02080202 0.02220404 0.008599996 -0.02179443 0.02132481 0.008599996 -0.02254766 0.02023363 0.008599996 -0.02301782 0.01899385 0.008599996 -0.02317762 0.01767766 0.008599996 0.02317762 0.01767766 0.008599996 0.02317762 0.01767766 0.01499998 0.01217764 0.01767766 0.01499998 0.01233744 0.01636141 0.01499998 0.0128076 0.01512163 0.01499998 0.01356083 0.01403045 0.01499998 0.0145533 0.01315122 0.01499998 0.01572734 0.01253503 0.01499998 0.01701468 0.01221776 0.01499998 0.01834058 0.01221776 0.01499998 0.01962798 0.01253503 0.01499998 0.02080202 0.01315122 0.01499998 0.02179443 0.01403045 0.01499998 0.02254766 0.01512163 0.01499998 0.02301782 0.01636141 0.01499998 0.01217764 0.01767766 0.008599996 0.01234334 0.01633822 0.008599996 0.01283049 0.01507866 0.008599996 0.01360899 0.01397687 0.008599996 0.01463323 0.01309722 0.008599996 0.015841 0.01249337 0.008599996 0.01715821 0.01220232 0.008599996 0.01850819 0.01224082 0.008599996 0.01980733 0.01260673 0.008599996 0.02097797 0.013278 0.008599996 0.02195072 0.01421493 0.008599996 0.02266508 0.01535934 0.008599996 0.02304798 0.01649045 0.008599996 0.02317762 0.01767766 0.01499998 0.02301782 0.01899385 0.01499998 0.02254766 0.02023363 0.01499998 0.02179443 0.02132481 0.01499998 0.02080202 0.02220404 0.01499998 0.01962798 0.02282023 0.01499998 0.01834058 0.02313756 0.01499998 0.01701468 0.02313756 0.01499998 0.01572734 0.02282023 0.01499998 0.0145533 0.02220404 0.01499998 0.01356083 0.02132481 0.01499998 0.0128076 0.02023363 0.01499998 0.01233744 0.01899385 0.01499998 0.01217764 0.01767766 0.01499998 0.02317762 0.01767766 0.008599996 0.02301782 0.01899385 0.008599996 0.02254766 0.02023363 0.008599996 0.02179443 0.02132481 0.008599996 0.02080202 0.02220404 0.008599996 0.01962798 0.02282023 0.008599996 0.01834058 0.02313756 0.008599996 0.01701468 0.02313756 0.008599996 0.01572734 0.02282023 0.008599996 0.0145533 0.02220404 0.008599996 0.01356083 0.02132481 0.008599996 0.0128076 0.02023363 0.008599996 0.01233744 0.01899385 0.008599996 0.01217764 0.01767766 0.008599996 -0.01989996 -0.005999982 0.01499998 -0.01989996 -0.005999982 0.005899965 -0.01409995 -0.005999982 0.005899965 -0.01416313 -0.006600975 0.005899965 -0.01434916 -0.007175981 0.005899965 -0.01465058 -0.007699787 0.005899965 -0.0150538 -0.008149862 0.005899965 -0.01554167 -0.008506476 0.005899965 -0.01609283 -0.008754372 0.005899965 -0.01668339 -0.008882522 0.005899965 -0.01728773 -0.008885562 0.005899965 -0.01787954 -0.008763253 0.005899965 -0.01843315 -0.00852096 0.005899965 -0.01892459 -0.008169233 0.005899965 -0.01933228 -0.007723152 0.005899965 -0.01963895 -0.007202386 0.005899965 -0.0198307 -0.006629288 0.005899965 -0.01988255 -0.006316542 0.005899965 -0.01409995 -0.005999982 0.01499998 -0.01416319 -0.006601572 0.01499998 -0.01434952 -0.007176935 0.01499998 -0.01465129 -0.00770092 0.01499998 -0.01505529 -0.008151292 0.01499998 -0.01554363 -0.008507668 0.01499998 -0.01609569 -0.008755326 0.01499998 -0.01668661 -0.00888288 0.01499998 -0.01729166 -0.008885204 0.01499998 -0.01788353 -0.008762001 0.01499998 -0.01843744 -0.008518576 0.01499998 -0.01892846 -0.008165776 0.01499998 -0.0193358 -0.007718563 0.01499998 -0.01964145 -0.007196843 0.01499998 -0.01983231 -0.006622612 0.01499998 -0.01988297 -0.006313562 0.01499998 -0.01989996 -0.005999982 0.005899965 -0.01981568 -0.005305945 0.005899965 -0.01956778 -0.004652261 0.005899965 -0.01917064 -0.004076898 0.005899965 -0.01864737 -0.003613293 0.005899965 -0.01802831 -0.003288447 0.005899965 -0.01734954 -0.003121137 0.005899965 -0.01665043 -0.003121137 0.005899965 -0.0159716 -0.003288447 0.005899965 -0.0153526 -0.003613293 0.005899965 -0.01482927 -0.004076898 0.005899965 -0.01443213 -0.004652261 0.005899965 -0.01418423 -0.005305945 0.005899965 -0.01409995 -0.005999982 0.005899965 -0.01989996 -0.005999982 0.01499998 -0.01983678 -0.005398392 0.01499998 -0.01965039 -0.004823029 0.01499998 -0.01934862 -0.004299044 0.01499998 -0.01894468 -0.003848671 0.01499998 -0.01845628 -0.003492295 0.01499998 -0.01790428 -0.003244578 0.01499998 -0.0173133 -0.003117024 0.01499998 -0.01670825 -0.0031147 0.01499998 -0.01611644 -0.003237903 0.01499998 -0.01556247 -0.003481388 0.01499998 -0.01507151 -0.003834128 0.01499998 -0.01466417 -0.004281401 0.01499998 -0.01435852 -0.004803121 0.01499998 -0.0141676 -0.005377292 0.01499998 -0.014117 -0.005686402 0.01499998 -0.01409995 -0.005999982 0.01499998 0.01409995 -0.005999982 0.01499998 0.01409995 -0.005999982 0.005899965 0.01989996 -0.005999982 0.005899965 0.01983684 -0.006600975 0.005899965 0.01965081 -0.007175981 0.005899965 0.01934939 -0.007699787 0.005899965 0.01894617 -0.008149862 0.005899965 0.01845824 -0.008506476 0.005899965 0.01790714 -0.008754372 0.005899965 0.01731652 -0.008882522 0.005899965 0.01671224 -0.008885562 0.005899965 0.01612037 -0.008763253 0.005899965 0.01556682 -0.00852096 0.005899965 0.01507538 -0.008169233 0.005899965 0.01466763 -0.007723152 0.005899965 0.01436102 -0.007202386 0.005899965 0.01416927 -0.006629288 0.005899965 0.01411741 -0.006316542 0.005899965 0.01989996 -0.005999982 0.01499998 0.01983678 -0.006601572 0.01499998 0.01965039 -0.007176935 0.01499998 0.01934862 -0.00770092 0.01499998 0.01894468 -0.008151292 0.01499998 0.01845628 -0.008507668 0.01499998 0.01790428 -0.008755326 0.01499998 0.0173133 -0.00888288 0.01499998 0.01670825 -0.008885204 0.01499998 0.01611644 -0.008762001 0.01499998 0.01556247 -0.008518576 0.01499998 0.01507151 -0.008165776 0.01499998 0.01466417 -0.007718563 0.01499998 0.01435852 -0.007196843 0.01499998 0.0141676 -0.006622612 0.01499998 0.014117 -0.006313562 0.01499998 0.01409995 -0.005999982 0.005899965 0.01418423 -0.005305945 0.005899965 0.01443213 -0.004652261 0.005899965 0.01482927 -0.004076898 0.005899965 0.0153526 -0.003613293 0.005899965 0.0159716 -0.003288447 0.005899965 0.01665043 -0.003121137 0.005899965 0.01734954 -0.003121137 0.005899965 0.01802831 -0.003288447 0.005899965 0.01864737 -0.003613293 0.005899965 0.01917064 -0.004076898 0.005899965 0.01956778 -0.004652261 0.005899965 0.01981568 -0.005305945 0.005899965 0.01989996 -0.005999982 0.005899965 0.01409995 -0.005999982 0.01499998 0.01416319 -0.005398392 0.01499998 0.01434952 -0.004823029 0.01499998 0.01465129 -0.004299044 0.01499998 0.01505529 -0.003848671 0.01499998 0.01554363 -0.003492295 0.01499998 0.01609569 -0.003244578 0.01499998 0.01668661 -0.003117024 0.01499998 0.01729166 -0.0031147 0.01499998 0.01788353 -0.003237903 0.01499998 0.01843744 -0.003481388 0.01499998 0.01892846 -0.003834128 0.01499998 0.0193358 -0.004281401 0.01499998 0.01964145 -0.004803121 0.01499998 0.01983231 -0.005377292 0.01499998 0.01988297 -0.005686402 0.01499998 0.01989996 -0.005999982 0.01499998 -0.002899944 0.01499998 0.01499998 -0.002899944 0.01499998 0.005899965 0.002899944 0.01499998 0.005899965 0.002815723 0.01430594 0.005899965 0.002567768 0.01365226 0.005899965 0.002170622 0.0130769 0.005899965 0.001647353 0.01261329 0.005899965 0.001028299 0.01228845 0.005899965 3.49556e-4 0.01212114 0.005899965 -3.49556e-4 0.01212114 0.005899965 -0.001028299 0.01228845 0.005899965 -0.001647353 0.01261329 0.005899965 -0.002170622 0.0130769 0.005899965 -0.002567768 0.01365226 0.005899965 -0.002815723 0.01430594 0.005899965 0.002899944 0.01499998 0.01499998 0.002836763 0.01439839 0.01499998 0.00265038 0.01382303 0.01499998 0.002348661 0.01329904 0.01499998 0.001944661 0.01284867 0.01499998 0.00145626 0.01249229 0.01499998 9.04294e-4 0.01224458 0.01499998 3.13352e-4 0.01211702 0.01499998 -2.9171e-4 0.0121147 0.01499998 -8.83558e-4 0.0122379 0.01499998 -0.001437425 0.01248139 0.01499998 -0.001928448 0.01283413 0.01499998 -0.002335786 0.0132814 0.01499998 -0.002641439 0.01380312 0.01499998 -0.002832353 0.01437729 0.01499998 -0.002882957 0.0146864 0.01499998 -0.002899944 0.01499998 0.005899965 -0.002815723 0.01569396 0.005899965 -0.002567768 0.01634764 0.005899965 -0.002170622 0.01692301 0.005899965 -0.001647353 0.01738661 0.005899965 -0.001028299 0.01771152 0.005899965 -3.49556e-4 0.01787883 0.005899965 3.49556e-4 0.01787883 0.005899965 0.001028299 0.01771152 0.005899965 0.001647353 0.01738661 0.005899965 0.002170622 0.01692301 0.005899965 0.002567768 0.01634764 0.005899965 0.002815723 0.01569396 0.005899965 0.002899944 0.01499998 0.005899965 -0.002899944 0.01499998 0.01499998 -0.002836763 0.01560157 0.01499998 -0.00265038 0.01617693 0.01499998 -0.002348661 0.01670092 0.01499998 -0.001944661 0.01715129 0.01499998 -0.00145626 0.01750767 0.01499998 -9.04294e-4 0.01775532 0.01499998 -3.13352e-4 0.01788288 0.01499998 2.9171e-4 0.0178852 0.01499998 8.83558e-4 0.017762 0.01499998 0.001437425 0.01751857 0.01499998 0.001928448 0.01716578 0.01499998 0.002335786 0.01671856 0.01499998 0.002641439 0.01619684 0.01499998 0.002832353 0.01562261 0.01499998 0.002882957 0.01531356 0.01499998 0.002899944 0.01499998 0.01499998 -0.002899944 0.03399997 0.01499998 -0.002899944 0.03399997 0.005899965 0.002899944 0.03399997 0.005899965 0.002815723 0.03330594 0.005899965 0.002567768 0.03265225 0.005899965 0.002170622 0.03207689 0.005899965 0.001647353 0.03161334 0.005899965 0.001028299 0.03128844 0.005899965 3.49556e-4 0.03112113 0.005899965 -3.49556e-4 0.03112113 0.005899965 -0.001028299 0.03128844 0.005899965 -0.001647353 0.03161334 0.005899965 -0.002170622 0.03207689 0.005899965 -0.002567768 0.03265225 0.005899965 -0.002815723 0.03330594 0.005899965 0.002899944 0.03399997 0.01499998 0.002836763 0.03339838 0.01499998 0.00265038 0.03282302 0.01499998 0.002348661 0.03229904 0.01499998 0.001944661 0.03184866 0.01499998 0.00145626 0.03149229 0.01499998 9.04294e-4 0.03124457 0.01499998 3.13352e-4 0.03111702 0.01499998 -2.9171e-4 0.03111469 0.01499998 -8.83558e-4 0.0312379 0.01499998 -0.001437425 0.03148138 0.01499998 -0.001928448 0.03183418 0.01499998 -0.002335786 0.03228139 0.01499998 -0.002641439 0.03280311 0.01499998 -0.002832353 0.03337728 0.01499998 -0.002882957 0.03368639 0.01499998 -0.002899944 0.03399997 0.005899965 -0.002815723 0.03469401 0.005899965 -0.002567768 0.0353477 0.005899965 -0.002170622 0.035923 0.005899965 -0.001647353 0.0363866 0.005899965 -0.001028299 0.03671151 0.005899965 -3.49556e-4 0.03687882 0.005899965 3.49556e-4 0.03687882 0.005899965 0.001028299 0.03671151 0.005899965 0.001647353 0.0363866 0.005899965 0.002170622 0.035923 0.005899965 0.002567768 0.0353477 0.005899965 0.002815723 0.03469401 0.005899965 0.002899944 0.03399997 0.005899965 -0.002899944 0.03399997 0.01499998 -0.002836763 0.03460156 0.01499998 -0.00265038 0.03517693 0.01499998 -0.002348661 0.03570091 0.01499998 -0.001944661 0.03615128 0.01499998 -0.00145626 0.03650766 0.01499998 -9.04294e-4 0.03675538 0.01499998 -3.13352e-4 0.03688287 0.01499998 2.9171e-4 0.0368852 0.01499998 8.83558e-4 0.03676199 0.01499998 0.001437425 0.03651857 0.01499998 0.001928448 0.03616577 0.01499998 0.002335786 0.03571856 0.01499998 0.002641439 0.03519684 0.01499998 0.002832353 0.03462266 0.01499998 0.002882957 0.03431355 0.01499998 0.002899944 0.03399997 0.01499998 -0.002899944 0.01499998 0.005899965 -0.003399968 0.01499998 0.005399942 0.003399968 0.01499998 0.005399942 0.003336191 0.01434439 0.005399942 0.003147184 0.01371341 0.005399942 0.002871215 0.013179 0.005399942 0.002540647 0.01274055 0.005399942 0.00214374 0.01236099 0.005399942 0.001690983 0.01205033 0.005399942 0.001194059 0.01181656 0.005399942 6.66042e-4 0.01166588 0.005399942 1.20612e-4 0.0116021 0.005399942 -4.27958e-4 0.01162701 0.005399942 -9.65373e-4 0.0117399 0.005399942 -0.001477599 0.01193785 0.005399942 -0.001951277 0.01221567 0.005399942 -0.002374053 0.01256608 0.005399942 -0.002734899 0.01298004 0.005399942 -0.003024399 0.01344662 0.005399942 -0.003235042 0.0139538 0.005399942 -0.003358483 0.01447039 0.005399942 0.002899944 0.01499998 0.005899965 0.002815723 0.01430594 0.005899965 0.002567768 0.01365226 0.005899965 0.002170622 0.0130769 0.005899965 0.001647353 0.01261329 0.005899965 0.001028299 0.01228845 0.005899965 3.49556e-4 0.01212114 0.005899965 -3.49556e-4 0.01212114 0.005899965 -0.001028299 0.01228845 0.005899965 -0.001647353 0.01261329 0.005899965 -0.002170622 0.0130769 0.005899965 -0.002567768 0.01365226 0.005899965 -0.002815723 0.01430594 0.005899965 -0.003399968 0.01499998 0.005399942 -0.003336191 0.01565557 0.005399942 -0.003147184 0.01628655 0.005399942 -0.002871215 0.0168209 0.005399942 -0.002540647 0.01725941 0.005399942 -0.00214374 0.01763892 0.005399942 -0.001690983 0.01794964 0.005399942 -0.001194059 0.01818341 0.005399942 -6.66042e-4 0.01833409 0.005399942 -1.20612e-4 0.0183978 0.005399942 4.27958e-4 0.01837295 0.005399942 9.65373e-4 0.01826006 0.005399942 0.001477599 0.01806211 0.005399942 0.001951277 0.01778429 0.005399942 0.002374053 0.01743388 0.005399942 0.002734899 0.01701992 0.005399942 0.003024399 0.01655328 0.005399942 0.003235042 0.01604616 0.005399942 0.003358483 0.01552951 0.005399942 0.003399968 0.01499998 0.005399942 -0.002899944 0.01499998 0.005899965 -0.002815723 0.01569396 0.005899965 -0.002567768 0.01634764 0.005899965 -0.002170622 0.01692301 0.005899965 -0.001647353 0.01738661 0.005899965 -0.001028299 0.01771152 0.005899965 -3.49556e-4 0.01787883 0.005899965 3.49556e-4 0.01787883 0.005899965 0.001028299 0.01771152 0.005899965 0.001647353 0.01738661 0.005899965 0.002170622 0.01692301 0.005899965 0.002567768 0.01634764 0.005899965 0.002815723 0.01569396 0.005899965 0.002899944 0.01499998 0.005899965 -0.002899944 0.03399997 0.005899965 -0.003399968 0.03399997 0.005399942 0.003399968 0.03399997 0.005399942 0.003336191 0.03334438 0.005399942 0.003147184 0.03271341 0.005399942 0.002871215 0.03217905 0.005399942 0.002540647 0.03174054 0.005399942 0.00214374 0.03136098 0.005399942 0.001690983 0.03105032 0.005399942 0.001194059 0.03081655 0.005399942 6.66042e-4 0.03066587 0.005399942 1.20612e-4 0.03060209 0.005399942 -4.27958e-4 0.03062701 0.005399942 -9.65373e-4 0.0307399 0.005399942 -0.001477599 0.03093785 0.005399942 -0.001951277 0.03121566 0.005399942 -0.002374053 0.03156608 0.005399942 -0.002734899 0.03198003 0.005399942 -0.003024399 0.03244662 0.005399942 -0.003235042 0.03295379 0.005399942 -0.003358483 0.03347045 0.005399942 0.002899944 0.03399997 0.005899965 0.002815723 0.03330594 0.005899965 0.002567768 0.03265225 0.005899965 0.002170622 0.03207689 0.005899965 0.001647353 0.03161334 0.005899965 0.001028299 0.03128844 0.005899965 3.49556e-4 0.03112113 0.005899965 -3.49556e-4 0.03112113 0.005899965 -0.001028299 0.03128844 0.005899965 -0.001647353 0.03161334 0.005899965 -0.002170622 0.03207689 0.005899965 -0.002567768 0.03265225 0.005899965 -0.002815723 0.03330594 0.005899965 -0.003399968 0.03399997 0.005399942 -0.003336191 0.03465557 0.005399942 -0.003147184 0.03528654 0.005399942 -0.002871215 0.0358209 0.005399942 -0.002540647 0.03625941 0.005399942 -0.00214374 0.03663891 0.005399942 -0.001690983 0.03694963 0.005399942 -0.001194059 0.0371834 0.005399942 -6.66042e-4 0.03733408 0.005399942 -1.20612e-4 0.03739786 0.005399942 4.27958e-4 0.03737294 0.005399942 9.65373e-4 0.03726005 0.005399942 0.001477599 0.0370621 0.005399942 0.001951277 0.03678429 0.005399942 0.002374053 0.03643387 0.005399942 0.002734899 0.03601992 0.005399942 0.003024399 0.03555327 0.005399942 0.003235042 0.03504616 0.005399942 0.003358483 0.0345295 0.005399942 0.003399968 0.03399997 0.005399942 -0.002899944 0.03399997 0.005899965 -0.002815723 0.03469401 0.005899965 -0.002567768 0.0353477 0.005899965 -0.002170622 0.035923 0.005899965 -0.001647353 0.0363866 0.005899965 -0.001028299 0.03671151 0.005899965 -3.49556e-4 0.03687882 0.005899965 3.49556e-4 0.03687882 0.005899965 0.001028299 0.03671151 0.005899965 0.001647353 0.0363866 0.005899965 0.002170622 0.035923 0.005899965 0.002567768 0.0353477 0.005899965 0.002815723 0.03469401 0.005899965 0.002899944 0.03399997 0.005899965 -0.005999982 0 -0.004999995 -0.005825638 0.001435875 -0.004999995 -0.005312681 0.002788305 -0.004999995 -0.004491031 0.003978729 -0.004999995 -0.003408372 0.004937887 -0.004999995 -0.002127587 0.005610048 -0.004999995 -7.2322e-4 0.005956232 -0.004999995 7.2322e-4 0.005956232 -0.004999995 0.002127587 0.005610048 -0.004999995 0.003408372 0.004937887 -0.004999995 0.004491031 0.003978729 -0.004999995 0.005312681 0.002788305 -0.004999995 0.005825638 0.001435875 -0.004999995 0.005999982 0 -0.004999995 0.005825638 -0.001435875 -0.004999995 0.005312681 -0.002788305 -0.004999995 0.004491031 -0.003978729 -0.004999995 0.003408372 -0.004937887 -0.004999995 0.002127587 -0.005610048 -0.004999995 7.2322e-4 -0.005956232 -0.004999995 -7.2322e-4 -0.005956232 -0.004999995 -0.002127587 -0.005610048 -0.004999995 -0.003408372 -0.004937887 -0.004999995 -0.004491031 -0.003978729 -0.004999995 -0.005312681 -0.002788305 -0.004999995 -0.005825638 -0.001435875 -0.004999995 -0.005999982 0 -0.004999995 -0.005825638 0.001435875 -0.004999995 -0.005312681 0.002788305 -0.004999995 -0.004491031 0.003978729 -0.004999995 -0.003408372 0.004937887 -0.004999995 -0.002127587 0.005610048 -0.004999995 -7.2322e-4 0.005956232 -0.004999995 7.2322e-4 0.005956232 -0.004999995 0.002127587 0.005610048 -0.004999995 0.003408372 0.004937887 -0.004999995 0.004491031 0.003978729 -0.004999995 0.005312681 0.002788305 -0.004999995 0.005825638 0.001435875 -0.004999995 0.005999982 0 -0.004999995 -0.007999956 0 -0.002999961 0.007999956 0 -0.002999961 0.007767498 0.001914501 -0.002999961 0.007083594 0.00371778 -0.002999961 0.005988061 0.005304932 -0.002999961 0.004544496 0.006583869 -0.002999961 0.002836823 0.007480084 -0.002999961 9.64293e-4 0.007941663 -0.002999961 -9.64293e-4 0.007941663 -0.002999961 -0.002836823 0.007480084 -0.002999961 -0.004544496 0.006583869 -0.002999961 -0.005988061 0.005304932 -0.002999961 -0.007083594 0.00371778 -0.002999961 -0.007767498 0.001914501 -0.002999961 -0.01437765 -0.01767766 0.008099973 -0.01387763 -0.01767766 0.008599996 -0.02147763 -0.01767766 0.008599996 -0.02136725 -0.01858705 0.008599996 -0.0210424 -0.01944357 0.008599996 -0.02052199 -0.02019751 0.008599996 -0.0198363 -0.020805 0.008599996 -0.01902514 -0.02123069 0.008599996 -0.01813566 -0.02144992 0.008599996 -0.0172196 -0.02144992 0.008599996 -0.01633012 -0.02123069 0.008599996 -0.01551902 -0.020805 0.008599996 -0.01483333 -0.02019751 0.008599996 -0.01431292 -0.01944357 0.008599996 -0.01398807 -0.01858705 0.008599996 -0.02097767 -0.01767766 0.008099973 -0.02091443 -0.01831936 0.008099973 -0.02072805 -0.01893663 0.008099973 -0.02042484 -0.01950567 0.008099973 -0.02001702 -0.02000516 0.008099973 -0.01951962 -0.02041548 0.008099973 -0.01895213 -0.02072161 0.008099973 -0.01833581 -0.02091115 0.008099973 -0.01769447 -0.02097761 0.008099973 -0.01705247 -0.02091765 0.008099973 -0.01643425 -0.02073442 0.008099973 -0.01586365 -0.02043414 0.008099973 -0.01536208 -0.02002888 0.008099973 -0.01494926 -0.01953357 0.008099973 -0.01464021 -0.01896768 0.008099973 -0.01444756 -0.01835232 0.008099973 -0.01439523 -0.01801675 0.008099973 -0.01387763 -0.01767766 0.008599996 -0.01398807 -0.01676821 0.008599996 -0.01431292 -0.01591169 0.008599996 -0.01483333 -0.01515775 0.008599996 -0.01551902 -0.01455032 0.008599996 -0.01633012 -0.01412457 0.008599996 -0.0172196 -0.01390534 0.008599996 -0.01813566 -0.01390534 0.008599996 -0.01902514 -0.01412457 0.008599996 -0.0198363 -0.01455032 0.008599996 -0.02052199 -0.01515775 0.008599996 -0.0210424 -0.01591169 0.008599996 -0.02136725 -0.01676821 0.008599996 -0.02147763 -0.01767766 0.008599996 -0.01437765 -0.01767766 0.008099973 -0.01447355 -0.0168879 0.008099973 -0.01475566 -0.01614403 0.008099973 -0.01520758 -0.01548933 0.008099973 -0.01580303 -0.01496177 0.008099973 -0.01650744 -0.01459211 0.008099973 -0.01727986 -0.01440173 0.008099973 -0.0180754 -0.01440173 0.008099973 -0.01884782 -0.01459211 0.008099973 -0.01955223 -0.01496177 0.008099973 -0.02014774 -0.01548933 0.008099973 -0.02059966 -0.01614403 0.008099973 -0.02088177 -0.0168879 0.008099973 -0.02097767 -0.01767766 0.008099973 0.02097767 -0.01767766 0.008099973 0.02147763 -0.01767766 0.008599996 0.01387763 -0.01767766 0.008599996 0.01398807 -0.01858705 0.008599996 0.01431292 -0.01944357 0.008599996 0.01483333 -0.02019751 0.008599996 0.01551902 -0.020805 0.008599996 0.01633012 -0.02123069 0.008599996 0.0172196 -0.02144992 0.008599996 0.01813566 -0.02144992 0.008599996 0.01902514 -0.02123069 0.008599996 0.0198363 -0.020805 0.008599996 0.02052199 -0.02019751 0.008599996 0.0210424 -0.01944357 0.008599996 0.02136725 -0.01858705 0.008599996 0.01437765 -0.01767766 0.008099973 0.01444083 -0.01831936 0.008099973 0.01462721 -0.01893663 0.008099973 0.01493048 -0.01950567 0.008099973 0.01533824 -0.02000516 0.008099973 0.01583564 -0.02041548 0.008099973 0.01640313 -0.02072161 0.008099973 0.01701945 -0.02091115 0.008099973 0.01766079 -0.02097761 0.008099973 0.01830279 -0.02091765 0.008099973 0.01892101 -0.02073442 0.008099973 0.01949161 -0.02043414 0.008099973 0.01999318 -0.02002888 0.008099973 0.02040606 -0.01953357 0.008099973 0.02071505 -0.01896768 0.008099973 0.02090775 -0.01835232 0.008099973 0.02096003 -0.01801675 0.008099973 0.02147763 -0.01767766 0.008599996 0.02136725 -0.01676821 0.008599996 0.0210424 -0.01591169 0.008599996 0.02052199 -0.01515775 0.008599996 0.0198363 -0.01455032 0.008599996 0.01902514 -0.01412457 0.008599996 0.01813566 -0.01390534 0.008599996 0.0172196 -0.01390534 0.008599996 0.01633012 -0.01412457 0.008599996 0.01551902 -0.01455032 0.008599996 0.01483333 -0.01515775 0.008599996 0.01431292 -0.01591169 0.008599996 0.01398807 -0.01676821 0.008599996 0.01387763 -0.01767766 0.008599996 0.02097767 -0.01767766 0.008099973 0.02088177 -0.0168879 0.008099973 0.02059966 -0.01614403 0.008099973 0.02014774 -0.01548933 0.008099973 0.01955223 -0.01496177 0.008099973 0.01884782 -0.01459211 0.008099973 0.0180754 -0.01440173 0.008099973 0.01727986 -0.01440173 0.008099973 0.01650744 -0.01459211 0.008099973 0.01580303 -0.01496177 0.008099973 0.01520758 -0.01548933 0.008099973 0.01475566 -0.01614403 0.008099973 0.01447355 -0.0168879 0.008099973 0.01437765 -0.01767766 0.008099973 -0.01437765 0.01767766 0.008099973 -0.01387763 0.01767766 0.008599996 -0.02147763 0.01767766 0.008599996 -0.02136725 0.01676821 0.008599996 -0.0210424 0.01591169 0.008599996 -0.02052199 0.01515775 0.008599996 -0.0198363 0.01455032 0.008599996 -0.01902514 0.01412457 0.008599996 -0.01813566 0.01390534 0.008599996 -0.0172196 0.01390534 0.008599996 -0.01633012 0.01412457 0.008599996 -0.01551902 0.01455032 0.008599996 -0.01483333 0.01515775 0.008599996 -0.01431292 0.01591169 0.008599996 -0.01398807 0.01676821 0.008599996 -0.02097767 0.01767766 0.008099973 -0.02091443 0.01703596 0.008099973 -0.02072805 0.01641869 0.008099973 -0.02042484 0.01584964 0.008099973 -0.02001702 0.01535016 0.008099973 -0.01951962 0.01493984 0.008099973 -0.01895213 0.01463371 0.008099973 -0.01833581 0.01444417 0.008099973 -0.01769447 0.01437771 0.008099973 -0.01705247 0.01443761 0.008099973 -0.01643425 0.01462084 0.008099973 -0.01586365 0.01492118 0.008099973 -0.01536208 0.01532644 0.008099973 -0.01494926 0.01582169 0.008099973 -0.01464021 0.01638764 0.008099973 -0.01444756 0.01700294 0.008099973 -0.01439523 0.01733851 0.008099973 -0.01387763 0.01767766 0.008599996 -0.01398807 0.01858705 0.008599996 -0.01431292 0.01944357 0.008599996 -0.01483333 0.02019751 0.008599996 -0.01551902 0.020805 0.008599996 -0.01633012 0.02123069 0.008599996 -0.0172196 0.02144992 0.008599996 -0.01813566 0.02144992 0.008599996 -0.01902514 0.02123069 0.008599996 -0.0198363 0.020805 0.008599996 -0.02052199 0.02019751 0.008599996 -0.0210424 0.01944357 0.008599996 -0.02136725 0.01858705 0.008599996 -0.02147763 0.01767766 0.008599996 -0.01437765 0.01767766 0.008099973 -0.01447355 0.01846736 0.008099973 -0.01475566 0.01921123 0.008099973 -0.01520758 0.01986593 0.008099973 -0.01580303 0.02039349 0.008099973 -0.01650744 0.02076321 0.008099973 -0.01727986 0.02095359 0.008099973 -0.0180754 0.02095359 0.008099973 -0.01884782 0.02076321 0.008099973 -0.01955223 0.02039349 0.008099973 -0.02014774 0.01986593 0.008099973 -0.02059966 0.01921123 0.008099973 -0.02088177 0.01846736 0.008099973 -0.02097767 0.01767766 0.008099973 0.02097767 0.01767766 0.008099973 0.02147763 0.01767766 0.008599996 0.01387763 0.01767766 0.008599996 0.01398807 0.01676821 0.008599996 0.01431292 0.01591169 0.008599996 0.01483333 0.01515775 0.008599996 0.01551902 0.01455032 0.008599996 0.01633012 0.01412457 0.008599996 0.0172196 0.01390534 0.008599996 0.01813566 0.01390534 0.008599996 0.01902514 0.01412457 0.008599996 0.0198363 0.01455032 0.008599996 0.02052199 0.01515775 0.008599996 0.0210424 0.01591169 0.008599996 0.02136725 0.01676821 0.008599996 0.01437765 0.01767766 0.008099973 0.01444083 0.01703596 0.008099973 0.01462721 0.01641869 0.008099973 0.01493048 0.01584964 0.008099973 0.01533824 0.01535016 0.008099973 0.01583564 0.01493984 0.008099973 0.01640313 0.01463371 0.008099973 0.01701945 0.01444417 0.008099973 0.01766079 0.01437771 0.008099973 0.01830279 0.01443761 0.008099973 0.01892101 0.01462084 0.008099973 0.01949161 0.01492118 0.008099973 0.01999318 0.01532644 0.008099973 0.02040606 0.01582169 0.008099973 0.02071505 0.01638764 0.008099973 0.02090775 0.01700294 0.008099973 0.02096003 0.01733851 0.008099973 0.02147763 0.01767766 0.008599996 0.02136725 0.01858705 0.008599996 0.0210424 0.01944357 0.008599996 0.02052199 0.02019751 0.008599996 0.0198363 0.020805 0.008599996 0.01902514 0.02123069 0.008599996 0.01813566 0.02144992 0.008599996 0.0172196 0.02144992 0.008599996 0.01633012 0.02123069 0.008599996 0.01551902 0.020805 0.008599996 0.01483333 0.02019751 0.008599996 0.01431292 0.01944357 0.008599996 0.01398807 0.01858705 0.008599996 0.01387763 0.01767766 0.008599996 0.02097767 0.01767766 0.008099973 0.02088177 0.01846736 0.008099973 0.02059966 0.01921123 0.008099973 0.02014774 0.01986593 0.008099973 0.01955223 0.02039349 0.008099973 0.01884782 0.02076321 0.008099973 0.0180754 0.02095359 0.008099973 0.01727986 0.02095359 0.008099973 0.01650744 0.02076321 0.008099973 0.01580303 0.02039349 0.008099973 0.01520758 0.01986593 0.008099973 0.01475566 0.01921123 0.008099973 0.01447355 0.01846736 0.008099973 0.01437765 0.01767766 0.008099973 -0.01199996 -0.005999982 0.005399942 -0.01213425 -0.00715059 0.005399942 -0.01252985 -0.008239984 0.005399942 -0.01316487 -0.009207963 0.005399942 -0.01400661 -0.01000487 0.005399942 -0.01500833 -0.01058614 0.005399942 -0.01611733 -0.01092135 0.005399942 -0.01727408 -0.01099246 0.005399942 -0.01841497 -0.01079547 0.005399942 -0.0194813 -0.01034075 0.005399942 -0.02041327 -0.009653627 0.005399942 -0.02116256 -0.00876975 0.005399942 -0.02168846 -0.007737159 0.005399942 -0.02192133 -0.006883084 0.005399942 -0.02199995 -0.005999982 0.005399942 -0.02185469 -0.004803419 0.005399942 -0.02142727 -0.003676354 0.005399942 -0.02074253 -0.002684354 0.005399942 -0.0198403 -0.001885056 0.005399942 -0.01877301 -0.001324892 0.005399942 -0.01760268 -0.001036405 0.005399942 -0.01639729 -0.001036405 0.005399942 -0.01522696 -0.001324892 0.005399942 -0.01415967 -0.001885056 0.005399942 -0.01325744 -0.002684354 0.005399942 -0.0125727 -0.003676354 0.005399942 -0.01214528 -0.004803419 0.005399942 -0.01359999 -0.005999982 0.005399942 -0.01366376 -0.006655514 0.005399942 -0.01385277 -0.007286548 0.005399942 -0.01412868 -0.007820904 0.005399942 -0.01445931 -0.008259415 0.005399942 -0.01485615 -0.008638918 0.005399942 -0.01530897 -0.008949637 0.005399942 -0.0158059 -0.009183406 0.005399942 -0.01633393 -0.009334087 0.005399942 -0.01687937 -0.009397804 0.005399942 -0.01742792 -0.009372949 0.005399942 -0.01796537 -0.009260058 0.005399942 -0.01847755 -0.009062111 0.005399942 -0.01895123 -0.008784294 0.005399942 -0.01937407 -0.008433878 0.005399942 -0.01973491 -0.008019924 0.005399942 -0.02002441 -0.007553279 0.005399942 -0.020235 -0.007046163 0.005399942 -0.0203585 -0.00652951 0.005399942 -0.02039998 -0.005999982 0.005399942 -0.02033615 -0.00534439 0.005399942 -0.02014714 -0.004713416 0.005399942 -0.01987123 -0.004179 0.005399942 -0.01954066 -0.003740549 0.005399942 -0.01914376 -0.003360986 0.005399942 -0.018691 -0.003050327 0.005399942 -0.01819407 -0.002816557 0.005399942 -0.01766604 -0.002665877 0.005399942 -0.01712059 -0.0026021 0.005399942 -0.01657199 -0.002627015 0.005399942 -0.0160346 -0.002739906 0.005399942 -0.01552236 -0.002937853 0.005399942 -0.01504868 -0.00321567 0.005399942 -0.0146259 -0.003566086 0.005399942 -0.01426506 -0.00398004 0.005399942 -0.01397556 -0.004446625 0.005399942 -0.01376491 -0.004953801 0.005399942 -0.01364147 -0.005470395 0.005399942 0.02199995 -0.005999982 0.005399942 0.02186566 -0.00715059 0.005399942 0.02147012 -0.008239984 0.005399942 0.0208351 -0.009207963 0.005399942 0.0199933 -0.01000487 0.005399942 0.01899164 -0.01058614 0.005399942 0.01788264 -0.01092135 0.005399942 0.01672583 -0.01099246 0.005399942 0.01558494 -0.01079547 0.005399942 0.01451867 -0.01034075 0.005399942 0.01358669 -0.009653627 0.005399942 0.0128374 -0.00876975 0.005399942 0.01231145 -0.007737159 0.005399942 0.01207858 -0.006883084 0.005399942 0.01199996 -0.005999982 0.005399942 0.01214528 -0.004803419 0.005399942 0.0125727 -0.003676354 0.005399942 0.01325744 -0.002684354 0.005399942 0.01415967 -0.001885056 0.005399942 0.01522696 -0.001324892 0.005399942 0.01639729 -0.001036405 0.005399942 0.01760268 -0.001036405 0.005399942 0.01877301 -0.001324892 0.005399942 0.0198403 -0.001885056 0.005399942 0.02074253 -0.002684354 0.005399942 0.02142727 -0.003676354 0.005399942 0.02185469 -0.004803419 0.005399942 0.02039998 -0.005999982 0.005399942 0.02033615 -0.006655514 0.005399942 0.02014714 -0.007286548 0.005399942 0.01987123 -0.007820904 0.005399942 0.01954066 -0.008259415 0.005399942 0.01914376 -0.008638918 0.005399942 0.018691 -0.008949637 0.005399942 0.01819407 -0.009183406 0.005399942 0.01766604 -0.009334087 0.005399942 0.01712059 -0.009397804 0.005399942 0.01657199 -0.009372949 0.005399942 0.0160346 -0.009260058 0.005399942 0.01552236 -0.009062111 0.005399942 0.01504868 -0.008784294 0.005399942 0.0146259 -0.008433878 0.005399942 0.01426506 -0.008019924 0.005399942 0.01397556 -0.007553279 0.005399942 0.01376491 -0.007046163 0.005399942 0.01364147 -0.00652951 0.005399942 0.01359999 -0.005999982 0.005399942 0.01366376 -0.00534439 0.005399942 0.01385277 -0.004713416 0.005399942 0.01412868 -0.004179 0.005399942 0.01445931 -0.003740549 0.005399942 0.01485615 -0.003360986 0.005399942 0.01530897 -0.003050327 0.005399942 0.0158059 -0.002816557 0.005399942 0.01633393 -0.002665877 0.005399942 0.01687937 -0.0026021 0.005399942 0.01742792 -0.002627015 0.005399942 0.01796537 -0.002739906 0.005399942 0.01847755 -0.002937853 0.005399942 0.01895123 -0.00321567 0.005399942 0.01937407 -0.003566086 0.005399942 0.01973491 -0.00398004 0.005399942 0.02002441 -0.004446625 0.005399942 0.020235 -0.004953801 0.005399942 0.0203585 -0.005470395 0.005399942 -0.03799998 0 0.01499998 -0.03776103 -0.004254639 0.01499998 -0.0370472 -0.008455753 0.01499998 -0.03586757 -0.01255059 0.01499998 -0.03423678 -0.01648753 0.01499998 -0.03217548 -0.02021718 0.01499998 -0.02970957 -0.0236926 0.01499998 -0.02687001 -0.02687001 0.01499998 -0.0236926 -0.02970957 0.01499998 -0.02021718 -0.03217548 0.01499998 -0.01648753 -0.03423678 0.01499998 -0.01255059 -0.03586757 0.01499998 -0.008455753 -0.0370472 0.01499998 -0.004254639 -0.03776103 0.01499998 0 -0.03799998 0.01499998 0.004254639 -0.03776103 0.01499998 0.008455753 -0.0370472 0.01499998 0.01255059 -0.03586757 0.01499998 0.01648753 -0.03423678 0.01499998 0.02021718 -0.03217548 0.01499998 0.0236926 -0.02970957 0.01499998 0.02687001 -0.02687001 0.01499998 0.02970957 -0.0236926 0.01499998 0.03217548 -0.02021718 0.01499998 0.03423678 -0.01648753 0.01499998 0.03586757 -0.01255059 0.01499998 0.0370472 -0.008455753 0.01499998 0.03776103 -0.004254639 0.01499998 0.03799998 0 0.01499998 0.03776103 0.004254639 0.01499998 0.0370472 0.008455753 0.01499998 0.03586757 0.01255059 0.01499998 0.03423678 0.01648753 0.01499998 0.03217548 0.02021718 0.01499998 0.02970957 0.0236926 0.01499998 0.02687001 0.02687001 0.01499998 0.0236926 0.02970957 0.01499998 0.02021718 0.03217548 0.01499998 0.01648753 0.03423678 0.01499998 0.01255059 0.03586757 0.01499998 0.008455753 0.0370472 0.01499998 0.004254639 0.03776103 0.01499998 0 0.03799998 0.01499998 -0.004254639 0.03776103 0.01499998 -0.008455753 0.0370472 0.01499998 -0.01255059 0.03586757 0.01499998 -0.01648753 0.03423678 0.01499998 -0.02021718 0.03217548 0.01499998 -0.0236926 0.02970957 0.01499998 -0.02687001 0.02687001 0.01499998 -0.02970957 0.0236926 0.01499998 -0.03217548 0.02021718 0.01499998 -0.03423678 0.01648753 0.01499998 -0.03586757 0.01255059 0.01499998 -0.0370472 0.008455753 0.01499998 -0.03776103 0.004254639 0.01499998 -0.01217764 -0.01767766 0.01499998 -0.01233744 -0.01636141 0.01499998 -0.0128076 -0.01512163 0.01499998 -0.01356083 -0.01403045 0.01499998 -0.0145533 -0.01315122 0.01499998 -0.01572734 -0.01253503 0.01499998 -0.01701468 -0.01221776 0.01499998 -0.01834058 -0.01221776 0.01499998 -0.01962798 -0.01253503 0.01499998 -0.02080202 -0.01315122 0.01499998 -0.02179443 -0.01403045 0.01499998 -0.02254766 -0.01512163 0.01499998 -0.02301782 -0.01636141 0.01499998 -0.02317762 -0.01767766 0.01499998 -0.02301782 -0.01899385 0.01499998 -0.02254766 -0.02023363 0.01499998 -0.02179443 -0.02132481 0.01499998 -0.02080202 -0.02220404 0.01499998 -0.01962798 -0.02282023 0.01499998 -0.01834058 -0.02313756 0.01499998 -0.01701468 -0.02313756 0.01499998 -0.01572734 -0.02282023 0.01499998 -0.0145533 -0.02220404 0.01499998 -0.01356083 -0.02132481 0.01499998 -0.0128076 -0.02023363 0.01499998 -0.01233744 -0.01899385 0.01499998 0.02317762 -0.01767766 0.01499998 0.02301782 -0.01636141 0.01499998 0.02254766 -0.01512163 0.01499998 0.02179443 -0.01403045 0.01499998 0.02080202 -0.01315122 0.01499998 0.01962798 -0.01253503 0.01499998 0.01834058 -0.01221776 0.01499998 0.01701468 -0.01221776 0.01499998 0.01572734 -0.01253503 0.01499998 0.0145533 -0.01315122 0.01499998 0.01356083 -0.01403045 0.01499998 0.0128076 -0.01512163 0.01499998 0.01233744 -0.01636141 0.01499998 0.01217764 -0.01767766 0.01499998 0.01233744 -0.01899385 0.01499998 0.0128076 -0.02023363 0.01499998 0.01356083 -0.02132481 0.01499998 0.0145533 -0.02220404 0.01499998 0.01572734 -0.02282023 0.01499998 0.01701468 -0.02313756 0.01499998 0.01834058 -0.02313756 0.01499998 0.01962798 -0.02282023 0.01499998 0.02080202 -0.02220404 0.01499998 0.02179443 -0.02132481 0.01499998 0.02254766 -0.02023363 0.01499998 0.02301782 -0.01899385 0.01499998 -0.01217764 0.01767766 0.01499998 -0.01233744 0.01899385 0.01499998 -0.0128076 0.02023363 0.01499998 -0.01356083 0.02132481 0.01499998 -0.0145533 0.02220404 0.01499998 -0.01572734 0.02282023 0.01499998 -0.01701468 0.02313756 0.01499998 -0.01834058 0.02313756 0.01499998 -0.01962798 0.02282023 0.01499998 -0.02080202 0.02220404 0.01499998 -0.02179443 0.02132481 0.01499998 -0.02254766 0.02023363 0.01499998 -0.02301782 0.01899385 0.01499998 -0.02317762 0.01767766 0.01499998 -0.02301782 0.01636141 0.01499998 -0.02254766 0.01512163 0.01499998 -0.02179443 0.01403045 0.01499998 -0.02080202 0.01315122 0.01499998 -0.01962798 0.01253503 0.01499998 -0.01834058 0.01221776 0.01499998 -0.01701468 0.01221776 0.01499998 -0.01572734 0.01253503 0.01499998 -0.0145533 0.01315122 0.01499998 -0.01356083 0.01403045 0.01499998 -0.0128076 0.01512163 0.01499998 -0.01233744 0.01636141 0.01499998 0.02317762 0.01767766 0.01499998 0.02301782 0.01899385 0.01499998 0.02254766 0.02023363 0.01499998 0.02179443 0.02132481 0.01499998 0.02080202 0.02220404 0.01499998 0.01962798 0.02282023 0.01499998 0.01834058 0.02313756 0.01499998 0.01701468 0.02313756 0.01499998 0.01572734 0.02282023 0.01499998 0.0145533 0.02220404 0.01499998 0.01356083 0.02132481 0.01499998 0.0128076 0.02023363 0.01499998 0.01233744 0.01899385 0.01499998 0.01217764 0.01767766 0.01499998 0.01233744 0.01636141 0.01499998 0.0128076 0.01512163 0.01499998 0.01356083 0.01403045 0.01499998 0.0145533 0.01315122 0.01499998 0.01572734 0.01253503 0.01499998 0.01701468 0.01221776 0.01499998 0.01834058 0.01221776 0.01499998 0.01962798 0.01253503 0.01499998 0.02080202 0.01315122 0.01499998 0.02179443 0.01403045 0.01499998 0.02254766 0.01512163 0.01499998 0.02301782 0.01636141 0.01499998 -0.01989996 -0.005999982 0.01499998 -0.01983678 -0.005398392 0.01499998 -0.01965039 -0.004823029 0.01499998 -0.01934862 -0.004299044 0.01499998 -0.01894468 -0.003848671 0.01499998 -0.01845628 -0.003492295 0.01499998 -0.01790428 -0.003244578 0.01499998 -0.0173133 -0.003117024 0.01499998 -0.01670825 -0.0031147 0.01499998 -0.01611644 -0.003237903 0.01499998 -0.01556247 -0.003481388 0.01499998 -0.01507151 -0.003834128 0.01499998 -0.01466417 -0.004281401 0.01499998 -0.01435852 -0.004803121 0.01499998 -0.0141676 -0.005377292 0.01499998 -0.014117 -0.005686402 0.01499998 -0.01409995 -0.005999982 0.01499998 -0.01416319 -0.006601572 0.01499998 -0.01434952 -0.007176935 0.01499998 -0.01465129 -0.00770092 0.01499998 -0.01505529 -0.008151292 0.01499998 -0.01554363 -0.008507668 0.01499998 -0.01609569 -0.008755326 0.01499998 -0.01668661 -0.00888288 0.01499998 -0.01729166 -0.008885204 0.01499998 -0.01788353 -0.008762001 0.01499998 -0.01843744 -0.008518576 0.01499998 -0.01892846 -0.008165776 0.01499998 -0.0193358 -0.007718563 0.01499998 -0.01964145 -0.007196843 0.01499998 -0.01983231 -0.006622612 0.01499998 -0.01988297 -0.006313562 0.01499998 0.01409995 -0.005999982 0.01499998 0.01416319 -0.005398392 0.01499998 0.01434952 -0.004823029 0.01499998 0.01465129 -0.004299044 0.01499998 0.01505529 -0.003848671 0.01499998 0.01554363 -0.003492295 0.01499998 0.01609569 -0.003244578 0.01499998 0.01668661 -0.003117024 0.01499998 0.01729166 -0.0031147 0.01499998 0.01788353 -0.003237903 0.01499998 0.01843744 -0.003481388 0.01499998 0.01892846 -0.003834128 0.01499998 0.0193358 -0.004281401 0.01499998 0.01964145 -0.004803121 0.01499998 0.01983231 -0.005377292 0.01499998 0.01988297 -0.005686402 0.01499998 0.01989996 -0.005999982 0.01499998 0.01983678 -0.006601572 0.01499998 0.01965039 -0.007176935 0.01499998 0.01934862 -0.00770092 0.01499998 0.01894468 -0.008151292 0.01499998 0.01845628 -0.008507668 0.01499998 0.01790428 -0.008755326 0.01499998 0.0173133 -0.00888288 0.01499998 0.01670825 -0.008885204 0.01499998 0.01611644 -0.008762001 0.01499998 0.01556247 -0.008518576 0.01499998 0.01507151 -0.008165776 0.01499998 0.01466417 -0.007718563 0.01499998 0.01435852 -0.007196843 0.01499998 0.0141676 -0.006622612 0.01499998 0.014117 -0.006313562 0.01499998 -0.03299999 -0.005999982 0.01499998 -0.03291279 -0.005282044 0.01499998 -0.03265637 -0.004605829 0.01499998 -0.03224551 -0.004010617 0.01499998 -0.03170418 -0.003531038 0.01499998 -0.03106379 -0.003194928 0.01499998 -0.03036159 -0.003021836 0.01499998 -0.02963835 -0.003021836 0.01499998 -0.02893614 -0.003194928 0.01499998 -0.02829575 -0.003531038 0.01499998 -0.02775442 -0.004010617 0.01499998 -0.02734363 -0.004605829 0.01499998 -0.02708715 -0.005282044 0.01499998 -0.02699995 -0.005999982 0.01499998 -0.02708715 -0.00671792 0.01499998 -0.02734363 -0.007394134 0.01499998 -0.02775442 -0.007989346 0.01499998 -0.02829575 -0.008468925 0.01499998 -0.02893614 -0.008805036 0.01499998 -0.02963835 -0.008978068 0.01499998 -0.03036159 -0.008978068 0.01499998 -0.03106379 -0.008805036 0.01499998 -0.03170418 -0.008468925 0.01499998 -0.03224551 -0.007989346 0.01499998 -0.03265637 -0.007394134 0.01499998 -0.03291279 -0.00671792 0.01499998 0.02699995 -0.005999982 0.01499998 0.02708715 -0.005282044 0.01499998 0.02734363 -0.004605829 0.01499998 0.02775442 -0.004010617 0.01499998 0.02829575 -0.003531038 0.01499998 0.02893614 -0.003194928 0.01499998 0.02963835 -0.003021836 0.01499998 0.03036159 -0.003021836 0.01499998 0.03106379 -0.003194928 0.01499998 0.03170418 -0.003531038 0.01499998 0.03224551 -0.004010617 0.01499998 0.03265637 -0.004605829 0.01499998 0.03291279 -0.005282044 0.01499998 0.03299999 -0.005999982 0.01499998 0.03291279 -0.00671792 0.01499998 0.03265637 -0.007394134 0.01499998 0.03224551 -0.007989346 0.01499998 0.03170418 -0.008468925 0.01499998 0.03106379 -0.008805036 0.01499998 0.03036159 -0.008978068 0.01499998 0.02963835 -0.008978068 0.01499998 0.02893614 -0.008805036 0.01499998 0.02829575 -0.008468925 0.01499998 0.02775442 -0.007989346 0.01499998 0.02734363 -0.007394134 0.01499998 0.02708715 -0.00671792 0.01499998 -0.002899944 0.01499998 0.01499998 -0.002836763 0.01560157 0.01499998 -0.00265038 0.01617693 0.01499998 -0.002348661 0.01670092 0.01499998 -0.001944661 0.01715129 0.01499998 -0.00145626 0.01750767 0.01499998 -9.04294e-4 0.01775532 0.01499998 -3.13352e-4 0.01788288 0.01499998 2.9171e-4 0.0178852 0.01499998 8.83558e-4 0.017762 0.01499998 0.001437425 0.01751857 0.01499998 0.001928448 0.01716578 0.01499998 0.002335786 0.01671856 0.01499998 0.002641439 0.01619684 0.01499998 0.002832353 0.01562261 0.01499998 0.002882957 0.01531356 0.01499998 0.002899944 0.01499998 0.01499998 0.002836763 0.01439839 0.01499998 0.00265038 0.01382303 0.01499998 0.002348661 0.01329904 0.01499998 0.001944661 0.01284867 0.01499998 0.00145626 0.01249229 0.01499998 9.04294e-4 0.01224458 0.01499998 3.13352e-4 0.01211702 0.01499998 -2.9171e-4 0.0121147 0.01499998 -8.83558e-4 0.0122379 0.01499998 -0.001437425 0.01248139 0.01499998 -0.001928448 0.01283413 0.01499998 -0.002335786 0.0132814 0.01499998 -0.002641439 0.01380312 0.01499998 -0.002832353 0.01437729 0.01499998 -0.002882957 0.0146864 0.01499998 -0.002899944 0.03399997 0.01499998 -0.002836763 0.03460156 0.01499998 -0.00265038 0.03517693 0.01499998 -0.002348661 0.03570091 0.01499998 -0.001944661 0.03615128 0.01499998 -0.00145626 0.03650766 0.01499998 -9.04294e-4 0.03675538 0.01499998 -3.13352e-4 0.03688287 0.01499998 2.9171e-4 0.0368852 0.01499998 8.83558e-4 0.03676199 0.01499998 0.001437425 0.03651857 0.01499998 0.001928448 0.03616577 0.01499998 0.002335786 0.03571856 0.01499998 0.002641439 0.03519684 0.01499998 0.002832353 0.03462266 0.01499998 0.002882957 0.03431355 0.01499998 0.002899944 0.03399997 0.01499998 0.002836763 0.03339838 0.01499998 0.00265038 0.03282302 0.01499998 0.002348661 0.03229904 0.01499998 0.001944661 0.03184866 0.01499998 0.00145626 0.03149229 0.01499998 9.04294e-4 0.03124457 0.01499998 3.13352e-4 0.03111702 0.01499998 -2.9171e-4 0.03111469 0.01499998 -8.83558e-4 0.0312379 0.01499998 -0.001437425 0.03148138 0.01499998 -0.001928448 0.03183418 0.01499998 -0.002335786 0.03228139 0.01499998 -0.002641439 0.03280311 0.01499998 -0.002832353 0.03337728 0.01499998 -0.002882957 0.03368639 0.01499998 0.004999995 0.01499998 0.005399942 0.004865646 0.01384937 0.005399942 0.004470109 0.01275998 0.005399942 0.003835082 0.01179194 0.005399942 0.002993285 0.01099509 0.005399942 0.001991629 0.01041382 0.005399942 8.82653e-4 0.0100786 0.005399942 -2.74115e-4 0.0100075 0.005399942 -0.001414954 0.01020449 0.005399942 -0.002481281 0.01065921 0.005399942 -0.003413259 0.01134634 0.005399942 -0.004162549 0.01223021 0.005399942 -0.004688501 0.0132628 0.005399942 -0.004921376 0.01411688 0.005399942 -0.004999995 0.01499998 0.005399942 -0.004854679 0.01619654 0.005399942 -0.004427254 0.01732361 0.005399942 -0.003742516 0.01831561 0.005399942 -0.00284028 0.01911491 0.005399942 -0.001772999 0.01967507 0.005399942 -6.02683e-4 0.0199635 0.005399942 6.02683e-4 0.0199635 0.005399942 0.001772999 0.01967507 0.005399942 0.00284028 0.01911491 0.005399942 0.003742516 0.01831561 0.005399942 0.004427254 0.01732361 0.005399942 0.004854679 0.01619654 0.005399942 0.003399968 0.01499998 0.005399942 0.003336191 0.01434439 0.005399942 0.003147184 0.01371341 0.005399942 0.002871215 0.013179 0.005399942 0.002540647 0.01274055 0.005399942 0.00214374 0.01236099 0.005399942 0.001690983 0.01205033 0.005399942 0.001194059 0.01181656 0.005399942 6.66042e-4 0.01166588 0.005399942 1.20612e-4 0.0116021 0.005399942 -4.27958e-4 0.01162701 0.005399942 -9.65373e-4 0.0117399 0.005399942 -0.001477599 0.01193785 0.005399942 -0.001951277 0.01221567 0.005399942 -0.002374053 0.01256608 0.005399942 -0.002734899 0.01298004 0.005399942 -0.003024399 0.01344662 0.005399942 -0.003235042 0.0139538 0.005399942 -0.003358483 0.01447039 0.005399942 -0.003399968 0.01499998 0.005399942 -0.003336191 0.01565557 0.005399942 -0.003147184 0.01628655 0.005399942 -0.002871215 0.0168209 0.005399942 -0.002540647 0.01725941 0.005399942 -0.00214374 0.01763892 0.005399942 -0.001690983 0.01794964 0.005399942 -0.001194059 0.01818341 0.005399942 -6.66042e-4 0.01833409 0.005399942 -1.20612e-4 0.0183978 0.005399942 4.27958e-4 0.01837295 0.005399942 9.65373e-4 0.01826006 0.005399942 0.001477599 0.01806211 0.005399942 0.001951277 0.01778429 0.005399942 0.002374053 0.01743388 0.005399942 0.002734899 0.01701992 0.005399942 0.003024399 0.01655328 0.005399942 0.003235042 0.01604616 0.005399942 0.003358483 0.01552951 0.005399942 0.004999995 0.03399997 0.005399942 0.004865646 0.03284937 0.005399942 0.004470109 0.03175997 0.005399942 0.003835082 0.03079199 0.005399942 0.002993285 0.02999508 0.005399942 0.001991629 0.02941381 0.005399942 8.82653e-4 0.0290786 0.005399942 -2.74115e-4 0.02900749 0.005399942 -0.001414954 0.02920448 0.005399942 -0.002481281 0.02965921 0.005399942 -0.003413259 0.03034633 0.005399942 -0.004162549 0.03123021 0.005399942 -0.004688501 0.0322628 0.005399942 -0.004921376 0.03311687 0.005399942 -0.004999995 0.03399997 0.005399942 -0.004854679 0.03519654 0.005399942 -0.004427254 0.0363236 0.005399942 -0.003742516 0.0373156 0.005399942 -0.00284028 0.0381149 0.005399942 -0.001772999 0.03867506 0.005399942 -6.02683e-4 0.03896349 0.005399942 6.02683e-4 0.03896349 0.005399942 0.001772999 0.03867506 0.005399942 0.00284028 0.0381149 0.005399942 0.003742516 0.0373156 0.005399942 0.004427254 0.0363236 0.005399942 0.004854679 0.03519654 0.005399942 0.003399968 0.03399997 0.005399942 0.003336191 0.03334438 0.005399942 0.003147184 0.03271341 0.005399942 0.002871215 0.03217905 0.005399942 0.002540647 0.03174054 0.005399942 0.00214374 0.03136098 0.005399942 0.001690983 0.03105032 0.005399942 0.001194059 0.03081655 0.005399942 6.66042e-4 0.03066587 0.005399942 1.20612e-4 0.03060209 0.005399942 -4.27958e-4 0.03062701 0.005399942 -9.65373e-4 0.0307399 0.005399942 -0.001477599 0.03093785 0.005399942 -0.001951277 0.03121566 0.005399942 -0.002374053 0.03156608 0.005399942 -0.002734899 0.03198003 0.005399942 -0.003024399 0.03244662 0.005399942 -0.003235042 0.03295379 0.005399942 -0.003358483 0.03347045 0.005399942 -0.003399968 0.03399997 0.005399942 -0.003336191 0.03465557 0.005399942 -0.003147184 0.03528654 0.005399942 -0.002871215 0.0358209 0.005399942 -0.002540647 0.03625941 0.005399942 -0.00214374 0.03663891 0.005399942 -0.001690983 0.03694963 0.005399942 -0.001194059 0.0371834 0.005399942 -6.66042e-4 0.03733408 0.005399942 -1.20612e-4 0.03739786 0.005399942 4.27958e-4 0.03737294 0.005399942 9.65373e-4 0.03726005 0.005399942 0.001477599 0.0370621 0.005399942 0.001951277 0.03678429 0.005399942 0.002374053 0.03643387 0.005399942 0.002734899 0.03601992 0.005399942 0.003024399 0.03555327 0.005399942 0.003235042 0.03504616 0.005399942 0.003358483 0.0345295 0.005399942 0.002999961 -0.02499997 0.004999995 0.002912819 -0.02571791 0.004999995 0.00265634 -0.02639412 0.004999995 0.002245485 -0.02698934 0.004999995 0.001704156 -0.02746891 0.004999995 0.001063764 -0.02780503 0.004999995 3.6161e-4 -0.02797812 0.004999995 -3.6161e-4 -0.02797812 0.004999995 -0.001063764 -0.02780503 0.004999995 -0.001704156 -0.02746891 0.004999995 -0.002245485 -0.02698934 0.004999995 -0.00265634 -0.02639412 0.004999995 -0.002912819 -0.02571791 0.004999995 -0.002999961 -0.02499997 0.004999995 0 -0.02499997 0.006802558 0 -0.02499997 0.006802558 9.00969e-4 -0.02543383 0.006201684 6.2349e-4 -0.02578181 0.006201684 0.001801908 -0.02586776 0.00560081 2.22521e-4 -0.02597492 0.006201684 0.001246929 -0.02656364 0.00560081 -2.22521e-4 -0.02597492 0.006201684 4.45042e-4 -0.02694982 0.00560081 -6.2349e-4 -0.02578181 0.006201684 -4.45042e-4 -0.02694982 0.00560081 -9.00969e-4 -0.02543383 0.006201684 -0.001246929 -0.02656364 0.00560081 -0.001801908 -0.02586776 0.00560081 -0.002999961 -0.02499997 0.004999995 -0.002912819 -0.02428203 0.004999995 -0.00265634 -0.02360582 0.004999995 -0.002245485 -0.02301061 0.004999995 -0.001704156 -0.02253103 0.004999995 -0.001063764 -0.02219492 0.004999995 -3.6161e-4 -0.02202183 0.004999995 3.6161e-4 -0.02202183 0.004999995 0.001063764 -0.02219492 0.004999995 0.001704156 -0.02253103 0.004999995 0.002245485 -0.02301061 0.004999995 0.00265634 -0.02360582 0.004999995 0.002912819 -0.02428203 0.004999995 0.002999961 -0.02499997 0.004999995 0 -0.02499997 0.006802558 0 -0.02499997 0.006802558 -6.2349e-4 -0.02421814 0.006201684 -9.00969e-4 -0.02456611 0.006201684 -0.001801908 -0.02413219 0.00560081 -2.22521e-4 -0.02402502 0.006201684 -0.001246929 -0.0234363 0.00560081 2.22521e-4 -0.02402502 0.006201684 -4.45042e-4 -0.02305012 0.00560081 6.2349e-4 -0.02421814 0.006201684 4.45042e-4 -0.02305012 0.00560081 9.00969e-4 -0.02456611 0.006201684 0.001246929 -0.0234363 0.00560081 0.001801908 -0.02413219 0.00560081 0.02799999 0 0.004999995 0.02791279 -7.17947e-4 0.004999995 0.02765631 -0.001394152 0.004999995 0.02724552 -0.001989364 0.004999995 0.02670419 -0.002468943 0.004999995 0.02606379 -0.002804994 0.004999995 0.02536159 -0.002978086 0.004999995 0.02463835 -0.002978086 0.004999995 0.02393615 -0.002804994 0.004999995 0.02329576 -0.002468943 0.004999995 0.02275443 -0.001989364 0.004999995 0.02234363 -0.001394152 0.004999995 0.02208715 -7.17947e-4 0.004999995 0.02199995 0 0.004999995 0.02499997 0 0.006802558 0.02499997 0 0.006802558 0.02562344 -7.81832e-4 0.006201684 0.02590095 -4.33884e-4 0.006201684 0.02680194 -8.67768e-4 0.00560081 0.02522248 -9.74928e-4 0.006201684 0.02624696 -0.001563608 0.00560081 0.02477747 -9.74928e-4 0.006201684 0.02544504 -0.001949846 0.00560081 0.02437651 -7.81832e-4 0.006201684 0.0245549 -0.001949846 0.00560081 0.02409899 -4.33884e-4 0.006201684 0.02375298 -0.001563608 0.00560081 0.02319806 -8.67768e-4 0.00560081 0.02199995 0 0.004999995 0.02208715 7.17947e-4 0.004999995 0.02234363 0.001394152 0.004999995 0.02275443 0.001989364 0.004999995 0.02329576 0.002468943 0.004999995 0.02393615 0.002804994 0.004999995 0.02463835 0.002978086 0.004999995 0.02536159 0.002978086 0.004999995 0.02606379 0.002804994 0.004999995 0.02670419 0.002468943 0.004999995 0.02724552 0.001989364 0.004999995 0.02765631 0.001394152 0.004999995 0.02791279 7.17947e-4 0.004999995 0.02799999 0 0.004999995 0.02499997 0 0.006802558 0.02499997 0 0.006802558 0.02437651 7.81832e-4 0.006201684 0.02409899 4.33884e-4 0.006201684 0.02319806 8.67768e-4 0.00560081 0.02477747 9.74928e-4 0.006201684 0.02375298 0.001563608 0.00560081 0.02522248 9.74928e-4 0.006201684 0.0245549 0.001949846 0.00560081 0.02562344 7.81832e-4 0.006201684 0.02544504 0.001949846 0.00560081 0.02590095 4.33884e-4 0.006201684 0.02624696 0.001563608 0.00560081 0.02680194 8.67768e-4 0.00560081 0.002999961 0.02499997 0.004999995 0.002912819 0.02428203 0.004999995 0.00265634 0.02360582 0.004999995 0.002245485 0.02301061 0.004999995 0.001704156 0.02253103 0.004999995 0.001063764 0.02219492 0.004999995 3.6161e-4 0.02202183 0.004999995 -3.6161e-4 0.02202183 0.004999995 -0.001063764 0.02219492 0.004999995 -0.001704156 0.02253103 0.004999995 -0.002245485 0.02301061 0.004999995 -0.00265634 0.02360582 0.004999995 -0.002912819 0.02428203 0.004999995 -0.002999961 0.02499997 0.004999995 0 0.02499997 0.006802558 0 0.02499997 0.006802558 9.00969e-4 0.02456611 0.006201684 6.2349e-4 0.02421814 0.006201684 0.001801908 0.02413219 0.00560081 2.22521e-4 0.02402502 0.006201684 0.001246929 0.0234363 0.00560081 -2.22521e-4 0.02402502 0.006201684 4.45042e-4 0.02305012 0.00560081 -6.2349e-4 0.02421814 0.006201684 -4.45042e-4 0.02305012 0.00560081 -9.00969e-4 0.02456611 0.006201684 -0.001246929 0.0234363 0.00560081 -0.001801908 0.02413219 0.00560081 -0.002999961 0.02499997 0.004999995 -0.002912819 0.02571791 0.004999995 -0.00265634 0.02639412 0.004999995 -0.002245485 0.02698934 0.004999995 -0.001704156 0.02746891 0.004999995 -0.001063764 0.02780503 0.004999995 -3.6161e-4 0.02797812 0.004999995 3.6161e-4 0.02797812 0.004999995 0.001063764 0.02780503 0.004999995 0.001704156 0.02746891 0.004999995 0.002245485 0.02698934 0.004999995 0.00265634 0.02639412 0.004999995 0.002912819 0.02571791 0.004999995 0.002999961 0.02499997 0.004999995 0 0.02499997 0.006802558 0 0.02499997 0.006802558 -6.2349e-4 0.02578181 0.006201684 -9.00969e-4 0.02543383 0.006201684 -0.001801908 0.02586776 0.00560081 -2.22521e-4 0.02597492 0.006201684 -0.001246929 0.02656364 0.00560081 2.22521e-4 0.02597492 0.006201684 -4.45042e-4 0.02694982 0.00560081 6.2349e-4 0.02578181 0.006201684 4.45042e-4 0.02694982 0.00560081 9.00969e-4 0.02543383 0.006201684 0.001246929 0.02656364 0.00560081 0.001801908 0.02586776 0.00560081 -0.02199995 0 0.004999995 -0.02208715 -7.17947e-4 0.004999995 -0.02234363 -0.001394152 0.004999995 -0.02275443 -0.001989364 0.004999995 -0.02329576 -0.002468943 0.004999995 -0.02393615 -0.002804994 0.004999995 -0.02463835 -0.002978086 0.004999995 -0.02536159 -0.002978086 0.004999995 -0.02606379 -0.002804994 0.004999995 -0.02670419 -0.002468943 0.004999995 -0.02724552 -0.001989364 0.004999995 -0.02765631 -0.001394152 0.004999995 -0.02791279 -7.17947e-4 0.004999995 -0.02799999 0 0.004999995 -0.02499997 0 0.006802558 -0.02499997 0 0.006802558 -0.02437651 -7.81832e-4 0.006201684 -0.02409899 -4.33884e-4 0.006201684 -0.02319806 -8.67768e-4 0.00560081 -0.02477747 -9.74928e-4 0.006201684 -0.02375298 -0.001563608 0.00560081 -0.02522248 -9.74928e-4 0.006201684 -0.0245549 -0.001949846 0.00560081 -0.02562344 -7.81832e-4 0.006201684 -0.02544504 -0.001949846 0.00560081 -0.02590095 -4.33884e-4 0.006201684 -0.02624696 -0.001563608 0.00560081 -0.02680194 -8.67768e-4 0.00560081 -0.02799999 0 0.004999995 -0.02791279 7.17947e-4 0.004999995 -0.02765631 0.001394152 0.004999995 -0.02724552 0.001989364 0.004999995 -0.02670419 0.002468943 0.004999995 -0.02606379 0.002804994 0.004999995 -0.02536159 0.002978086 0.004999995 -0.02463835 0.002978086 0.004999995 -0.02393615 0.002804994 0.004999995 -0.02329576 0.002468943 0.004999995 -0.02275443 0.001989364 0.004999995 -0.02234363 0.001394152 0.004999995 -0.02208715 7.17947e-4 0.004999995 -0.02199995 0 0.004999995 -0.02499997 0 0.006802558 -0.02499997 0 0.006802558 -0.02562344 7.81832e-4 0.006201684 -0.02590095 4.33884e-4 0.006201684 -0.02680194 8.67768e-4 0.00560081 -0.02522248 9.74928e-4 0.006201684 -0.02624696 0.001563608 0.00560081 -0.02477747 9.74928e-4 0.006201684 -0.02544504 0.001949846 0.00560081 -0.02437651 7.81832e-4 0.006201684 -0.0245549 0.001949846 0.00560081 -0.02409899 4.33884e-4 0.006201684 -0.02375298 0.001563608 0.00560081 -0.02319806 8.67768e-4 0.00560081 0.03799998 0 0.01499998 0.03776103 0.004254639 0.01499998 0.0370472 0.008455753 0.01499998 0.03586757 0.01255059 0.01499998 0.03423678 0.01648753 0.01499998 0.03217548 0.02021718 0.01499998 0.02970957 0.0236926 0.01499998 0.02687001 0.02687001 0.01499998 0.0236926 0.02970957 0.01499998 0.02021718 0.03217548 0.01499998 0.01648753 0.03423678 0.01499998 0.01255059 0.03586757 0.01499998 0.008455753 0.0370472 0.01499998 0.004254639 0.03776103 0.01499998 0 0.03799998 0.01499998 -0.004254639 0.03776103 0.01499998 -0.008455753 0.0370472 0.01499998 -0.01255059 0.03586757 0.01499998 -0.01648753 0.03423678 0.01499998 -0.02021718 0.03217548 0.01499998 -0.0236926 0.02970957 0.01499998 -0.02687001 0.02687001 0.01499998 -0.02970957 0.0236926 0.01499998 -0.03217548 0.02021718 0.01499998 -0.03423678 0.01648753 0.01499998 -0.03586757 0.01255059 0.01499998 -0.0370472 0.008455753 0.01499998 -0.03776103 0.004254639 0.01499998 -0.03799998 0 0.01499998 0.04299998 0 0.00999999 -0.04299998 0 0.00999999 -0.04274791 0.004649102 0.00999999 -0.04199463 0.009243726 0.00999999 -0.04074907 0.01372992 0.00999999 -0.03902572 0.0180552 0.00999999 -0.03684484 0.02216881 0.00999999 -0.03423196 0.02602249 0.00999999 -0.03121775 0.02957105 0.00999999 -0.02783757 0.03277295 0.00999999 -0.024131 0.03559058 0.00999999 -0.02014154 0.03799098 0.00999999 -0.01591593 0.03994596 0.00999999 -0.01150369 0.04143261 0.00999999 -0.006956577 0.0424335 0.00999999 -0.002327919 0.04293692 0.00999999 0.002327919 0.04293692 0.00999999 0.006956577 0.0424335 0.00999999 0.01150369 0.04143261 0.00999999 0.01591593 0.03994596 0.00999999 0.02014154 0.03799098 0.00999999 0.024131 0.03559058 0.00999999 0.02783757 0.03277295 0.00999999 0.03121775 0.02957105 0.00999999 0.03423196 0.02602249 0.00999999 0.03684484 0.02216881 0.00999999 0.03902572 0.0180552 0.00999999 0.04074907 0.01372992 0.00999999 0.04199463 0.009243726 0.00999999 0.04274791 0.004649102 0.00999999 -0.04004764 0.006036162 0.01249998 -0.03870069 0.01193755 0.01249998 -0.03648918 0.01757228 0.01249998 -0.03346264 0.02281445 0.01249998 -0.02968859 0.027547 0.01249998 -0.02525132 0.03166413 0.01249998 -0.02024996 0.03507399 0.01249998 -0.01479625 0.03770035 0.01249998 -0.009012043 0.03948456 0.01249998 -0.003026545 0.04038673 0.01249998 0.003026545 0.04038673 0.01249998 0.009012043 0.03948456 0.01249998 0.01479625 0.03770035 0.01249998 0.02024996 0.03507399 0.01249998 0.02525132 0.03166413 0.01249998 0.02968859 0.027547 0.01249998 0.03346264 0.02281445 0.01249998 0.03648918 0.01757228 0.01249998 0.03870069 0.01193755 0.01249998 0.04004764 0.006036162 0.01249998 0.03799998 0 0.01499998 0.04299998 0 0.00999999 -0.03799998 0 0.01499998 -0.03776103 -0.004254639 0.01499998 -0.0370472 -0.008455753 0.01499998 -0.03586757 -0.01255059 0.01499998 -0.03423678 -0.01648753 0.01499998 -0.03217548 -0.02021718 0.01499998 -0.02970957 -0.0236926 0.01499998 -0.02687001 -0.02687001 0.01499998 -0.0236926 -0.02970957 0.01499998 -0.02021718 -0.03217548 0.01499998 -0.01648753 -0.03423678 0.01499998 -0.01255059 -0.03586757 0.01499998 -0.008455753 -0.0370472 0.01499998 -0.004254639 -0.03776103 0.01499998 0 -0.03799998 0.01499998 0.004254639 -0.03776103 0.01499998 0.008455753 -0.0370472 0.01499998 0.01255059 -0.03586757 0.01499998 0.01648753 -0.03423678 0.01499998 0.02021718 -0.03217548 0.01499998 0.0236926 -0.02970957 0.01499998 0.02687001 -0.02687001 0.01499998 0.02970957 -0.0236926 0.01499998 0.03217548 -0.02021718 0.01499998 0.03423678 -0.01648753 0.01499998 0.03586757 -0.01255059 0.01499998 0.0370472 -0.008455753 0.01499998 0.03776103 -0.004254639 0.01499998 -0.04299998 0 0.00999999 0.04274791 -0.004649102 0.00999999 0.04199463 -0.009243726 0.00999999 0.04074907 -0.01372992 0.00999999 0.03902572 -0.0180552 0.00999999 0.03684484 -0.02216881 0.00999999 0.03423196 -0.02602249 0.00999999 0.03121775 -0.02957105 0.00999999 0.02783757 -0.03277295 0.00999999 0.024131 -0.03559058 0.00999999 0.02014154 -0.03799098 0.00999999 0.01591593 -0.03994596 0.00999999 0.01150369 -0.04143261 0.00999999 0.006956577 -0.0424335 0.00999999 0.002327919 -0.04293692 0.00999999 -0.002327919 -0.04293692 0.00999999 -0.006956577 -0.0424335 0.00999999 -0.01150369 -0.04143261 0.00999999 -0.01591593 -0.03994596 0.00999999 -0.02014154 -0.03799098 0.00999999 -0.024131 -0.03559058 0.00999999 -0.02783757 -0.03277295 0.00999999 -0.03121775 -0.02957105 0.00999999 -0.03423196 -0.02602249 0.00999999 -0.03684484 -0.02216881 0.00999999 -0.03902572 -0.0180552 0.00999999 -0.04074907 -0.01372992 0.00999999 -0.04199463 -0.009243726 0.00999999 -0.04274791 -0.004649102 0.00999999 0.04004764 -0.006036162 0.01249998 0.03870069 -0.01193755 0.01249998 0.03648918 -0.01757228 0.01249998 0.03346264 -0.02281445 0.01249998 0.02968859 -0.027547 0.01249998 0.02525132 -0.03166413 0.01249998 0.02024996 -0.03507399 0.01249998 0.01479625 -0.03770035 0.01249998 0.009012043 -0.03948456 0.01249998 0.003026545 -0.04038673 0.01249998 -0.003026545 -0.04038673 0.01249998 -0.009012043 -0.03948456 0.01249998 -0.01479625 -0.03770035 0.01249998 -0.02024996 -0.03507399 0.01249998 -0.02525132 -0.03166413 0.01249998 -0.02968859 -0.027547 0.01249998 -0.03346264 -0.02281445 0.01249998 -0.03648918 -0.01757228 0.01249998 -0.03870069 -0.01193755 0.01249998 -0.04004764 -0.006036162 0.01249998 -0.005999982 0 -0.004999995 -0.007999956 0 -0.002999961 0.005999982 0 -0.004999995 0.005825638 -0.001435875 -0.004999995 0.005312681 -0.002788305 -0.004999995 0.004491031 -0.003978729 -0.004999995 0.003408372 -0.004937887 -0.004999995 0.002127587 -0.005610048 -0.004999995 7.2322e-4 -0.005956232 -0.004999995 -7.2322e-4 -0.005956232 -0.004999995 -0.002127587 -0.005610048 -0.004999995 -0.003408372 -0.004937887 -0.004999995 -0.004491031 -0.003978729 -0.004999995 -0.005312681 -0.002788305 -0.004999995 -0.005825638 -0.001435875 -0.004999995 0.007999956 0 -0.002999961 -0.007767498 -0.001914501 -0.002999961 -0.007083594 -0.00371778 -0.002999961 -0.005988061 -0.005304932 -0.002999961 -0.004544496 -0.006583869 -0.002999961 -0.002836823 -0.007480084 -0.002999961 -9.64293e-4 -0.007941663 -0.002999961 9.64293e-4 -0.007941663 -0.002999961 0.002836823 -0.007480084 -0.002999961 0.004544496 -0.006583869 -0.002999961 0.005988061 -0.005304932 -0.002999961 0.007083594 -0.00371778 -0.002999961 0.007767498 -0.001914501 -0.002999961 0.007999956 0 -0.002999961 0.007767498 0.001914501 -0.002999961 0.007083594 0.00371778 -0.002999961 0.005988061 0.005304932 -0.002999961 0.004544496 0.006583869 -0.002999961 0.002836823 0.007480084 -0.002999961 9.64293e-4 0.007941663 -0.002999961 -9.64293e-4 0.007941663 -0.002999961 -0.002836823 0.007480084 -0.002999961 -0.004544496 0.006583869 -0.002999961 -0.005988061 0.005304932 -0.002999961 -0.007083594 0.00371778 -0.002999961 -0.007767498 0.001914501 -0.002999961 -0.007999956 0 -0.002999961 -0.007999956 0 -5e-4 -0.007767498 0.001914501 -5e-4 -0.007083594 0.00371778 -5e-4 -0.005988061 0.005304932 -5e-4 -0.004544496 0.006583869 -5e-4 -0.002836823 0.007480084 -5e-4 -9.64293e-4 0.007941663 -5e-4 9.64293e-4 0.007941663 -5e-4 0.002836823 0.007480084 -5e-4 0.004544496 0.006583869 -5e-4 0.005988061 0.005304932 -5e-4 0.007083594 0.00371778 -5e-4 0.007767498 0.001914501 -5e-4 0.007999956 0 -5e-4 -0.01437765 -0.01767766 0 -0.01437765 -0.01767766 0.008099973 -0.02097767 -0.01767766 0.008099973 -0.02091443 -0.01831936 0.008099973 -0.02072805 -0.01893663 0.008099973 -0.02042484 -0.01950567 0.008099973 -0.02001702 -0.02000516 0.008099973 -0.01951962 -0.02041548 0.008099973 -0.01895213 -0.02072161 0.008099973 -0.01833581 -0.02091115 0.008099973 -0.01769447 -0.02097761 0.008099973 -0.01705247 -0.02091765 0.008099973 -0.01643425 -0.02073442 0.008099973 -0.01586365 -0.02043414 0.008099973 -0.01536208 -0.02002888 0.008099973 -0.01494926 -0.01953357 0.008099973 -0.01464021 -0.01896768 0.008099973 -0.01444756 -0.01835232 0.008099973 -0.01439523 -0.01801675 0.008099973 -0.02097767 -0.01767766 0 -0.02088177 -0.01846736 0 -0.02059966 -0.01921123 0 -0.02014774 -0.01986593 0 -0.01955223 -0.02039349 0 -0.01884782 -0.02076321 0 -0.0180754 -0.02095359 0 -0.01727986 -0.02095359 0 -0.01650744 -0.02076321 0 -0.01580303 -0.02039349 0 -0.01520758 -0.01986593 0 -0.01475566 -0.01921123 0 -0.01447355 -0.01846736 0 -0.01437765 -0.01767766 0.008099973 -0.01447355 -0.0168879 0.008099973 -0.01475566 -0.01614403 0.008099973 -0.01520758 -0.01548933 0.008099973 -0.01580303 -0.01496177 0.008099973 -0.01650744 -0.01459211 0.008099973 -0.01727986 -0.01440173 0.008099973 -0.0180754 -0.01440173 0.008099973 -0.01884782 -0.01459211 0.008099973 -0.01955223 -0.01496177 0.008099973 -0.02014774 -0.01548933 0.008099973 -0.02059966 -0.01614403 0.008099973 -0.02088177 -0.0168879 0.008099973 -0.02097767 -0.01767766 0.008099973 -0.01437765 -0.01767766 0 -0.01447355 -0.0168879 0 -0.01475566 -0.01614403 0 -0.01520758 -0.01548933 0 -0.01580303 -0.01496177 0 -0.01650744 -0.01459211 0 -0.01727986 -0.01440173 0 -0.0180754 -0.01440173 0 -0.01884782 -0.01459211 0 -0.01955223 -0.01496177 0 -0.02014774 -0.01548933 0 -0.02059966 -0.01614403 0 -0.02088177 -0.0168879 0 -0.02097767 -0.01767766 0 0.02097767 -0.01767766 0 0.02097767 -0.01767766 0.008099973 0.01437765 -0.01767766 0.008099973 0.01444083 -0.01831936 0.008099973 0.01462721 -0.01893663 0.008099973 0.01493048 -0.01950567 0.008099973 0.01533824 -0.02000516 0.008099973 0.01583564 -0.02041548 0.008099973 0.01640313 -0.02072161 0.008099973 0.01701945 -0.02091115 0.008099973 0.01766079 -0.02097761 0.008099973 0.01830279 -0.02091765 0.008099973 0.01892101 -0.02073442 0.008099973 0.01949161 -0.02043414 0.008099973 0.01999318 -0.02002888 0.008099973 0.02040606 -0.01953357 0.008099973 0.02071505 -0.01896768 0.008099973 0.02090775 -0.01835232 0.008099973 0.02096003 -0.01801675 0.008099973 0.01437765 -0.01767766 0 0.01447355 -0.01846736 0 0.01475566 -0.01921123 0 0.01520758 -0.01986593 0 0.01580303 -0.02039349 0 0.01650744 -0.02076321 0 0.01727986 -0.02095359 0 0.0180754 -0.02095359 0 0.01884782 -0.02076321 0 0.01955223 -0.02039349 0 0.02014774 -0.01986593 0 0.02059966 -0.01921123 0 0.02088177 -0.01846736 0 0.02097767 -0.01767766 0.008099973 0.02088177 -0.0168879 0.008099973 0.02059966 -0.01614403 0.008099973 0.02014774 -0.01548933 0.008099973 0.01955223 -0.01496177 0.008099973 0.01884782 -0.01459211 0.008099973 0.0180754 -0.01440173 0.008099973 0.01727986 -0.01440173 0.008099973 0.01650744 -0.01459211 0.008099973 0.01580303 -0.01496177 0.008099973 0.01520758 -0.01548933 0.008099973 0.01475566 -0.01614403 0.008099973 0.01447355 -0.0168879 0.008099973 0.01437765 -0.01767766 0.008099973 0.02097767 -0.01767766 0 0.02088177 -0.0168879 0 0.02059966 -0.01614403 0 0.02014774 -0.01548933 0 0.01955223 -0.01496177 0 0.01884782 -0.01459211 0 0.0180754 -0.01440173 0 0.01727986 -0.01440173 0 0.01650744 -0.01459211 0 0.01580303 -0.01496177 0 0.01520758 -0.01548933 0 0.01475566 -0.01614403 0 0.01447355 -0.0168879 0 0.01437765 -0.01767766 0 -0.01437765 0.01767766 0 -0.01437765 0.01767766 0.008099973 -0.02097767 0.01767766 0.008099973 -0.02091443 0.01703596 0.008099973 -0.02072805 0.01641869 0.008099973 -0.02042484 0.01584964 0.008099973 -0.02001702 0.01535016 0.008099973 -0.01951962 0.01493984 0.008099973 -0.01895213 0.01463371 0.008099973 -0.01833581 0.01444417 0.008099973 -0.01769447 0.01437771 0.008099973 -0.01705247 0.01443761 0.008099973 -0.01643425 0.01462084 0.008099973 -0.01586365 0.01492118 0.008099973 -0.01536208 0.01532644 0.008099973 -0.01494926 0.01582169 0.008099973 -0.01464021 0.01638764 0.008099973 -0.01444756 0.01700294 0.008099973 -0.01439523 0.01733851 0.008099973 -0.02097767 0.01767766 0 -0.02088177 0.0168879 0 -0.02059966 0.01614403 0 -0.02014774 0.01548933 0 -0.01955223 0.01496177 0 -0.01884782 0.01459211 0 -0.0180754 0.01440173 0 -0.01727986 0.01440173 0 -0.01650744 0.01459211 0 -0.01580303 0.01496177 0 -0.01520758 0.01548933 0 -0.01475566 0.01614403 0 -0.01447355 0.0168879 0 -0.01437765 0.01767766 0.008099973 -0.01447355 0.01846736 0.008099973 -0.01475566 0.01921123 0.008099973 -0.01520758 0.01986593 0.008099973 -0.01580303 0.02039349 0.008099973 -0.01650744 0.02076321 0.008099973 -0.01727986 0.02095359 0.008099973 -0.0180754 0.02095359 0.008099973 -0.01884782 0.02076321 0.008099973 -0.01955223 0.02039349 0.008099973 -0.02014774 0.01986593 0.008099973 -0.02059966 0.01921123 0.008099973 -0.02088177 0.01846736 0.008099973 -0.02097767 0.01767766 0.008099973 -0.01437765 0.01767766 0 -0.01447355 0.01846736 0 -0.01475566 0.01921123 0 -0.01520758 0.01986593 0 -0.01580303 0.02039349 0 -0.01650744 0.02076321 0 -0.01727986 0.02095359 0 -0.0180754 0.02095359 0 -0.01884782 0.02076321 0 -0.01955223 0.02039349 0 -0.02014774 0.01986593 0 -0.02059966 0.01921123 0 -0.02088177 0.01846736 0 -0.02097767 0.01767766 0 0.02097767 0.01767766 0 0.02097767 0.01767766 0.008099973 0.01437765 0.01767766 0.008099973 0.01444083 0.01703596 0.008099973 0.01462721 0.01641869 0.008099973 0.01493048 0.01584964 0.008099973 0.01533824 0.01535016 0.008099973 0.01583564 0.01493984 0.008099973 0.01640313 0.01463371 0.008099973 0.01701945 0.01444417 0.008099973 0.01766079 0.01437771 0.008099973 0.01830279 0.01443761 0.008099973 0.01892101 0.01462084 0.008099973 0.01949161 0.01492118 0.008099973 0.01999318 0.01532644 0.008099973 0.02040606 0.01582169 0.008099973 0.02071505 0.01638764 0.008099973 0.02090775 0.01700294 0.008099973 0.02096003 0.01733851 0.008099973 0.01437765 0.01767766 0 0.01447355 0.0168879 0 0.01475566 0.01614403 0 0.01520758 0.01548933 0 0.01580303 0.01496177 0 0.01650744 0.01459211 0 0.01727986 0.01440173 0 0.0180754 0.01440173 0 0.01884782 0.01459211 0 0.01955223 0.01496177 0 0.02014774 0.01548933 0 0.02059966 0.01614403 0 0.02088177 0.0168879 0 0.02097767 0.01767766 0.008099973 0.02088177 0.01846736 0.008099973 0.02059966 0.01921123 0.008099973 0.02014774 0.01986593 0.008099973 0.01955223 0.02039349 0.008099973 0.01884782 0.02076321 0.008099973 0.0180754 0.02095359 0.008099973 0.01727986 0.02095359 0.008099973 0.01650744 0.02076321 0.008099973 0.01580303 0.02039349 0.008099973 0.01520758 0.01986593 0.008099973 0.01475566 0.01921123 0.008099973 0.01447355 0.01846736 0.008099973 0.01437765 0.01767766 0.008099973 0.02097767 0.01767766 0 0.02088177 0.01846736 0 0.02059966 0.01921123 0 0.02014774 0.01986593 0 0.01955223 0.02039349 0 0.01884782 0.02076321 0 0.0180754 0.02095359 0 0.01727986 0.02095359 0 0.01650744 0.02076321 0 0.01580303 0.02039349 0 0.01520758 0.01986593 0 0.01475566 0.01921123 0 0.01447355 0.01846736 0 0.01437765 0.01767766 0 -0.02199995 -0.005999982 0.005399942 -0.02199995 -0.005999982 0 -0.01199996 -0.005999982 0 -0.01213544 -0.007155835 0 -0.01253437 -0.008249104 0 -0.01301693 -0.009022474 0 -0.01360392 -0.009669661 0 -0.01429456 -0.01020479 0 -0.01506775 -0.01061153 0 -0.01590001 -0.01087749 0 -0.01676589 -0.01099449 0 -0.01763886 -0.01095896 0 -0.01849228 -0.01077204 0 -0.01930022 -0.01043945 0 -0.02003788 -0.009971261 0 -0.02068281 -0.00938183 0 -0.02121526 -0.008689105 0 -0.02161902 -0.007914304 0 -0.02188169 -0.007081031 0 -0.02197033 -0.006543755 0 -0.01199996 -0.005999982 0.005399942 -0.01213425 -0.00715059 0.005399942 -0.01252985 -0.008239984 0.005399942 -0.01316487 -0.009207963 0.005399942 -0.01400661 -0.01000487 0.005399942 -0.01500833 -0.01058614 0.005399942 -0.01611733 -0.01092135 0.005399942 -0.01727408 -0.01099246 0.005399942 -0.01841497 -0.01079547 0.005399942 -0.0194813 -0.01034075 0.005399942 -0.02041327 -0.009653627 0.005399942 -0.02116256 -0.00876975 0.005399942 -0.02168846 -0.007737159 0.005399942 -0.02192133 -0.006883084 0.005399942 -0.02199995 -0.005999982 0 -0.02186453 -0.004844129 0 -0.02146553 -0.00375086 0 -0.02098298 -0.00297749 0 -0.02039605 -0.002330303 0 -0.01970541 -0.001795113 0 -0.01893216 -0.00138837 0 -0.0180999 -0.001122474 0 -0.01723408 -0.00100547 0 -0.01636111 -0.001040935 0 -0.01550763 -0.001227855 0 -0.01469975 -0.001560509 0 -0.01396209 -0.002028703 0 -0.01331716 -0.002618134 0 -0.01278471 -0.003310859 0 -0.01238095 -0.004085659 0 -0.01211822 -0.004918873 0 -0.01202964 -0.005456209 0 -0.01199996 -0.005999982 0 -0.02199995 -0.005999982 0.005399942 -0.02185469 -0.004803419 0.005399942 -0.02142727 -0.003676354 0.005399942 -0.02074253 -0.002684354 0.005399942 -0.0198403 -0.001885056 0.005399942 -0.01877301 -0.001324892 0.005399942 -0.01760268 -0.001036405 0.005399942 -0.01639729 -0.001036405 0.005399942 -0.01522696 -0.001324892 0.005399942 -0.01415967 -0.001885056 0.005399942 -0.01325744 -0.002684354 0.005399942 -0.0125727 -0.003676354 0.005399942 -0.01214528 -0.004803419 0.005399942 -0.01199996 -0.005999982 0.005399942 0.01199996 -0.005999982 0.005399942 0.01199996 -0.005999982 0 0.02199995 -0.005999982 0 0.02186453 -0.007155835 0 0.02146553 -0.008249104 0 0.02098298 -0.009022474 0 0.02039605 -0.009669661 0 0.01970541 -0.01020479 0 0.01893216 -0.01061153 0 0.0180999 -0.01087749 0 0.01723408 -0.01099449 0 0.01636111 -0.01095896 0 0.01550763 -0.01077204 0 0.01469975 -0.01043945 0 0.01396209 -0.009971261 0 0.01331716 -0.00938183 0 0.01278471 -0.008689105 0 0.01238095 -0.007914304 0 0.01211822 -0.007081031 0 0.01202964 -0.006543755 0 0.02199995 -0.005999982 0.005399942 0.02186566 -0.00715059 0.005399942 0.02147012 -0.008239984 0.005399942 0.0208351 -0.009207963 0.005399942 0.0199933 -0.01000487 0.005399942 0.01899164 -0.01058614 0.005399942 0.01788264 -0.01092135 0.005399942 0.01672583 -0.01099246 0.005399942 0.01558494 -0.01079547 0.005399942 0.01451867 -0.01034075 0.005399942 0.01358669 -0.009653627 0.005399942 0.0128374 -0.00876975 0.005399942 0.01231145 -0.007737159 0.005399942 0.01207858 -0.006883084 0.005399942 0.01199996 -0.005999982 0 0.01213544 -0.004844129 0 0.01253437 -0.00375086 0 0.01301693 -0.00297749 0 0.01360392 -0.002330303 0 0.01429456 -0.001795113 0 0.01506775 -0.00138837 0 0.01590001 -0.001122474 0 0.01676589 -0.00100547 0 0.01763886 -0.001040935 0 0.01849228 -0.001227855 0 0.01930022 -0.001560509 0 0.02003788 -0.002028703 0 0.02068281 -0.002618134 0 0.02121526 -0.003310859 0 0.02161902 -0.004085659 0 0.02188169 -0.004918873 0 0.02197033 -0.005456209 0 0.02199995 -0.005999982 0 0.01199996 -0.005999982 0.005399942 0.01214528 -0.004803419 0.005399942 0.0125727 -0.003676354 0.005399942 0.01325744 -0.002684354 0.005399942 0.01415967 -0.001885056 0.005399942 0.01522696 -0.001324892 0.005399942 0.01639729 -0.001036405 0.005399942 0.01760268 -0.001036405 0.005399942 0.01877301 -0.001324892 0.005399942 0.0198403 -0.001885056 0.005399942 0.02074253 -0.002684354 0.005399942 0.02142727 -0.003676354 0.005399942 0.02185469 -0.004803419 0.005399942 0.02199995 -0.005999982 0.005399942 -0.03299999 -0.005999982 0.01499998 -0.03299999 -0.005999982 0 -0.02699995 -0.005999982 0 -0.02706372 -0.006615281 0 -0.02725237 -0.007204413 0 -0.02752685 -0.007698059 0 -0.0278542 -0.008096575 0 -0.02824503 -0.008433103 0 -0.02868771 -0.008697748 0 -0.0291692 -0.008882641 0 -0.02967524 -0.00898236 0 -0.03019082 -0.008993864 0 -0.0307008 -0.008916974 0 -0.03119009 -0.008753776 0 -0.03164416 -0.008509278 0 -0.03204965 -0.008190572 0 -0.03239458 -0.007807135 0 -0.03266876 -0.007370233 0 -0.03286403 -0.006892919 0 -0.03296577 -0.006451606 0 -0.02699995 -0.005999982 0.01499998 -0.02708715 -0.00671792 0.01499998 -0.02734363 -0.007394134 0.01499998 -0.02775442 -0.007989346 0.01499998 -0.02829575 -0.008468925 0.01499998 -0.02893614 -0.008805036 0.01499998 -0.02963835 -0.008978068 0.01499998 -0.03036159 -0.008978068 0.01499998 -0.03106379 -0.008805036 0.01499998 -0.03170418 -0.008468925 0.01499998 -0.03224551 -0.007989346 0.01499998 -0.03265637 -0.007394134 0.01499998 -0.03291279 -0.00671792 0.01499998 -0.03299999 -0.005999982 0 -0.03293621 -0.005384683 0 -0.03274756 -0.004795551 0 -0.03247314 -0.004301846 0 -0.03214573 -0.003903388 0 -0.03175491 -0.003566801 0 -0.03131222 -0.003302216 0 -0.03083074 -0.003117322 0 -0.03032469 -0.003017604 0 -0.02980911 -0.003006041 0 -0.02929913 -0.00308299 0 -0.02880984 -0.003246128 0 -0.02835577 -0.003490686 0 -0.02795028 -0.003809392 0 -0.02760535 -0.004192829 0 -0.02733123 -0.004629671 0 -0.02713596 -0.005107045 0 -0.02703416 -0.005548357 0 -0.02699995 -0.005999982 0 -0.03299999 -0.005999982 0.01499998 -0.03291279 -0.005282044 0.01499998 -0.03265637 -0.004605829 0.01499998 -0.03224551 -0.004010617 0.01499998 -0.03170418 -0.003531038 0.01499998 -0.03106379 -0.003194928 0.01499998 -0.03036159 -0.003021836 0.01499998 -0.02963835 -0.003021836 0.01499998 -0.02893614 -0.003194928 0.01499998 -0.02829575 -0.003531038 0.01499998 -0.02775442 -0.004010617 0.01499998 -0.02734363 -0.004605829 0.01499998 -0.02708715 -0.005282044 0.01499998 -0.02699995 -0.005999982 0.01499998 0.02699995 -0.005999982 0.01499998 0.02699995 -0.005999982 0 0.03299999 -0.005999982 0 0.03293621 -0.006615281 0 0.03274756 -0.007204413 0 0.03247314 -0.007698059 0 0.03214573 -0.008096575 0 0.03175491 -0.008433103 0 0.03131222 -0.008697748 0 0.03083074 -0.008882641 0 0.03032469 -0.00898236 0 0.02980911 -0.008993864 0 0.02929913 -0.008916974 0 0.02880984 -0.008753776 0 0.02835577 -0.008509278 0 0.02795028 -0.008190572 0 0.02760535 -0.007807135 0 0.02733123 -0.007370233 0 0.02713596 -0.006892919 0 0.02703416 -0.006451606 0 0.03299999 -0.005999982 0.01499998 0.03291279 -0.00671792 0.01499998 0.03265637 -0.007394134 0.01499998 0.03224551 -0.007989346 0.01499998 0.03170418 -0.008468925 0.01499998 0.03106379 -0.008805036 0.01499998 0.03036159 -0.008978068 0.01499998 0.02963835 -0.008978068 0.01499998 0.02893614 -0.008805036 0.01499998 0.02829575 -0.008468925 0.01499998 0.02775442 -0.007989346 0.01499998 0.02734363 -0.007394134 0.01499998 0.02708715 -0.00671792 0.01499998 0.02699995 -0.005999982 0 0.02706372 -0.005384683 0 0.02725237 -0.004795551 0 0.02752685 -0.004301846 0 0.0278542 -0.003903388 0 0.02824503 -0.003566801 0 0.02868771 -0.003302216 0 0.0291692 -0.003117322 0 0.02967524 -0.003017604 0 0.03019082 -0.003006041 0 0.0307008 -0.00308299 0 0.03119009 -0.003246128 0 0.03164416 -0.003490686 0 0.03204965 -0.003809392 0 0.03239458 -0.004192829 0 0.03266876 -0.004629671 0 0.03286403 -0.005107045 0 0.03296577 -0.005548357 0 0.03299999 -0.005999982 0 0.02699995 -0.005999982 0.01499998 0.02708715 -0.005282044 0.01499998 0.02734363 -0.004605829 0.01499998 0.02775442 -0.004010617 0.01499998 0.02829575 -0.003531038 0.01499998 0.02893614 -0.003194928 0.01499998 0.02963835 -0.003021836 0.01499998 0.03036159 -0.003021836 0.01499998 0.03106379 -0.003194928 0.01499998 0.03170418 -0.003531038 0.01499998 0.03224551 -0.004010617 0.01499998 0.03265637 -0.004605829 0.01499998 0.03291279 -0.005282044 0.01499998 0.03299999 -0.005999982 0.01499998 -0.004999995 0.01499998 0.005399942 -0.004999995 0.01499998 0 0.004999995 0.01499998 0 0.004864513 0.01384413 0 0.004465579 0.01275086 0 0.003982961 0.01197749 0 0.003396034 0.0113303 0 0.002705395 0.01079511 0 0.001932144 0.01038837 0 0.001099944 0.01012247 0 2.3411e-4 0.01000547 0 -6.38856e-4 0.01004093 0 -0.001492321 0.01022785 0 -0.002300202 0.01056051 0 -0.003037869 0.0110287 0 -0.003682792 0.01161813 0 -0.00421524 0.01231086 0 -0.004619002 0.01308566 0 -0.00488168 0.01391887 0 -0.004970312 0.01445621 0 0.004999995 0.01499998 0.005399942 0.004865646 0.01384937 0.005399942 0.004470109 0.01275998 0.005399942 0.003835082 0.01179194 0.005399942 0.002993285 0.01099509 0.005399942 0.001991629 0.01041382 0.005399942 8.82653e-4 0.0100786 0.005399942 -2.74115e-4 0.0100075 0.005399942 -0.001414954 0.01020449 0.005399942 -0.002481281 0.01065921 0.005399942 -0.003413259 0.01134634 0.005399942 -0.004162549 0.01223021 0.005399942 -0.004688501 0.0132628 0.005399942 -0.004921376 0.01411688 0.005399942 -0.004999995 0.01499998 0 -0.004864513 0.01615583 0 -0.004465579 0.0172491 0 -0.003982961 0.01802247 0 -0.003396034 0.01866966 0 -0.002705395 0.01920479 0 -0.001932144 0.01961153 0 -0.001099944 0.01987749 0 -2.3411e-4 0.01999449 0 6.38856e-4 0.01995897 0 0.001492321 0.01977205 0 0.002300202 0.01943945 0 0.003037869 0.01897126 0 0.003682792 0.01838183 0 0.00421524 0.0176891 0 0.004619002 0.0169143 0 0.00488168 0.01608103 0 0.004970312 0.01554375 0 0.004999995 0.01499998 0 -0.004999995 0.01499998 0.005399942 -0.004854679 0.01619654 0.005399942 -0.004427254 0.01732361 0.005399942 -0.003742516 0.01831561 0.005399942 -0.00284028 0.01911491 0.005399942 -0.001772999 0.01967507 0.005399942 -6.02683e-4 0.0199635 0.005399942 6.02683e-4 0.0199635 0.005399942 0.001772999 0.01967507 0.005399942 0.00284028 0.01911491 0.005399942 0.003742516 0.01831561 0.005399942 0.004427254 0.01732361 0.005399942 0.004854679 0.01619654 0.005399942 0.004999995 0.01499998 0.005399942 -0.004999995 0.03399997 0.005399942 -0.004999995 0.03399997 0 0.004999995 0.03399997 0 0.004864513 0.03284412 0 0.004465579 0.03175085 0 0.003982961 0.03097748 0 0.003396034 0.0303303 0 0.002705395 0.02979516 0 0.001932144 0.02938842 0 0.001099944 0.02912247 0 2.3411e-4 0.02900546 0 -6.38856e-4 0.02904093 0 -0.001492321 0.02922785 0 -0.002300202 0.0295605 0 -0.003037869 0.0300287 0 -0.003682792 0.03061813 0 -0.00421524 0.03131085 0 -0.004619002 0.03208565 0 -0.00488168 0.03291887 0 -0.004970312 0.0334562 0 0.004999995 0.03399997 0.005399942 0.004865646 0.03284937 0.005399942 0.004470109 0.03175997 0.005399942 0.003835082 0.03079199 0.005399942 0.002993285 0.02999508 0.005399942 0.001991629 0.02941381 0.005399942 8.82653e-4 0.0290786 0.005399942 -2.74115e-4 0.02900749 0.005399942 -0.001414954 0.02920448 0.005399942 -0.002481281 0.02965921 0.005399942 -0.003413259 0.03034633 0.005399942 -0.004162549 0.03123021 0.005399942 -0.004688501 0.0322628 0.005399942 -0.004921376 0.03311687 0.005399942 -0.004999995 0.03399997 0 -0.004864513 0.03515583 0 -0.004465579 0.0362491 0 -0.003982961 0.03702247 0 -0.003396034 0.03766965 0 -0.002705395 0.03820478 0 -0.001932144 0.03861153 0 -0.001099944 0.03887748 0 -2.3411e-4 0.03899449 0 6.38856e-4 0.03895896 0 0.001492321 0.03877204 0 0.002300202 0.03843945 0 0.003037869 0.03797125 0 0.003682792 0.03738182 0 0.00421524 0.0366891 0 0.004619002 0.0359143 0 0.00488168 0.03508102 0 0.004970312 0.03454375 0 0.004999995 0.03399997 0 -0.004999995 0.03399997 0.005399942 -0.004854679 0.03519654 0.005399942 -0.004427254 0.0363236 0.005399942 -0.003742516 0.0373156 0.005399942 -0.00284028 0.0381149 0.005399942 -0.001772999 0.03867506 0.005399942 -6.02683e-4 0.03896349 0.005399942 6.02683e-4 0.03896349 0.005399942 0.001772999 0.03867506 0.005399942 0.00284028 0.0381149 0.005399942 0.003742516 0.0373156 0.005399942 0.004427254 0.0363236 0.005399942 0.004854679 0.03519654 0.005399942 0.004999995 0.03399997 0.005399942 -0.002999961 -0.02499997 0.004999995 -0.002999961 -0.02499997 0 0.002999961 -0.02499997 0 0.002936184 -0.02561527 0 0.002747595 -0.0262044 0 0.002473115 -0.02669805 0 0.002145707 -0.02709656 0 0.001754879 -0.02743315 0 0.001312196 -0.02769774 0 8.30775e-4 -0.02788263 0 3.24745e-4 -0.02798235 0 -1.90878e-4 -0.02799391 0 -7.0085e-4 -0.02791696 0 -0.001190066 -0.02775382 0 -0.001644194 -0.02750927 0 -0.002049684 -0.02719056 0 -0.002394616 -0.02680712 0 -0.002668738 -0.02637028 0 -0.002864003 -0.02589291 0 -0.002965807 -0.0254516 0 0.002999961 -0.02499997 0.004999995 0.002912819 -0.02571791 0.004999995 0.00265634 -0.02639412 0.004999995 0.002245485 -0.02698934 0.004999995 0.001704156 -0.02746891 0.004999995 0.001063764 -0.02780503 0.004999995 3.6161e-4 -0.02797812 0.004999995 -3.6161e-4 -0.02797812 0.004999995 -0.001063764 -0.02780503 0.004999995 -0.001704156 -0.02746891 0.004999995 -0.002245485 -0.02698934 0.004999995 -0.00265634 -0.02639412 0.004999995 -0.002912819 -0.02571791 0.004999995 -0.002999961 -0.02499997 0 -0.002936184 -0.02438467 0 -0.002747595 -0.02379554 0 -0.002473115 -0.02330189 0 -0.002145707 -0.02290338 0 -0.001754879 -0.02256679 0 -0.001312196 -0.02230221 0 -8.30775e-4 -0.02211731 0 -3.24745e-4 -0.02201759 0 1.90878e-4 -0.02200603 0 7.0085e-4 -0.02208298 0 0.001190066 -0.02224612 0 0.001644194 -0.02249068 0 0.002049684 -0.02280938 0 0.002394616 -0.02319282 0 0.002668738 -0.02362972 0 0.002864003 -0.02410703 0 0.002965807 -0.02454835 0 0.002999961 -0.02499997 0 -0.002999961 -0.02499997 0.004999995 -0.002912819 -0.02428203 0.004999995 -0.00265634 -0.02360582 0.004999995 -0.002245485 -0.02301061 0.004999995 -0.001704156 -0.02253103 0.004999995 -0.001063764 -0.02219492 0.004999995 -3.6161e-4 -0.02202183 0.004999995 3.6161e-4 -0.02202183 0.004999995 0.001063764 -0.02219492 0.004999995 0.001704156 -0.02253103 0.004999995 0.002245485 -0.02301061 0.004999995 0.00265634 -0.02360582 0.004999995 0.002912819 -0.02428203 0.004999995 0.002999961 -0.02499997 0.004999995 0.02199995 0 0.004999995 0.02199995 0 0 0.02799999 0 0 0.02793622 -6.15287e-4 0 0.02774757 -0.001204371 0 0.02747315 -0.001698076 0 0.02714574 -0.002096593 0 0.02675491 -0.002433121 0 0.02631223 -0.002697765 0 0.02583074 -0.002882659 0 0.0253247 -0.002982318 0 0.02480912 -0.002993881 0 0.02429914 -0.002916932 0 0.02380985 -0.002753794 0 0.02335578 -0.002509236 0 0.02295029 -0.002190589 0 0.02260535 -0.001807093 0 0.02233123 -0.001370251 0 0.02213597 -8.92928e-4 0 0.02203416 -4.5161e-4 0 0.02799999 0 0.004999995 0.02791279 -7.17947e-4 0.004999995 0.02765631 -0.001394152 0.004999995 0.02724552 -0.001989364 0.004999995 0.02670419 -0.002468943 0.004999995 0.02606379 -0.002804994 0.004999995 0.02536159 -0.002978086 0.004999995 0.02463835 -0.002978086 0.004999995 0.02393615 -0.002804994 0.004999995 0.02329576 -0.002468943 0.004999995 0.02275443 -0.001989364 0.004999995 0.02234363 -0.001394152 0.004999995 0.02208715 -7.17947e-4 0.004999995 0.02199995 0 0 0.02206373 6.15287e-4 0 0.02225238 0.001204371 0 0.02252686 0.001698076 0 0.0228542 0.002096593 0 0.02324503 0.002433121 0 0.02368772 0.002697765 0 0.0241692 0.002882659 0 0.02467525 0.002982318 0 0.02519083 0.002993881 0 0.0257008 0.002916932 0 0.0261901 0.002753794 0 0.02664417 0.002509236 0 0.02704966 0.002190589 0 0.02739459 0.001807093 0 0.02766871 0.001370251 0 0.02786397 8.92928e-4 0 0.02796578 4.5161e-4 0 0.02799999 0 0 0.02199995 0 0.004999995 0.02208715 7.17947e-4 0.004999995 0.02234363 0.001394152 0.004999995 0.02275443 0.001989364 0.004999995 0.02329576 0.002468943 0.004999995 0.02393615 0.002804994 0.004999995 0.02463835 0.002978086 0.004999995 0.02536159 0.002978086 0.004999995 0.02606379 0.002804994 0.004999995 0.02670419 0.002468943 0.004999995 0.02724552 0.001989364 0.004999995 0.02765631 0.001394152 0.004999995 0.02791279 7.17947e-4 0.004999995 0.02799999 0 0.004999995 -0.002999961 0.02499997 0.004999995 -0.002999961 0.02499997 0 0.002999961 0.02499997 0 0.002936184 0.02438467 0 0.002747595 0.02379554 0 0.002473115 0.02330189 0 0.002145707 0.02290338 0 0.001754879 0.02256679 0 0.001312196 0.02230221 0 8.30775e-4 0.02211731 0 3.24745e-4 0.02201759 0 -1.90878e-4 0.02200603 0 -7.0085e-4 0.02208298 0 -0.001190066 0.02224612 0 -0.001644194 0.02249068 0 -0.002049684 0.02280938 0 -0.002394616 0.02319282 0 -0.002668738 0.02362972 0 -0.002864003 0.02410703 0 -0.002965807 0.02454835 0 0.002999961 0.02499997 0.004999995 0.002912819 0.02428203 0.004999995 0.00265634 0.02360582 0.004999995 0.002245485 0.02301061 0.004999995 0.001704156 0.02253103 0.004999995 0.001063764 0.02219492 0.004999995 3.6161e-4 0.02202183 0.004999995 -3.6161e-4 0.02202183 0.004999995 -0.001063764 0.02219492 0.004999995 -0.001704156 0.02253103 0.004999995 -0.002245485 0.02301061 0.004999995 -0.00265634 0.02360582 0.004999995 -0.002912819 0.02428203 0.004999995 -0.002999961 0.02499997 0 -0.002936184 0.02561527 0 -0.002747595 0.0262044 0 -0.002473115 0.02669805 0 -0.002145707 0.02709656 0 -0.001754879 0.02743315 0 -0.001312196 0.02769774 0 -8.30775e-4 0.02788263 0 -3.24745e-4 0.02798235 0 1.90878e-4 0.02799391 0 7.0085e-4 0.02791696 0 0.001190066 0.02775382 0 0.001644194 0.02750927 0 0.002049684 0.02719056 0 0.002394616 0.02680712 0 0.002668738 0.02637028 0 0.002864003 0.02589291 0 0.002965807 0.0254516 0 0.002999961 0.02499997 0 -0.002999961 0.02499997 0.004999995 -0.002912819 0.02571791 0.004999995 -0.00265634 0.02639412 0.004999995 -0.002245485 0.02698934 0.004999995 -0.001704156 0.02746891 0.004999995 -0.001063764 0.02780503 0.004999995 -3.6161e-4 0.02797812 0.004999995 3.6161e-4 0.02797812 0.004999995 0.001063764 0.02780503 0.004999995 0.001704156 0.02746891 0.004999995 0.002245485 0.02698934 0.004999995 0.00265634 0.02639412 0.004999995 0.002912819 0.02571791 0.004999995 0.002999961 0.02499997 0.004999995 -0.02799999 0 0.004999995 -0.02799999 0 0 -0.02199995 0 0 -0.02206373 -6.15287e-4 0 -0.02225238 -0.001204371 0 -0.02252686 -0.001698076 0 -0.0228542 -0.002096593 0 -0.02324503 -0.002433121 0 -0.02368772 -0.002697765 0 -0.0241692 -0.002882659 0 -0.02467525 -0.002982318 0 -0.02519083 -0.002993881 0 -0.0257008 -0.002916932 0 -0.0261901 -0.002753794 0 -0.02664417 -0.002509236 0 -0.02704966 -0.002190589 0 -0.02739459 -0.001807093 0 -0.02766871 -0.001370251 0 -0.02786397 -8.92928e-4 0 -0.02796578 -4.5161e-4 0 -0.02199995 0 0.004999995 -0.02208715 -7.17947e-4 0.004999995 -0.02234363 -0.001394152 0.004999995 -0.02275443 -0.001989364 0.004999995 -0.02329576 -0.002468943 0.004999995 -0.02393615 -0.002804994 0.004999995 -0.02463835 -0.002978086 0.004999995 -0.02536159 -0.002978086 0.004999995 -0.02606379 -0.002804994 0.004999995 -0.02670419 -0.002468943 0.004999995 -0.02724552 -0.001989364 0.004999995 -0.02765631 -0.001394152 0.004999995 -0.02791279 -7.17947e-4 0.004999995 -0.02799999 0 0 -0.02793622 6.15287e-4 0 -0.02774757 0.001204371 0 -0.02747315 0.001698076 0 -0.02714574 0.002096593 0 -0.02675491 0.002433121 0 -0.02631223 0.002697765 0 -0.02583074 0.002882659 0 -0.0253247 0.002982318 0 -0.02480912 0.002993881 0 -0.02429914 0.002916932 0 -0.02380985 0.002753794 0 -0.02335578 0.002509236 0 -0.02295029 0.002190589 0 -0.02260535 0.001807093 0 -0.02233123 0.001370251 0 -0.02213597 8.92928e-4 0 -0.02203416 4.5161e-4 0 -0.02199995 0 0 -0.02799999 0 0.004999995 -0.02791279 7.17947e-4 0.004999995 -0.02765631 0.001394152 0.004999995 -0.02724552 0.001989364 0.004999995 -0.02670419 0.002468943 0.004999995 -0.02606379 0.002804994 0.004999995 -0.02536159 0.002978086 0.004999995 -0.02463835 0.002978086 0.004999995 -0.02393615 0.002804994 0.004999995 -0.02329576 0.002468943 0.004999995 -0.02275443 0.001989364 0.004999995 -0.02234363 0.001394152 0.004999995 -0.02208715 7.17947e-4 0.004999995 -0.02199995 0 0.004999995 -0.04299998 0 0.00999999 -0.04274791 0.004649102 0.00999999 -0.04199463 0.009243726 0.00999999 -0.04074907 0.01372992 0.00999999 -0.03902572 0.0180552 0.00999999 -0.03684484 0.02216881 0.00999999 -0.03423196 0.02602249 0.00999999 -0.03121775 0.02957105 0.00999999 -0.02783757 0.03277295 0.00999999 -0.024131 0.03559058 0.00999999 -0.02014154 0.03799098 0.00999999 -0.01591593 0.03994596 0.00999999 -0.01150369 0.04143261 0.00999999 -0.006956577 0.0424335 0.00999999 -0.002327919 0.04293692 0.00999999 0.002327919 0.04293692 0.00999999 0.006956577 0.0424335 0.00999999 0.01150369 0.04143261 0.00999999 0.01591593 0.03994596 0.00999999 0.02014154 0.03799098 0.00999999 0.024131 0.03559058 0.00999999 0.02783757 0.03277295 0.00999999 0.03121775 0.02957105 0.00999999 0.03423196 0.02602249 0.00999999 0.03684484 0.02216881 0.00999999 0.03902572 0.0180552 0.00999999 0.04074907 0.01372992 0.00999999 0.04199463 0.009243726 0.00999999 0.04274791 0.004649102 0.00999999 0.04299998 0 0.00999999 0.04299998 0 0 0.04274791 0.004649102 0 0.04199463 0.009243726 0 0.04074907 0.01372992 0 0.03902572 0.0180552 0 0.03684484 0.02216881 0 0.03423196 0.02602249 0 0.03121775 0.02957105 0 0.02783757 0.03277295 0 0.024131 0.03559058 0 0.02014154 0.03799098 0 0.01591593 0.03994596 0 0.01150369 0.04143261 0 0.006956577 0.0424335 0 0.002327919 0.04293692 0 -0.002327919 0.04293692 0 -0.006956577 0.0424335 0 -0.01150369 0.04143261 0 -0.01591593 0.03994596 0 -0.02014154 0.03799098 0 -0.024131 0.03559058 0 -0.02783757 0.03277295 0 -0.03121775 0.02957105 0 -0.03423196 0.02602249 0 -0.03684484 0.02216881 0 -0.03902572 0.0180552 0 -0.04074907 0.01372992 0 -0.04199463 0.009243726 0 -0.04274791 0.004649102 0 -0.04299998 0 0 0.04299998 0 0.00999999 0.04299998 0 0 0.04274791 -0.004649102 0.00999999 0.04199463 -0.009243726 0.00999999 0.04074907 -0.01372992 0.00999999 0.03902572 -0.0180552 0.00999999 0.03684484 -0.02216881 0.00999999 0.03423196 -0.02602249 0.00999999 0.03121775 -0.02957105 0.00999999 0.02783757 -0.03277295 0.00999999 0.024131 -0.03559058 0.00999999 0.02014154 -0.03799098 0.00999999 0.01591593 -0.03994596 0.00999999 0.01150369 -0.04143261 0.00999999 0.006956577 -0.0424335 0.00999999 0.002327919 -0.04293692 0.00999999 -0.002327919 -0.04293692 0.00999999 -0.006956577 -0.0424335 0.00999999 -0.01150369 -0.04143261 0.00999999 -0.01591593 -0.03994596 0.00999999 -0.02014154 -0.03799098 0.00999999 -0.024131 -0.03559058 0.00999999 -0.02783757 -0.03277295 0.00999999 -0.03121775 -0.02957105 0.00999999 -0.03423196 -0.02602249 0.00999999 -0.03684484 -0.02216881 0.00999999 -0.03902572 -0.0180552 0.00999999 -0.04074907 -0.01372992 0.00999999 -0.04199463 -0.009243726 0.00999999 -0.04274791 -0.004649102 0.00999999 -0.04299998 0 0.00999999 -0.04299998 0 0 -0.04274791 -0.004649102 0 -0.04199463 -0.009243726 0 -0.04074907 -0.01372992 0 -0.03902572 -0.0180552 0 -0.03684484 -0.02216881 0 -0.03423196 -0.02602249 0 -0.03121775 -0.02957105 0 -0.02783757 -0.03277295 0 -0.024131 -0.03559058 0 -0.02014154 -0.03799098 0 -0.01591593 -0.03994596 0 -0.01150369 -0.04143261 0 -0.006956577 -0.0424335 0 -0.002327919 -0.04293692 0 0.002327919 -0.04293692 0 0.006956577 -0.0424335 0 0.01150369 -0.04143261 0 0.01591593 -0.03994596 0 0.02014154 -0.03799098 0 0.024131 -0.03559058 0 0.02783757 -0.03277295 0 0.03121775 -0.02957105 0 0.03423196 -0.02602249 0 0.03684484 -0.02216881 0 0.03902572 -0.0180552 0 0.04074907 -0.01372992 0 0.04199463 -0.009243726 0 0.04274791 -0.004649102 0 -0.007999956 0 -0.002999961 -0.007999956 0 -5e-4 -0.007767498 -0.001914501 -0.002999961 -0.007083594 -0.00371778 -0.002999961 -0.005988061 -0.005304932 -0.002999961 -0.004544496 -0.006583869 -0.002999961 -0.002836823 -0.007480084 -0.002999961 -9.64293e-4 -0.007941663 -0.002999961 9.64293e-4 -0.007941663 -0.002999961 0.002836823 -0.007480084 -0.002999961 0.004544496 -0.006583869 -0.002999961 0.005988061 -0.005304932 -0.002999961 0.007083594 -0.00371778 -0.002999961 0.007767498 -0.001914501 -0.002999961 0.007999956 0 -0.002999961 0.007999956 0 -5e-4 0.007767498 -0.001914501 -5e-4 0.007083594 -0.00371778 -5e-4 0.005988061 -0.005304932 -5e-4 0.004544496 -0.006583869 -5e-4 0.002836823 -0.007480084 -5e-4 9.64293e-4 -0.007941663 -5e-4 -9.64293e-4 -0.007941663 -5e-4 -0.002836823 -0.007480084 -5e-4 -0.004544496 -0.006583869 -5e-4 -0.005988061 -0.005304932 -5e-4 -0.007083594 -0.00371778 -5e-4 -0.007767498 -0.001914501 -5e-4 -0.007999956 0 -5e-4 -0.007767498 0.001914501 -5e-4 -0.007083594 0.00371778 -5e-4 -0.005988061 0.005304932 -5e-4 -0.004544496 0.006583869 -5e-4 -0.002836823 0.007480084 -5e-4 -9.64293e-4 0.007941663 -5e-4 9.64293e-4 0.007941663 -5e-4 0.002836823 0.007480084 -5e-4 0.004544496 0.006583869 -5e-4 0.005988061 0.005304932 -5e-4 0.007083594 0.00371778 -5e-4 0.007767498 0.001914501 -5e-4 0.007999956 0 -5e-4 0.008499979 0 0 0.008388698 0 -1.2536e-5 0.008283019 0 -4.95156e-5 0.008188247 0 -1.09084e-4 0.008109033 0 -1.88255e-4 0.008049488 0 -2.83058e-4 0.008012533 0 -3.8874e-4 0.008252978 0.002034127 0 0.007526338 0.003950119 0 0.006362318 0.005636513 0 0.004828512 0.00699532 0 0.003014087 0.007947623 0 0.001024544 0.008437991 0 -0.001024544 0.008437991 0 -0.003014087 0.007947623 0 -0.004828512 0.00699532 0 -0.006362318 0.005636513 0 -0.007526338 0.003950119 0 -0.008252978 0.002034127 0 -0.008499979 0 0 -0.008388698 0 -1.2536e-5 -0.008283019 0 -4.95156e-5 -0.008188247 0 -1.09084e-4 -0.008109033 0 -1.88255e-4 -0.008049488 0 -2.83058e-4 -0.008012533 0 -3.8874e-4 0.008144974 0.002007544 -1.2536e-5 0.008042335 0.001982212 -4.95156e-5 0.007950305 0.001959562 -1.09084e-4 0.007873415 0.001940608 -1.88255e-4 0.007815599 0.001926362 -2.83058e-4 0.007779657 0.001917481 -3.8874e-4 0.007427811 0.003898441 -1.2536e-5 0.007334232 0.003849327 -4.95156e-5 0.007250308 0.00380522 -1.09084e-4 0.007180213 0.003768444 -1.88255e-4 0.007127463 0.003740787 -2.83058e-4 0.00709474 0.003723561 -3.8874e-4 0.006279051 0.005562722 -1.2536e-5 0.006199955 0.005492627 -4.95156e-5 0.006128966 0.005429804 -1.09084e-4 0.006069719 0.005377292 -1.88255e-4 0.006025135 0.005337774 -2.83058e-4 0.005997419 0.005313277 -3.8874e-4 0.004765331 0.006903767 -1.2536e-5 0.004705309 0.006816804 -4.95156e-5 0.004651427 0.006738781 -1.09084e-4 0.004606485 0.006673634 -1.88255e-4 0.004572629 0.006624579 -2.83058e-4 0.004551589 0.006594181 -3.8874e-4 0.002974629 0.007843554 -1.2536e-5 0.002937197 0.007744789 -4.95156e-5 0.00290358 0.007656097 -1.09084e-4 0.002875506 0.007582068 -1.88255e-4 0.002854347 0.007526397 -2.83058e-4 0.002841234 0.007491827 -3.8874e-4 0.001011133 0.008327543 -1.2536e-5 9.98412e-4 0.008222639 -4.95156e-5 9.86985e-4 0.008128523 -1.09084e-4 9.77442e-4 0.008049905 -1.88255e-4 9.70262e-4 0.007990777 -2.83058e-4 9.65804e-4 0.007954061 -3.8874e-4 -0.001011133 0.008327543 -1.2536e-5 -9.98412e-4 0.008222639 -4.95156e-5 -9.86985e-4 0.008128523 -1.09084e-4 -9.77442e-4 0.008049905 -1.88255e-4 -9.70262e-4 0.007990777 -2.83058e-4 -9.65804e-4 0.007954061 -3.8874e-4 -0.002974629 0.007843554 -1.2536e-5 -0.002937197 0.007744789 -4.95156e-5 -0.00290358 0.007656097 -1.09084e-4 -0.002875506 0.007582068 -1.88255e-4 -0.002854347 0.007526397 -2.83058e-4 -0.002841234 0.007491827 -3.8874e-4 -0.004765331 0.006903767 -1.2536e-5 -0.004705309 0.006816804 -4.95156e-5 -0.004651427 0.006738781 -1.09084e-4 -0.004606485 0.006673634 -1.88255e-4 -0.004572629 0.006624579 -2.83058e-4 -0.004551589 0.006594181 -3.8874e-4 -0.006279051 0.005562722 -1.2536e-5 -0.006199955 0.005492627 -4.95156e-5 -0.006128966 0.005429804 -1.09084e-4 -0.006069719 0.005377292 -1.88255e-4 -0.006025135 0.005337774 -2.83058e-4 -0.005997419 0.005313277 -3.8874e-4 -0.007427811 0.003898441 -1.2536e-5 -0.007334232 0.003849327 -4.95156e-5 -0.007250308 0.00380522 -1.09084e-4 -0.007180213 0.003768444 -1.88255e-4 -0.007127463 0.003740787 -2.83058e-4 -0.00709474 0.003723561 -3.8874e-4 -0.008144974 0.002007544 -1.2536e-5 -0.008042335 0.001982212 -4.95156e-5 -0.007950305 0.001959562 -1.09084e-4 -0.007873415 0.001940608 -1.88255e-4 -0.007815599 0.001926362 -2.83058e-4 -0.007779657 0.001917481 -3.8874e-4 0.04299998 0 0 0.04274791 0.004649102 0 0.04199463 0.009243726 0 0.04074907 0.01372992 0 0.03902572 0.0180552 0 0.03684484 0.02216881 0 0.03423196 0.02602249 0 0.03121775 0.02957105 0 0.02783757 0.03277295 0 0.024131 0.03559058 0 0.02014154 0.03799098 0 0.01591593 0.03994596 0 0.01150369 0.04143261 0 0.006956577 0.0424335 0 0.002327919 0.04293692 0 -0.002327919 0.04293692 0 -0.006956577 0.0424335 0 -0.01150369 0.04143261 0 -0.01591593 0.03994596 0 -0.02014154 0.03799098 0 -0.024131 0.03559058 0 -0.02783757 0.03277295 0 -0.03121775 0.02957105 0 -0.03423196 0.02602249 0 -0.03684484 0.02216881 0 -0.03902572 0.0180552 0 -0.04074907 0.01372992 0 -0.04199463 0.009243726 0 -0.04274791 0.004649102 0 -0.04299998 0 0 -0.04274791 -0.004649102 0 -0.04199463 -0.009243726 0 -0.04074907 -0.01372992 0 -0.03902572 -0.0180552 0 -0.03684484 -0.02216881 0 -0.03423196 -0.02602249 0 -0.03121775 -0.02957105 0 -0.02783757 -0.03277295 0 -0.024131 -0.03559058 0 -0.02014154 -0.03799098 0 -0.01591593 -0.03994596 0 -0.01150369 -0.04143261 0 -0.006956577 -0.0424335 0 -0.002327919 -0.04293692 0 0.002327919 -0.04293692 0 0.006956577 -0.0424335 0 0.01150369 -0.04143261 0 0.01591593 -0.03994596 0 0.02014154 -0.03799098 0 0.024131 -0.03559058 0 0.02783757 -0.03277295 0 0.03121775 -0.02957105 0 0.03423196 -0.02602249 0 0.03684484 -0.02216881 0 0.03902572 -0.0180552 0 0.04074907 -0.01372992 0 0.04199463 -0.009243726 0 0.04274791 -0.004649102 0 -0.02097767 -0.01767766 0 -0.02088177 -0.01846736 0 -0.02059966 -0.01921123 0 -0.02014774 -0.01986593 0 -0.01955223 -0.02039349 0 -0.01884782 -0.02076321 0 -0.0180754 -0.02095359 0 -0.01727986 -0.02095359 0 -0.01650744 -0.02076321 0 -0.01580303 -0.02039349 0 -0.01520758 -0.01986593 0 -0.01475566 -0.01921123 0 -0.01447355 -0.01846736 0 -0.01437765 -0.01767766 0 -0.01447355 -0.0168879 0 -0.01475566 -0.01614403 0 -0.01520758 -0.01548933 0 -0.01580303 -0.01496177 0 -0.01650744 -0.01459211 0 -0.01727986 -0.01440173 0 -0.0180754 -0.01440173 0 -0.01884782 -0.01459211 0 -0.01955223 -0.01496177 0 -0.02014774 -0.01548933 0 -0.02059966 -0.01614403 0 -0.02088177 -0.0168879 0 0.01437765 -0.01767766 0 0.01447355 -0.01846736 0 0.01475566 -0.01921123 0 0.01520758 -0.01986593 0 0.01580303 -0.02039349 0 0.01650744 -0.02076321 0 0.01727986 -0.02095359 0 0.0180754 -0.02095359 0 0.01884782 -0.02076321 0 0.01955223 -0.02039349 0 0.02014774 -0.01986593 0 0.02059966 -0.01921123 0 0.02088177 -0.01846736 0 0.02097767 -0.01767766 0 0.02088177 -0.0168879 0 0.02059966 -0.01614403 0 0.02014774 -0.01548933 0 0.01955223 -0.01496177 0 0.01884782 -0.01459211 0 0.0180754 -0.01440173 0 0.01727986 -0.01440173 0 0.01650744 -0.01459211 0 0.01580303 -0.01496177 0 0.01520758 -0.01548933 0 0.01475566 -0.01614403 0 0.01447355 -0.0168879 0 -0.02097767 0.01767766 0 -0.02088177 0.0168879 0 -0.02059966 0.01614403 0 -0.02014774 0.01548933 0 -0.01955223 0.01496177 0 -0.01884782 0.01459211 0 -0.0180754 0.01440173 0 -0.01727986 0.01440173 0 -0.01650744 0.01459211 0 -0.01580303 0.01496177 0 -0.01520758 0.01548933 0 -0.01475566 0.01614403 0 -0.01447355 0.0168879 0 -0.01437765 0.01767766 0 -0.01447355 0.01846736 0 -0.01475566 0.01921123 0 -0.01520758 0.01986593 0 -0.01580303 0.02039349 0 -0.01650744 0.02076321 0 -0.01727986 0.02095359 0 -0.0180754 0.02095359 0 -0.01884782 0.02076321 0 -0.01955223 0.02039349 0 -0.02014774 0.01986593 0 -0.02059966 0.01921123 0 -0.02088177 0.01846736 0 0.01437765 0.01767766 0 0.01447355 0.0168879 0 0.01475566 0.01614403 0 0.01520758 0.01548933 0 0.01580303 0.01496177 0 0.01650744 0.01459211 0 0.01727986 0.01440173 0 0.0180754 0.01440173 0 0.01884782 0.01459211 0 0.01955223 0.01496177 0 0.02014774 0.01548933 0 0.02059966 0.01614403 0 0.02088177 0.0168879 0 0.02097767 0.01767766 0 0.02088177 0.01846736 0 0.02059966 0.01921123 0 0.02014774 0.01986593 0 0.01955223 0.02039349 0 0.01884782 0.02076321 0 0.0180754 0.02095359 0 0.01727986 0.02095359 0 0.01650744 0.02076321 0 0.01580303 0.02039349 0 0.01520758 0.01986593 0 0.01475566 0.01921123 0 0.01447355 0.01846736 0 -0.01199996 -0.005999982 0 -0.01213544 -0.007155835 0 -0.01253437 -0.008249104 0 -0.01301693 -0.009022474 0 -0.01360392 -0.009669661 0 -0.01429456 -0.01020479 0 -0.01506775 -0.01061153 0 -0.01590001 -0.01087749 0 -0.01676589 -0.01099449 0 -0.01763886 -0.01095896 0 -0.01849228 -0.01077204 0 -0.01930022 -0.01043945 0 -0.02003788 -0.009971261 0 -0.02068281 -0.00938183 0 -0.02121526 -0.008689105 0 -0.02161902 -0.007914304 0 -0.02188169 -0.007081031 0 -0.02197033 -0.006543755 0 -0.02199995 -0.005999982 0 -0.02186453 -0.004844129 0 -0.02146553 -0.00375086 0 -0.02098298 -0.00297749 0 -0.02039605 -0.002330303 0 -0.01970541 -0.001795113 0 -0.01893216 -0.00138837 0 -0.0180999 -0.001122474 0 -0.01723408 -0.00100547 0 -0.01636111 -0.001040935 0 -0.01550763 -0.001227855 0 -0.01469975 -0.001560509 0 -0.01396209 -0.002028703 0 -0.01331716 -0.002618134 0 -0.01278471 -0.003310859 0 -0.01238095 -0.004085659 0 -0.01211822 -0.004918873 0 -0.01202964 -0.005456209 0 0.02199995 -0.005999982 0 0.02186453 -0.007155835 0 0.02146553 -0.008249104 0 0.02098298 -0.009022474 0 0.02039605 -0.009669661 0 0.01970541 -0.01020479 0 0.01893216 -0.01061153 0 0.0180999 -0.01087749 0 0.01723408 -0.01099449 0 0.01636111 -0.01095896 0 0.01550763 -0.01077204 0 0.01469975 -0.01043945 0 0.01396209 -0.009971261 0 0.01331716 -0.00938183 0 0.01278471 -0.008689105 0 0.01238095 -0.007914304 0 0.01211822 -0.007081031 0 0.01202964 -0.006543755 0 0.01199996 -0.005999982 0 0.01213544 -0.004844129 0 0.01253437 -0.00375086 0 0.01301693 -0.00297749 0 0.01360392 -0.002330303 0 0.01429456 -0.001795113 0 0.01506775 -0.00138837 0 0.01590001 -0.001122474 0 0.01676589 -0.00100547 0 0.01763886 -0.001040935 0 0.01849228 -0.001227855 0 0.01930022 -0.001560509 0 0.02003788 -0.002028703 0 0.02068281 -0.002618134 0 0.02121526 -0.003310859 0 0.02161902 -0.004085659 0 0.02188169 -0.004918873 0 0.02197033 -0.005456209 0 -0.02699995 -0.005999982 0 -0.02706372 -0.006615281 0 -0.02725237 -0.007204413 0 -0.02752685 -0.007698059 0 -0.0278542 -0.008096575 0 -0.02824503 -0.008433103 0 -0.02868771 -0.008697748 0 -0.0291692 -0.008882641 0 -0.02967524 -0.00898236 0 -0.03019082 -0.008993864 0 -0.0307008 -0.008916974 0 -0.03119009 -0.008753776 0 -0.03164416 -0.008509278 0 -0.03204965 -0.008190572 0 -0.03239458 -0.007807135 0 -0.03266876 -0.007370233 0 -0.03286403 -0.006892919 0 -0.03296577 -0.006451606 0 -0.03299999 -0.005999982 0 -0.03293621 -0.005384683 0 -0.03274756 -0.004795551 0 -0.03247314 -0.004301846 0 -0.03214573 -0.003903388 0 -0.03175491 -0.003566801 0 -0.03131222 -0.003302216 0 -0.03083074 -0.003117322 0 -0.03032469 -0.003017604 0 -0.02980911 -0.003006041 0 -0.02929913 -0.00308299 0 -0.02880984 -0.003246128 0 -0.02835577 -0.003490686 0 -0.02795028 -0.003809392 0 -0.02760535 -0.004192829 0 -0.02733123 -0.004629671 0 -0.02713596 -0.005107045 0 -0.02703416 -0.005548357 0 0.03299999 -0.005999982 0 0.03293621 -0.006615281 0 0.03274756 -0.007204413 0 0.03247314 -0.007698059 0 0.03214573 -0.008096575 0 0.03175491 -0.008433103 0 0.03131222 -0.008697748 0 0.03083074 -0.008882641 0 0.03032469 -0.00898236 0 0.02980911 -0.008993864 0 0.02929913 -0.008916974 0 0.02880984 -0.008753776 0 0.02835577 -0.008509278 0 0.02795028 -0.008190572 0 0.02760535 -0.007807135 0 0.02733123 -0.007370233 0 0.02713596 -0.006892919 0 0.02703416 -0.006451606 0 0.02699995 -0.005999982 0 0.02706372 -0.005384683 0 0.02725237 -0.004795551 0 0.02752685 -0.004301846 0 0.0278542 -0.003903388 0 0.02824503 -0.003566801 0 0.02868771 -0.003302216 0 0.0291692 -0.003117322 0 0.02967524 -0.003017604 0 0.03019082 -0.003006041 0 0.0307008 -0.00308299 0 0.03119009 -0.003246128 0 0.03164416 -0.003490686 0 0.03204965 -0.003809392 0 0.03239458 -0.004192829 0 0.03266876 -0.004629671 0 0.03286403 -0.005107045 0 0.03296577 -0.005548357 0 0.004999995 0.01499998 0 0.004864513 0.01384413 0 0.004465579 0.01275086 0 0.003982961 0.01197749 0 0.003396034 0.0113303 0 0.002705395 0.01079511 0 0.001932144 0.01038837 0 0.001099944 0.01012247 0 2.3411e-4 0.01000547 0 -6.38856e-4 0.01004093 0 -0.001492321 0.01022785 0 -0.002300202 0.01056051 0 -0.003037869 0.0110287 0 -0.003682792 0.01161813 0 -0.00421524 0.01231086 0 -0.004619002 0.01308566 0 -0.00488168 0.01391887 0 -0.004970312 0.01445621 0 -0.004999995 0.01499998 0 -0.004864513 0.01615583 0 -0.004465579 0.0172491 0 -0.003982961 0.01802247 0 -0.003396034 0.01866966 0 -0.002705395 0.01920479 0 -0.001932144 0.01961153 0 -0.001099944 0.01987749 0 -2.3411e-4 0.01999449 0 6.38856e-4 0.01995897 0 0.001492321 0.01977205 0 0.002300202 0.01943945 0 0.003037869 0.01897126 0 0.003682792 0.01838183 0 0.00421524 0.0176891 0 0.004619002 0.0169143 0 0.00488168 0.01608103 0 0.004970312 0.01554375 0 0.004999995 0.03399997 0 0.004864513 0.03284412 0 0.004465579 0.03175085 0 0.003982961 0.03097748 0 0.003396034 0.0303303 0 0.002705395 0.02979516 0 0.001932144 0.02938842 0 0.001099944 0.02912247 0 2.3411e-4 0.02900546 0 -6.38856e-4 0.02904093 0 -0.001492321 0.02922785 0 -0.002300202 0.0295605 0 -0.003037869 0.0300287 0 -0.003682792 0.03061813 0 -0.00421524 0.03131085 0 -0.004619002 0.03208565 0 -0.00488168 0.03291887 0 -0.004970312 0.0334562 0 -0.004999995 0.03399997 0 -0.004864513 0.03515583 0 -0.004465579 0.0362491 0 -0.003982961 0.03702247 0 -0.003396034 0.03766965 0 -0.002705395 0.03820478 0 -0.001932144 0.03861153 0 -0.001099944 0.03887748 0 -2.3411e-4 0.03899449 0 6.38856e-4 0.03895896 0 0.001492321 0.03877204 0 0.002300202 0.03843945 0 0.003037869 0.03797125 0 0.003682792 0.03738182 0 0.00421524 0.0366891 0 0.004619002 0.0359143 0 0.00488168 0.03508102 0 0.004970312 0.03454375 0 0.002999961 -0.02499997 0 0.002936184 -0.02561527 0 0.002747595 -0.0262044 0 0.002473115 -0.02669805 0 0.002145707 -0.02709656 0 0.001754879 -0.02743315 0 0.001312196 -0.02769774 0 8.30775e-4 -0.02788263 0 3.24745e-4 -0.02798235 0 -1.90878e-4 -0.02799391 0 -7.0085e-4 -0.02791696 0 -0.001190066 -0.02775382 0 -0.001644194 -0.02750927 0 -0.002049684 -0.02719056 0 -0.002394616 -0.02680712 0 -0.002668738 -0.02637028 0 -0.002864003 -0.02589291 0 -0.002965807 -0.0254516 0 -0.002999961 -0.02499997 0 -0.002936184 -0.02438467 0 -0.002747595 -0.02379554 0 -0.002473115 -0.02330189 0 -0.002145707 -0.02290338 0 -0.001754879 -0.02256679 0 -0.001312196 -0.02230221 0 -8.30775e-4 -0.02211731 0 -3.24745e-4 -0.02201759 0 1.90878e-4 -0.02200603 0 7.0085e-4 -0.02208298 0 0.001190066 -0.02224612 0 0.001644194 -0.02249068 0 0.002049684 -0.02280938 0 0.002394616 -0.02319282 0 0.002668738 -0.02362972 0 0.002864003 -0.02410703 0 0.002965807 -0.02454835 0 0.02799999 0 0 0.02793622 -6.15287e-4 0 0.02774757 -0.001204371 0 0.02747315 -0.001698076 0 0.02714574 -0.002096593 0 0.02675491 -0.002433121 0 0.02631223 -0.002697765 0 0.02583074 -0.002882659 0 0.0253247 -0.002982318 0 0.02480912 -0.002993881 0 0.02429914 -0.002916932 0 0.02380985 -0.002753794 0 0.02335578 -0.002509236 0 0.02295029 -0.002190589 0 0.02260535 -0.001807093 0 0.02233123 -0.001370251 0 0.02213597 -8.92928e-4 0 0.02203416 -4.5161e-4 0 0.02199995 0 0 0.02206373 6.15287e-4 0 0.02225238 0.001204371 0 0.02252686 0.001698076 0 0.0228542 0.002096593 0 0.02324503 0.002433121 0 0.02368772 0.002697765 0 0.0241692 0.002882659 0 0.02467525 0.002982318 0 0.02519083 0.002993881 0 0.0257008 0.002916932 0 0.0261901 0.002753794 0 0.02664417 0.002509236 0 0.02704966 0.002190589 0 0.02739459 0.001807093 0 0.02766871 0.001370251 0 0.02786397 8.92928e-4 0 0.02796578 4.5161e-4 0 0.002999961 0.02499997 0 0.002936184 0.02438467 0 0.002747595 0.02379554 0 0.002473115 0.02330189 0 0.002145707 0.02290338 0 0.001754879 0.02256679 0 0.001312196 0.02230221 0 8.30775e-4 0.02211731 0 3.24745e-4 0.02201759 0 -1.90878e-4 0.02200603 0 -7.0085e-4 0.02208298 0 -0.001190066 0.02224612 0 -0.001644194 0.02249068 0 -0.002049684 0.02280938 0 -0.002394616 0.02319282 0 -0.002668738 0.02362972 0 -0.002864003 0.02410703 0 -0.002965807 0.02454835 0 -0.002999961 0.02499997 0 -0.002936184 0.02561527 0 -0.002747595 0.0262044 0 -0.002473115 0.02669805 0 -0.002145707 0.02709656 0 -0.001754879 0.02743315 0 -0.001312196 0.02769774 0 -8.30775e-4 0.02788263 0 -3.24745e-4 0.02798235 0 1.90878e-4 0.02799391 0 7.0085e-4 0.02791696 0 0.001190066 0.02775382 0 0.001644194 0.02750927 0 0.002049684 0.02719056 0 0.002394616 0.02680712 0 0.002668738 0.02637028 0 0.002864003 0.02589291 0 0.002965807 0.0254516 0 -0.02199995 0 0 -0.02206373 -6.15287e-4 0 -0.02225238 -0.001204371 0 -0.02252686 -0.001698076 0 -0.0228542 -0.002096593 0 -0.02324503 -0.002433121 0 -0.02368772 -0.002697765 0 -0.0241692 -0.002882659 0 -0.02467525 -0.002982318 0 -0.02519083 -0.002993881 0 -0.0257008 -0.002916932 0 -0.0261901 -0.002753794 0 -0.02664417 -0.002509236 0 -0.02704966 -0.002190589 0 -0.02739459 -0.001807093 0 -0.02766871 -0.001370251 0 -0.02786397 -8.92928e-4 0 -0.02796578 -4.5161e-4 0 -0.02799999 0 0 -0.02793622 6.15287e-4 0 -0.02774757 0.001204371 0 -0.02747315 0.001698076 0 -0.02714574 0.002096593 0 -0.02675491 0.002433121 0 -0.02631223 0.002697765 0 -0.02583074 0.002882659 0 -0.0253247 0.002982318 0 -0.02480912 0.002993881 0 -0.02429914 0.002916932 0 -0.02380985 0.002753794 0 -0.02335578 0.002509236 0 -0.02295029 0.002190589 0 -0.02260535 0.001807093 0 -0.02233123 0.001370251 0 -0.02213597 8.92928e-4 0 -0.02203416 4.5161e-4 0 -0.008499979 0 0 -0.008252978 -0.002034127 0 -0.007526338 -0.003950119 0 -0.006362318 -0.005636513 0 -0.004828512 -0.00699532 0 -0.003014087 -0.007947623 0 -0.001024544 -0.008437991 0 0.001024544 -0.008437991 0 0.003014087 -0.007947623 0 0.004828512 -0.00699532 0 0.006362318 -0.005636513 0 0.007526338 -0.003950119 0 0.008252978 -0.002034127 0 0.008499979 0 0 0.008252978 0.002034127 0 0.007526338 0.003950119 0 0.006362318 0.005636513 0 0.004828512 0.00699532 0 0.003014087 0.007947623 0 0.001024544 0.008437991 0 -0.001024544 0.008437991 0 -0.003014087 0.007947623 0 -0.004828512 0.00699532 0 -0.006362318 0.005636513 0 -0.007526338 0.003950119 0 -0.008252978 0.002034127 0 0.008499979 0 0 0.008388698 0 -1.2536e-5 0.008283019 0 -4.95156e-5 0.008188247 0 -1.09084e-4 0.008109033 0 -1.88255e-4 0.008049488 0 -2.83058e-4 0.008012533 0 -3.8874e-4 0.007999956 0 -5e-4 0.007767498 -0.001914501 -5e-4 0.007083594 -0.00371778 -5e-4 0.005988061 -0.005304932 -5e-4 0.004544496 -0.006583869 -5e-4 0.002836823 -0.007480084 -5e-4 9.64293e-4 -0.007941663 -5e-4 -9.64293e-4 -0.007941663 -5e-4 -0.002836823 -0.007480084 -5e-4 -0.004544496 -0.006583869 -5e-4 -0.005988061 -0.005304932 -5e-4 -0.007083594 -0.00371778 -5e-4 -0.007767498 -0.001914501 -5e-4 -0.007999956 0 -5e-4 -0.008499979 0 0 -0.008388698 0 -1.2536e-5 -0.008283019 0 -4.95156e-5 -0.008188247 0 -1.09084e-4 -0.008109033 0 -1.88255e-4 -0.008049488 0 -2.83058e-4 -0.008012533 0 -3.8874e-4 -0.008252978 -0.002034127 0 -0.007526338 -0.003950119 0 -0.006362318 -0.005636513 0 -0.004828512 -0.00699532 0 -0.003014087 -0.007947623 0 -0.001024544 -0.008437991 0 0.001024544 -0.008437991 0 0.003014087 -0.007947623 0 0.004828512 -0.00699532 0 0.006362318 -0.005636513 0 0.007526338 -0.003950119 0 0.008252978 -0.002034127 0 -0.008144974 -0.002007544 -1.2536e-5 -0.008042335 -0.001982212 -4.95156e-5 -0.007950305 -0.001959562 -1.09084e-4 -0.007873415 -0.001940608 -1.88255e-4 -0.007815599 -0.001926362 -2.83058e-4 -0.007779657 -0.001917481 -3.8874e-4 -0.007427811 -0.003898441 -1.2536e-5 -0.007334232 -0.003849327 -4.95156e-5 -0.007250308 -0.00380522 -1.09084e-4 -0.007180213 -0.003768444 -1.88255e-4 -0.007127463 -0.003740787 -2.83058e-4 -0.00709474 -0.003723561 -3.8874e-4 -0.006279051 -0.005562722 -1.2536e-5 -0.006199955 -0.005492627 -4.95156e-5 -0.006128966 -0.005429804 -1.09084e-4 -0.006069719 -0.005377292 -1.88255e-4 -0.006025135 -0.005337774 -2.83058e-4 -0.005997419 -0.005313277 -3.8874e-4 -0.004765331 -0.006903767 -1.2536e-5 -0.004705309 -0.006816804 -4.95156e-5 -0.004651427 -0.006738781 -1.09084e-4 -0.004606485 -0.006673634 -1.88255e-4 -0.004572629 -0.006624579 -2.83058e-4 -0.004551589 -0.006594181 -3.8874e-4 -0.002974629 -0.007843554 -1.2536e-5 -0.002937197 -0.007744789 -4.95156e-5 -0.00290358 -0.007656097 -1.09084e-4 -0.002875506 -0.007582068 -1.88255e-4 -0.002854347 -0.007526397 -2.83058e-4 -0.002841234 -0.007491827 -3.8874e-4 -0.001011133 -0.008327543 -1.2536e-5 -9.98412e-4 -0.008222639 -4.95156e-5 -9.86985e-4 -0.008128523 -1.09084e-4 -9.77442e-4 -0.008049905 -1.88255e-4 -9.70262e-4 -0.007990777 -2.83058e-4 -9.65804e-4 -0.007954061 -3.8874e-4 0.001011133 -0.008327543 -1.2536e-5 9.98412e-4 -0.008222639 -4.95156e-5 9.86985e-4 -0.008128523 -1.09084e-4 9.77442e-4 -0.008049905 -1.88255e-4 9.70262e-4 -0.007990777 -2.83058e-4 9.65804e-4 -0.007954061 -3.8874e-4 0.002974629 -0.007843554 -1.2536e-5 0.002937197 -0.007744789 -4.95156e-5 0.00290358 -0.007656097 -1.09084e-4 0.002875506 -0.007582068 -1.88255e-4 0.002854347 -0.007526397 -2.83058e-4 0.002841234 -0.007491827 -3.8874e-4 0.004765331 -0.006903767 -1.2536e-5 0.004705309 -0.006816804 -4.95156e-5 0.004651427 -0.006738781 -1.09084e-4 0.004606485 -0.006673634 -1.88255e-4 0.004572629 -0.006624579 -2.83058e-4 0.004551589 -0.006594181 -3.8874e-4 0.006279051 -0.005562722 -1.2536e-5 0.006199955 -0.005492627 -4.95156e-5 0.006128966 -0.005429804 -1.09084e-4 0.006069719 -0.005377292 -1.88255e-4 0.006025135 -0.005337774 -2.83058e-4 0.005997419 -0.005313277 -3.8874e-4 0.007427811 -0.003898441 -1.2536e-5 0.007334232 -0.003849327 -4.95156e-5 0.007250308 -0.00380522 -1.09084e-4 0.007180213 -0.003768444 -1.88255e-4 0.007127463 -0.003740787 -2.83058e-4 0.00709474 -0.003723561 -3.8874e-4 0.008144974 -0.002007544 -1.2536e-5 0.008042335 -0.001982212 -4.95156e-5 0.007950305 -0.001959562 -1.09084e-4 0.007873415 -0.001940608 -1.88255e-4 0.007815599 -0.001926362 -2.83058e-4 0.007779657 -0.001917481 -3.8874e-4</float_array>
          <technique_common>
            <accessor source="#_204_MECA_023_SPEC_stp-mesh-positions-array" count="4120" stride="3">
              <param name="X" type="float"/>
              <param name="Y" type="float"/>
              <param name="Z" type="float"/>
            </accessor>
          </technique_common>
        </source>
        <source id="_204_MECA_023_SPEC_stp-mesh-normals">
          <float_array id="_204_MECA_023_SPEC_stp-mesh-normals-array" count="9603">0 0 1 -4.04454e-7 0 1 -4.06459e-7 0 1 -5.88296e-7 0 1 2.0323e-7 0 1 -2.94149e-7 0 1 1.16665e-6 0 1 4.53041e-7 0 1 8.12919e-7 0 1 4.03927e-7 0 1 -5.88297e-7 0 1 5.80798e-7 0 1 -8.06388e-7 0 1 5.88298e-7 0 1 -5.81445e-7 0 1 -4.06459e-7 0 1 2.0323e-7 0 1 -8.04355e-7 0 1 -7.99823e-7 0 1 5.86353e-7 0 1 2.00067e-7 0 1 -5.84598e-7 0 1 4.51103e-7 0 1 1.21938e-6 0 1 -4.0646e-7 0 1 8.1292e-7 0 1 -2.35318e-6 0 1 1.01615e-6 0 1 -2.35319e-6 0 1 -1.01615e-6 0 1 1.17659e-6 0 1 4.06459e-7 0 1 1.17659e-6 0 1 -1.62584e-6 0 1 5.80798e-7 0 1 -5.81444e-7 0 1 -7.99826e-7 0 1 -5.846e-7 0 1 4.51104e-7 0 1 0 0 1 -4.0646e-7 0 1 8.12921e-7 0 1 -1.16665e-6 0 1 -4.53041e-7 0 1 -1.16022e-6 0 1 -8.06389e-7 0 1 1.1616e-6 0 1 8.06351e-7 0 1 -8.72169e-7 0 1 -1.17659e-6 0 1 -8.04456e-7 0 1 2.00066e-7 0 1 5.86352e-7 0 1 -2.923e-7 0 1 5.8546e-7 0 1 -3.50859e-7 0 1 -1.17659e-6 0 1 8.12918e-7 0 1 1.17659e-6 0 1 -1.16022e-6 0 1 2.35318e-6 0 1 1.1616e-6 0 1 -6.09691e-7 0 1 -8.04456e-7 0 1 -0.6938207 0.1363673 -0.7071186 -0.7071035 2.3663e-5 -0.7071101 -0.7071055 1.45353e-5 -0.7071081 -0.6917312 0.1465457 -0.7071297 -0.6545384 0.2675561 -0.7071021 -0.6463565 0.2867459 -0.7071068 -0.5971707 0.3786893 -0.7070938 -0.5728772 0.4144715 -0.7071247 -0.5283998 0.4699092 -0.7070919 -0.4745344 0.5242122 -0.7071201 -0.4458606 0.5488191 -0.7071111 -0.3555909 0.6111927 -0.7071059 -0.3517298 0.6134318 -0.7070981 -0.248326 0.6620674 -0.7071074 -0.2211928 0.6716146 -0.7071122 -0.1385313 0.6934199 -0.7070913 -0.07718968 0.702874 -0.7071138 -0.02507096 0.706674 -0.707095 0.07016658 0.7036117 -0.7071119 0.08900874 0.7014812 -0.707108 0.2144811 0.6738056 -0.7070954 0.2007663 0.6780056 -0.7071077 0.3073083 0.6368287 -0.7071144 0.3494737 0.6147236 -0.7070949 0.4058102 0.5790618 -0.7071108 0.4692881 0.5289391 -0.7071013 0.4937755 0.5061579 -0.7070997 0.5687357 0.4201964 -0.707089 0.5688688 0.4201858 -0.7069882 0.6289958 0.3230581 -0.7071052 0.6434558 0.2931864 -0.7071114 0.672818 0.2176072 -0.7070807 0.6902498 0.1534643 -0.7071096 0.6984673 0.1101317 -0.707117 0.7028809 0.07713162 -0.7071133 0.70711 1.28895e-5 -0.7071036 0.7071076 2.84048e-5 -0.7071061 0.6938506 -0.1363063 -0.7071011 0.707102 -3.81991e-5 -0.7071117 0.707105 -1.44906e-5 -0.7071086 0.6865656 -0.1692241 -0.7071004 0.6545239 -0.2675725 -0.7071092 0.6261026 -0.3286038 -0.7071174 0.5970934 -0.3787344 -0.707135 0.5292807 -0.4689003 -0.7071028 0.5282089 -0.4700961 -0.7071104 0.4458514 -0.5488319 -0.7071068 0.4016777 -0.5819299 -0.7071158 0.3516756 -0.6134498 -0.7071094 0.2507458 -0.6611595 -0.707103 0.2481621 -0.6621242 -0.7071118 0.1385118 -0.6934108 -0.707104 0.08523356 -0.7019519 -0.7071059 0.02507108 -0.7066571 -0.7071119 -0.08523172 -0.7019554 -0.7071027 -0.08897405 -0.7014884 -0.7071052 -0.2007901 -0.678006 -0.7071006 -0.2507351 -0.6611384 -0.7071266 -0.3073159 -0.6368247 -0.7071147 -0.4016843 -0.5819405 -0.7071033 -0.4057648 -0.579104 -0.7071024 -0.4937686 -0.5061681 -0.7070972 -0.529275 -0.4688969 -0.7071095 -0.5687844 -0.420108 -0.7071022 -0.6261144 -0.3286103 -0.707104 -0.6289986 -0.3230488 -0.707107 -0.6727868 -0.2175964 -0.7071137 -0.6865707 -0.1692246 -0.7070953 -0.6984806 -0.1101426 -0.7071022 -0.7071021 -3.48972e-6 -0.7071115 -0.7071093 -3.03425e-5 -0.7071043 -0.6938435 0.136333 -0.707103 -0.7071046 2.26274e-5 -0.707109 -0.7071045 1.4438e-5 -0.7071091 -0.6917604 0.1465588 -0.7070983 -0.6545371 0.2675576 -0.7071027 -0.6463562 0.2867455 -0.7071073 -0.5971342 0.3787134 -0.7071117 -0.5728769 0.4144715 -0.7071248 -0.5283996 0.469909 -0.7070924 -0.4745352 0.5242125 -0.7071192 -0.4458617 0.5488177 -0.7071114 -0.3555912 0.6111925 -0.7071058 -0.3517306 0.6134315 -0.7070978 -0.2483265 0.6620672 -0.7071076 -0.2211925 0.6716161 -0.7071108 -0.1385085 0.693394 -0.7071211 -0.07718938 0.7028748 -0.707113 -0.02510166 0.706647 -0.7071208 0.07016623 0.7036126 -0.7071111 0.08900952 0.7014809 -0.7071081 0.2144609 0.6737793 -0.7071267 0.2007662 0.6780055 -0.7071079 0.3073084 0.6368285 -0.7071146 0.3494735 0.6147239 -0.7070946 0.4058095 0.5790613 -0.7071115 0.4692881 0.5289397 -0.7071008 0.4937376 0.5061843 -0.7071073 0.5687358 0.4201956 -0.7070893 0.5687134 0.4200109 -0.7072171 0.6289951 0.3230604 -0.7071049 0.6434547 0.2931868 -0.7071121 0.6728171 0.2176059 -0.707082 0.690249 0.153465 -0.7071102 0.6984995 0.1101351 -0.7070847 0.7028809 0.07713431 -0.7071131 0.7071099 1.35116e-5 -0.7071037 0.7071075 2.4483e-5 -0.7071061 0.6938511 -0.1363058 -0.7071008 0.7071022 -4.01065e-5 -0.7071114 0.7071055 -1.45356e-5 -0.7071081 0.6865652 -0.169224 -0.7071008 0.6545236 -0.2675725 -0.7071095 0.6261021 -0.3286033 -0.7071182 0.5971297 -0.3787146 -0.7071148 0.529281 -0.4689008 -0.7071023 0.528209 -0.4700961 -0.7071102 0.4458526 -0.5488306 -0.7071071 0.4016779 -0.5819295 -0.707116 0.3516759 -0.6134498 -0.7071093 0.2507455 -0.6611598 -0.7071029 0.248161 -0.6621266 -0.7071099 0.1385121 -0.6934104 -0.7071043 0.08523243 -0.7019507 -0.7071074 0.02507114 -0.7066573 -0.7071117 -0.0852319 -0.7019543 -0.7071038 -0.0890662 -0.7014716 -0.7071102 -0.2007453 -0.6780046 -0.7071147 -0.2507476 -0.6611689 -0.7070935 -0.3073149 -0.636826 -0.7071141 -0.4016833 -0.5819407 -0.7071037 -0.4058384 -0.5790439 -0.7071092 -0.4937286 -0.5061877 -0.7071111 -0.5292751 -0.4688977 -0.7071088 -0.5687842 -0.4201094 -0.7071016 -0.6261146 -0.3286114 -0.7071033 -0.6290159 -0.3230063 -0.707111 -0.672788 -0.2175949 -0.707113 -0.6865712 -0.1692249 -0.7070948 -0.6984804 -0.1101422 -0.7071024 -0.7071024 -4.31034e-6 -0.7071112 -0.7071092 -3.51444e-5 -0.7071043 0.9709745 0.2391833 -1.82073e-4 1 4.89131e-5 -5.91273e-7 1 2.33948e-5 0 0.9698873 0.2435545 1.11388e-4 0.8854544 0.4647262 1.31454e-5 0.8813449 0.4724734 2.3488e-5 0.7485135 0.6631196 -2.78155e-5 0.7397201 0.6729148 6.0574e-5 0.568065 0.8229838 -1.23761e-6 0.5535326 0.8328276 2.8871e-6 0.3546106 0.9350141 -7.06582e-5 0.3340085 0.9425702 5.21776e-5 0.1205326 0.9927094 6.58591e-5 0.09436279 0.9955379 5.34793e-5 -0.1205361 0.9927089 -7.533e-6 -0.1509687 0.9885386 -6.87805e-6 -0.3546032 0.9350169 -3.5014e-5 -0.3872038 0.9219942 2.10991e-6 -0.5680637 0.8229847 -3.37865e-5 -0.600116 0.799913 8.88784e-6 -0.74851 0.6631236 -2.49422e-5 -0.7768802 0.6296486 -9.63546e-6 -0.8854559 0.4647234 -5.51436e-6 -0.9068416 0.4214717 6.74697e-6 -0.970942 0.2393154 -1.06939e-6 -0.9764417 0.2157816 4.87416e-5 -1 8.45641e-6 2.02888e-6 -1 2.05711e-5 0 -1 -2.65539e-5 0 -0.9709416 -0.2393168 0 -1 -2.6457e-5 0 -0.9709421 -0.2393144 0 -0.8854557 -0.4647237 0 -0.8854565 -0.4647222 0 -0.74851 -0.6631236 0 -0.7485116 -0.6631218 0 -0.5680631 -0.822985 0 -0.5680662 -0.822983 0 -0.3546032 -0.9350169 0 -0.3546067 -0.9350156 0 -0.1205354 -0.9927091 0 -0.1205385 -0.9927088 0 0.1205384 -0.9927088 0 0.1205354 -0.9927091 0 0.3546063 -0.9350157 0 0.354604 -0.9350166 0 0.5680657 -0.8229833 0 0.5680636 -0.8229848 0 0.7485118 -0.6631215 0 0.7485096 -0.663124 0 0.8854569 -0.4647216 0 0.8854554 -0.4647244 0 0.9709418 -0.2393162 0 0.9709417 -0.2393164 0 1 -2.89157e-5 0 1 -2.32905e-5 0 0.9709742 0.2391844 -1.82138e-4 1 4.50835e-5 -6.8167e-7 1 2.66582e-5 0 0.9698874 0.2435539 1.11685e-4 0.8854436 0.4647468 1.02278e-4 0.8813391 0.4724845 -6.71517e-5 0.7485221 0.6631098 -1.1851e-4 0.7397201 0.6729148 6.08427e-5 0.5680729 0.8229783 -9.28215e-5 0.5535326 0.8328276 2.79723e-6 0.3546106 0.9350141 -7.09407e-5 0.3340085 0.9425702 5.21001e-5 0.1205354 0.9927091 1.9988e-5 0.09436279 0.9955379 5.346e-5 -0.1205362 0.9927089 -7.56676e-6 -0.1509687 0.9885386 -6.87479e-6 -0.3546054 0.9350161 1.0954e-5 -0.3872039 0.9219942 2.12155e-6 -0.5680636 0.8229846 -3.38252e-5 -0.6001159 0.7999131 8.88295e-6 -0.74851 0.6631236 -2.51518e-5 -0.7768794 0.6296494 3.634e-5 -0.885456 0.4647234 -5.51902e-6 -0.9068412 0.4214726 7.44709e-6 -0.970944 0.2393069 -4.61976e-5 -0.9764361 0.2158072 1.07441e-5 -1 9.70811e-6 2.14716e-6 -1 1.8768e-5 0 -1 -2.89977e-5 0 -0.9709417 -0.2393164 0 -1 -2.32011e-5 0 -0.9709418 -0.2393162 0 -0.8854555 -0.4647244 0 -0.8854569 -0.4647216 0 -0.7485097 -0.6631239 0 -0.7485116 -0.6631217 0 -0.5680637 -0.8229846 0 -0.5680656 -0.8229833 0 -0.3546042 -0.9350165 0 -0.3546062 -0.9350159 0 -0.1205354 -0.9927091 0 -0.1205382 -0.9927088 0 0.1205385 -0.9927088 0 0.1205354 -0.9927091 0 0.3546068 -0.9350155 0 0.3546031 -0.9350169 0 0.5680663 -0.8229829 0 0.5680631 -0.8229851 0 0.7485117 -0.6631217 0 0.74851 -0.6631236 0 0.8854566 -0.4647221 0 0.8854557 -0.4647238 0 0.9709421 -0.2393144 0 0.9709416 -0.2393168 0 1 -2.64719e-5 0 1 -2.65539e-5 0 0.9709745 0.2391833 -1.81997e-4 1 4.87193e-5 -6.37461e-7 1 2.32905e-5 0 0.9698873 0.2435545 1.11296e-4 0.8854436 0.464747 1.01891e-4 0.8813449 0.4724735 2.3447e-5 0.7485091 0.6631246 1.74516e-5 0.7397201 0.6729148 6.06864e-5 0.5680728 0.8229783 -9.28835e-5 0.5535326 0.8328276 3.24554e-6 0.3546143 0.9350127 -1.16619e-4 0.3340084 0.9425701 5.23943e-5 0.1205356 0.9927091 2.02227e-5 0.09436273 0.9955379 5.3301e-5 -0.1205388 0.9927086 3.85013e-5 -0.1509669 0.9885388 3.89614e-5 -0.3546011 0.9350177 -8.09005e-5 -0.3872038 0.9219942 2.29431e-6 -0.5680651 0.8229837 1.20751e-5 -0.6001158 0.7999131 9.10135e-6 -0.74851 0.6631236 -2.51385e-5 -0.7768801 0.6296486 -9.56771e-6 -0.8854559 0.4647235 -5.63986e-6 -0.9068416 0.4214715 6.79865e-6 -0.970942 0.2393154 -1.09221e-6 -0.976436 0.2158072 1.07237e-5 -1 8.3074e-6 1.96136e-6 -1 2.04146e-5 0 -0.9709416 -0.2393168 0 -1 -2.66731e-5 0 -1 -2.66582e-5 0 -0.9709421 -0.2393144 0 -0.8854567 -0.464722 0 -0.7485098 -0.6631239 0 -0.7485115 -0.6631218 0 -0.5680629 -0.8229852 0 -0.5680661 -0.822983 0 -0.3546029 -0.9350171 0 -0.3546065 -0.9350157 0 -0.1205351 -0.9927091 0 -0.1205382 -0.9927088 0 0.1205379 -0.9927088 0 0.120535 -0.9927091 0 0.3546059 -0.9350159 0 0.3546038 -0.9350166 0 0.5680654 -0.8229835 0 0.5680634 -0.8229848 0 0.7485115 -0.6631218 0 0.7485096 -0.663124 0 0.8854569 -0.4647216 0 0.8854556 -0.4647243 0 0.9709418 -0.2393162 0 0.9709417 -0.2393163 0 1 -2.90945e-5 0 1 -2.33948e-5 0 0.9709742 0.2391844 -1.82084e-4 1 4.48823e-5 -7.27799e-7 1 2.65539e-5 0 0.9698874 0.2435539 1.11591e-4 0.8854544 0.4647263 1.3385e-5 0.881339 0.4724846 -6.73747e-5 0.7485135 0.6631197 -2.77634e-5 0.7397174 0.6729177 1.49716e-5 0.5680729 0.8229783 -9.28706e-5 0.5535377 0.8328242 9.44348e-5 0.3546108 0.935014 -7.09874e-5 0.3340064 0.9425709 6.28387e-6 0.1205355 0.9927091 2.01638e-5 0.09436273 0.9955379 5.32817e-5 -0.1205362 0.992709 -7.3663e-6 -0.1509668 0.9885388 3.87705e-5 -0.3546053 0.9350162 1.07933e-5 -0.3872039 0.9219941 1.99187e-6 -0.5680636 0.8229848 -3.3888e-5 -0.600116 0.7999131 9.00449e-6 -0.74851 0.6631236 -2.51948e-5 -0.7768793 0.6296495 3.63255e-5 -0.885456 0.4647234 -5.56512e-6 -0.9068412 0.4214727 6.9025e-6 -0.970944 0.239307 -4.62069e-5 -0.9764417 0.2157817 4.87004e-5 -1 9.54419e-6 2.09152e-6 -1 1.8619e-5 0 -0.9709417 -0.2393164 0 -1 -2.90945e-5 0 -1 -2.33948e-5 0 -0.9709418 -0.2393162 0 -0.8854555 -0.4647244 0 -0.8854569 -0.4647215 0 -0.7485095 -0.6631242 0 -0.5680634 -0.8229848 0 -0.5680655 -0.8229835 0 -0.3546038 -0.9350168 0 -0.354606 -0.9350159 0 -0.120535 -0.9927091 0 -0.1205379 -0.9927088 0 0.1205382 -0.9927088 0 0.1205351 -0.9927091 0 0.3546064 -0.9350157 0 0.3546029 -0.935017 0 0.568066 -0.822983 0 0.5680629 -0.8229852 0 0.7485114 -0.6631219 0 0.7485098 -0.6631237 0 0.8854566 -0.4647222 0 0.8854559 -0.4647237 0 0.9709421 -0.2393144 0 0.9709416 -0.2393168 0 1 -2.66731e-5 0 1 -2.66582e-5 0 -0.9782859 0.2072606 6.96781e-6 -1 2.11671e-5 7.52144e-7 -1 2.56747e-5 0 -0.9782477 0.2074404 -4.38502e-6 -0.9140897 0.405512 1.31498e-5 -0.9139467 0.4058343 -9.39058e-6 -0.8101786 0.5861833 1.72194e-5 -0.8098933 0.5865774 -1.38914e-5 -0.6711227 0.7413464 2.34275e-5 -0.6706166 0.7418042 -1.9921e-5 -0.5028583 0.864369 2.78891e-5 -0.5021548 0.8647779 -2.43022e-5 -0.31284 0.9498059 3.41122e-5 -0.3118794 0.9501217 -3.04277e-5 -0.1091359 0.9940268 3.8112e-5 -0.10768 0.9941857 3.33702e-5 0.09919607 0.995068 4.42221e-5 0.1008437 0.9949024 1.71088e-5 0.3033358 0.9528837 4.84554e-5 0.3050484 0.9523369 2.22078e-5 0.4941917 0.869353 5.41451e-5 0.4956377 0.8685294 -5.11764e-5 0.6636856 0.7480117 5.86961e-5 0.6650238 0.7468222 -5.50195e-5 0.8042777 0.5942538 6.47363e-5 0.8054473 0.5926675 -6.0116e-5 0.9099943 0.4146207 6.92019e-5 0.9108574 0.4127213 -6.24143e-5 0.9761629 0.2170391 -6.68348e-7 0.9767453 0.2144032 -3.24247e-5 0.9939957 0.1094196 4.28919e-5 0.994143 0.1080732 -2.89464e-6 1 -3.38629e-6 -3.43836e-6 1 -3.48315e-6 0 0.9999995 -3.05474e-6 0.001021444 0.9782705 -0.207333 -1.69612e-4 1 -2.09734e-5 0 0.9709439 -0.2393076 4.78945e-5 0.9139357 -0.4058589 -5.61046e-5 0.885456 -0.4647234 -5.34556e-6 0.8098568 -0.5866277 -5.76922e-5 0.7485111 -0.6631223 3.57812e-5 0.6705435 -0.7418703 -7.06253e-5 0.5680637 -0.8229846 2.77725e-5 0.5020542 -0.8648362 -3.86924e-5 0.3545932 -0.9350208 1.09311e-4 0.3117345 -0.9501693 7.71584e-5 0.1205507 -0.9927073 -6.36798e-5 0.1077308 -0.9941802 1.65635e-5 -0.1006993 -0.9949169 -7.2212e-6 -0.1205394 -0.9927086 -1.08334e-5 -0.3049898 -0.9523558 8.78388e-5 -0.3545963 -0.9350196 9.63546e-5 -0.4958825 -0.8683897 3.09455e-6 -0.568064 -0.8229844 3.33211e-5 -0.665237 -0.7466323 -1.73874e-5 -0.748511 -0.6631224 1.26353e-5 -0.8056532 -0.5923876 -1.13355e-5 -0.8854575 -0.4647204 3.60239e-5 -0.9110026 -0.4124008 -1.90494e-4 -0.9709408 -0.2393199 4.32996e-5 -0.9767434 -0.2144121 -9.91151e-5 -0.994165 -0.1078705 2.84391e-5 -1 -2.28956e-5 4.3572e-6 -1 -3.43882e-5 0 -0.9782854 0.2072629 7.03096e-6 -1 1.64509e-5 8.60347e-7 -1 3.08231e-5 0 -0.9782478 0.2074402 -4.24577e-6 -0.9140916 0.4055079 1.33034e-5 -0.9139449 0.4058384 -9.38321e-6 -0.8101811 0.5861797 1.72433e-5 -0.809893 0.5865777 -1.40168e-5 -0.6711215 0.7413474 2.33164e-5 -0.6706181 0.7418029 -1.99647e-5 -0.5028579 0.8643691 2.78401e-5 -0.502154 0.8647783 -2.43022e-5 -0.3128404 0.9498057 3.41121e-5 -0.3118784 0.9501221 -3.04276e-5 -0.1091354 0.9940269 3.81121e-5 -0.10768 0.9941857 3.33702e-5 0.09919494 0.995068 4.42221e-5 0.1008446 0.9949023 1.73837e-5 0.3033348 0.9528841 4.84552e-5 0.3047466 0.9524335 -4.5457e-5 0.4941916 0.869353 5.41451e-5 0.4956381 0.8685292 -5.11764e-5 0.6636843 0.7480129 5.87148e-5 0.6650263 0.74682 -5.50189e-5 0.8042753 0.594257 6.47957e-5 0.8057457 0.5922618 2.67173e-5 0.9099945 0.4146204 6.924e-5 0.9108574 0.4127212 -6.23962e-5 0.9761624 0.2170416 -6.15037e-7 0.9767453 0.2144033 -3.23129e-5 0.9939946 0.1094295 4.29936e-5 0.9941435 0.1080684 -2.84358e-6 1 6.16163e-6 -3.33862e-6 1 3.44664e-5 0 0.9999995 -7.12275e-6 0.001021504 0.9783085 -0.2071533 -4.36482e-4 1 -1.58772e-5 0 0.9709457 -0.2393002 9.29409e-5 0.9139357 -0.4058589 -5.60142e-5 0.8854573 -0.4647208 4.07189e-5 0.8098568 -0.5866277 -5.78669e-5 0.7485111 -0.6631224 3.58224e-5 0.6705434 -0.7418704 -7.0604e-5 0.5680636 -0.8229846 2.79017e-5 0.5020562 -0.8648351 5.38754e-5 0.354598 -0.935019 6.37202e-5 0.3117292 -0.950171 3.1333e-5 0.1205307 -0.9927096 2.69646e-5 -0.1006988 -0.994917 -7.26777e-6 -0.1205283 -0.9927099 3.35852e-5 -0.3049316 -0.9523743 -3.81134e-5 -0.3546003 -0.9350181 5.05825e-5 -0.4958825 -0.8683897 3.36336e-6 -0.5680639 -0.8229845 3.33958e-5 -0.6652246 -0.7466434 -1.08189e-4 -0.748511 -0.6631225 1.26206e-5 -0.805653 -0.5923877 -1.1656e-5 -0.8854574 -0.4647206 3.58458e-5 -0.9110028 -0.4124004 -1.90225e-4 -0.9709408 -0.2393199 4.3441e-5 -0.976745 -0.2144047 -9.92065e-5 -0.9941529 -0.1079815 1.15013e-4 -1 -2.30819e-5 4.30481e-6 -1 3.56138e-6 0 -0.9999995 9.38773e-6 0.001021444 -0.9782705 0.2073328 -1.69718e-4 -1 1.78143e-5 0 -0.9709457 0.2393001 9.29035e-5 -0.9139323 0.4058669 -1.07695e-5 -0.8854559 0.4647234 -5.11971e-6 -0.8098543 0.5866311 -1.17422e-5 -0.748511 0.6631224 3.58589e-5 -0.6705434 0.7418704 -7.0752e-5 -0.5680637 0.8229846 2.79658e-5 -0.5020552 0.8648357 7.39831e-6 -0.3545979 0.9350189 6.36375e-5 -0.3117346 0.9501692 7.69636e-5 -0.1205507 0.9927073 -6.38003e-5 -0.1077314 0.9941802 1.65845e-5 0.1007902 0.9949078 5.82202e-6 0.1205394 0.9927086 -1.10059e-5 0.3049319 0.9523742 -3.75326e-5 0.3546003 0.935018 5.06289e-5 0.4958824 0.8683898 3.06778e-6 0.5680639 0.8229845 3.3437e-5 0.6652434 0.7466266 2.82535e-5 0.7485117 0.6631217 5.86654e-5 0.8056531 0.5923876 -1.12234e-5 0.8854558 0.4647238 -9.96795e-6 0.911013 0.4123777 -5.3499e-5 0.9709408 0.2393199 4.32826e-5 0.9767437 0.2144103 -9.91461e-5 0.9941647 0.1078736 3.05731e-5 1 2.10181e-5 4.33461e-6 1 -3.39374e-6 0 0.9999995 -9.38773e-6 0.001021444 0.9782705 -0.2073328 -1.69718e-4 1 -1.78143e-5 0 0.9709457 -0.2393001 9.28763e-5 0.9139323 -0.4058669 -1.0773e-5 0.8854546 -0.4647261 -5.12432e-5 0.8098568 -0.5866277 -5.77961e-5 0.7485111 -0.6631223 3.57514e-5 0.6705434 -0.7418703 -7.06315e-5 0.5680637 -0.8229846 2.79692e-5 0.5020543 -0.8648362 -3.87175e-5 0.354598 -0.935019 6.36897e-5 0.3117452 -0.9501658 1.68713e-4 0.1205505 -0.9927072 -6.3781e-5 0.1077306 -0.9941802 1.63355e-5 -0.1006997 -0.9949169 -7.18218e-6 -0.1205394 -0.9927086 -1.10493e-5 -0.3049511 -0.9523681 4.0147e-6 -0.3546003 -0.9350181 5.05674e-5 -0.4958824 -0.8683898 3.06557e-6 -0.5680639 -0.8229845 3.33698e-5 -0.6652434 -0.7466266 2.83347e-5 -0.7485117 -0.6631217 5.8624e-5 -0.8056532 -0.5923876 -1.12953e-5 -0.8854557 -0.464724 -1.00735e-5 -0.9110096 -0.4123853 -9.91075e-5 -0.9709408 -0.2393199 4.31761e-5 -0.9767437 -0.2144103 -9.91262e-5 -0.9941647 -0.1078736 3.05567e-5 -1 -2.10106e-5 4.33461e-6 -1 3.54648e-6 0 -0.9999995 8.88109e-6 0.001021444 -0.9782704 0.207333 -1.69528e-4 -1 1.71661e-5 0 -0.9709457 0.2393002 9.28555e-5 -0.9139357 0.4058589 -5.60681e-5 -0.885456 0.4647235 -5.35511e-6 -0.8098568 0.5866277 -5.80618e-5 -0.748511 0.6631224 3.55088e-5 -0.6705434 0.7418704 -7.04991e-5 -0.5680637 0.8229846 2.77048e-5 -0.5020552 0.8648356 7.68621e-6 -0.3545979 0.9350189 6.35195e-5 -0.3117293 0.950171 3.13507e-5 -0.1205507 0.9927073 -6.3924e-5 -0.1077321 0.99418 1.65006e-5 0.1005159 0.9949355 -3.36315e-5 0.1205394 0.9927086 -1.11529e-5 0.304932 0.9523741 -3.74067e-5 0.3546003 0.935018 5.03607e-5 0.4958824 0.8683898 3.21318e-6 0.5680639 0.8229845 3.29397e-5 0.6652433 0.7466266 2.81744e-5 0.7485109 0.6631225 1.22224e-5 0.805653 0.5923877 -1.14408e-5 0.8854574 0.4647206 3.57709e-5 0.9110096 0.4123854 -9.92906e-5 0.9709419 0.2393154 -2.86649e-6 0.9767438 0.2144101 -9.90886e-5 0.9941526 0.1079845 1.16267e-4 1 2.05562e-5 4.22122e-6 1 -3.54648e-6 0 0.9999995 -9.54419e-6 0.001021504 0.9783084 -0.2071536 -4.36516e-4 0.9709438 -0.2393078 4.7398e-5 0.9139322 -0.4058669 -1.06927e-5 0.885456 -0.4647235 -5.21634e-6 0.8098568 -0.5866277 -5.80512e-5 0.748511 -0.6631224 3.57204e-5 0.6705434 -0.7418704 -7.08231e-5 0.5680637 -0.8229846 2.77618e-5 0.5020552 -0.8648357 7.71869e-6 0.3545979 -0.935019 6.39553e-5 0.3117345 -0.9501693 7.7303e-5 0.1205505 -0.9927072 -6.28984e-5 0.1077306 -0.9941802 1.68349e-5 -0.100516 -0.9949355 -3.30447e-5 -0.1205393 -0.9927086 -1.02813e-5 -0.3049321 -0.9523742 -3.71768e-5 -0.3546003 -0.935018 5.08839e-5 -0.4958824 -0.8683898 2.91248e-6 -0.5680639 -0.8229845 3.35048e-5 -0.6652433 -0.7466266 2.85059e-5 -0.7485109 -0.6631225 1.25892e-5 -0.8056532 -0.5923876 -1.0966e-5 -0.8854574 -0.4647206 3.58806e-5 -0.9110096 -0.4123853 -9.91474e-5 -0.9709408 -0.2393199 4.32427e-5 -0.9767438 -0.2144101 -9.90886e-5 -0.9941647 -0.1078733 3.03743e-5 -1 -2.12044e-5 4.30318e-6 -1 2.9169e-6 0 -0.6938511 0.1363053 -0.7071009 -0.7071022 3.95179e-5 -0.7071114 -0.7071055 1.50196e-5 -0.7071081 -0.6865649 0.1692245 -0.7071009 -0.6545241 0.2675724 -0.7071092 -0.6261023 0.3286033 -0.707118 -0.5970926 0.3787348 -0.7071354 -0.5292803 0.4689006 -0.7071029 -0.5285238 0.4697515 -0.7071041 -0.4458763 0.5487929 -0.7071214 -0.4016776 0.5819295 -0.7071161 -0.3516764 0.6134497 -0.7071091 -0.2507453 0.6611593 -0.7071034 -0.2482952 0.6620805 -0.7071061 -0.1385123 0.6934105 -0.7071042 -0.08523237 0.7019517 -0.7071064 -0.02507078 0.7066572 -0.7071118 0.0852316 0.7019549 -0.7071033 0.08906549 0.7014716 -0.7071103 0.2007448 0.6780045 -0.7071149 0.2507356 0.6611379 -0.7071269 0.3072851 0.6368565 -0.7070995 0.4016831 0.5819407 -0.7071038 0.405838 0.5790442 -0.7071091 0.493729 0.5061876 -0.7071109 0.5292751 0.4688971 -0.7071092 0.5687966 0.4200662 -0.7071173 0.6261141 0.3286106 -0.7071042 0.6289812 0.3230922 -0.7071027 0.6727873 0.2175959 -0.7071134 0.6865711 0.169224 -0.707095 0.6984677 0.1101006 -0.7071214 0.7071081 4.72169e-6 -0.7071055 0.7071086 2.7895e-5 -0.707105 0.6938511 -0.1363053 -0.7071008 0.7071028 -3.9503e-5 -0.7071108 0.707107 -1.50954e-5 -0.7071067 0.6865651 -0.1692245 -0.7071007 0.6545237 -0.2675727 -0.7071093 0.6261024 -0.3286035 -0.7071178 0.5971668 -0.3786946 -0.7070943 0.5292801 -0.468901 -0.7071028 0.5282092 -0.4700964 -0.70711 0.4458525 -0.5488306 -0.7071072 0.4016785 -0.5819296 -0.7071156 0.3516762 -0.6134498 -0.7071092 0.2507452 -0.6611599 -0.7071028 0.2478515 -0.6622264 -0.7071251 0.1385115 -0.6934108 -0.707104 0.08523309 -0.7019513 -0.7071066 0.02507174 -0.7066574 -0.7071115 -0.08523219 -0.7019544 -0.7071036 -0.0889278 -0.7014971 -0.7071024 -0.2007451 -0.6780047 -0.7071146 -0.2507358 -0.661139 -0.7071258 -0.307316 -0.6368247 -0.7071146 -0.4016841 -0.5819409 -0.707103 -0.4058375 -0.5790446 -0.7071091 -0.4937285 -0.506188 -0.707111 -0.5292754 -0.4688976 -0.7071087 -0.5687846 -0.420108 -0.7071021 -0.6261146 -0.3286109 -0.7071036 -0.6290162 -0.3230056 -0.7071111 -0.6728131 -0.2175588 -0.7071003 -0.6865702 -0.1692247 -0.7070958 -0.6984677 -0.1101011 -0.7071214 -0.7071086 -4.74381e-6 -0.707105 -0.7071042 -2.80179e-5 -0.7071094 -0.6938354 0.1363484 -0.7071079 -0.7071024 3.9123e-5 -0.7071111 -0.7071096 1.44498e-5 -0.707104 -0.686566 0.1692242 -0.7070999 -0.6545233 0.2675732 -0.7071095 -0.6261022 0.328603 -0.7071183 -0.5971277 0.3787156 -0.7071159 -0.5292811 0.4689012 -0.707102 -0.5282086 0.4700973 -0.7071098 -0.445876 0.5487937 -0.707121 -0.4016789 0.5819319 -0.7071135 -0.3516776 0.6134496 -0.7071086 -0.2507462 0.661162 -0.7071006 -0.2482953 0.6620822 -0.7071045 -0.1385121 0.6934104 -0.7071043 -0.08523249 0.701952 -0.7071059 -0.0250709 0.7066571 -0.7071118 0.08523184 0.7019552 -0.7071029 0.08906531 0.7014718 -0.7071102 0.2007454 0.6780046 -0.7071146 0.2507354 0.6611402 -0.7071248 0.3072841 0.6368576 -0.707099 0.4016841 0.5819422 -0.7071021 0.4058384 0.579044 -0.7071091 0.4937292 0.5061877 -0.7071108 0.5292758 0.4688979 -0.7071081 0.5687842 0.4201091 -0.7071017 0.6261145 0.3286107 -0.7071038 0.6289811 0.3230922 -0.7071027 0.6727866 0.2175968 -0.7071138 0.6865695 0.1692244 -0.7070965 0.6984801 0.110141 -0.7071029 0.7071043 2.6428e-6 -0.7071093 0.7071078 2.83942e-5 -0.7071058 0.6938356 -0.1363481 -0.7071077 0.7071017 -3.95998e-5 -0.7071119 0.7071046 -1.50852e-5 -0.7071091 0.6865661 -0.1692247 -0.7070998 0.6545247 -0.2675714 -0.707109 0.6261014 -0.3286024 -0.7071192 0.5971663 -0.3786949 -0.7070946 0.5292807 -0.4689009 -0.7071025 0.5284294 -0.469855 -0.7071059 0.4458527 -0.5488303 -0.7071074 0.4016792 -0.5819302 -0.7071146 0.3516757 -0.6134497 -0.7071094 0.2507453 -0.6611605 -0.7071023 0.2481625 -0.6621235 -0.7071123 0.138512 -0.6934107 -0.707104 0.08523315 -0.7019497 -0.7071081 0.02507036 -0.7066569 -0.7071121 -0.08523154 -0.7019529 -0.7071052 -0.08892905 -0.7014969 -0.7071024 -0.2007454 -0.6780045 -0.7071147 -0.2507354 -0.6611383 -0.7071266 -0.3072839 -0.6368575 -0.7070991 -0.4016841 -0.5819416 -0.7071025 -0.4058009 -0.5790745 -0.7071056 -0.4937276 -0.5061882 -0.7071115 -0.5292752 -0.4688974 -0.707109 -0.5687845 -0.4201082 -0.7071021 -0.6261142 -0.3286105 -0.7071041 -0.6290161 -0.3230054 -0.7071113 -0.6727877 -0.2175954 -0.7071132 -0.6865398 -0.1692182 -0.7071269 -0.698468 -0.1101018 -0.707121 -0.7071075 -4.85691e-6 -0.7071062 -0.7071054 -2.85283e-5 -0.7071082 6.3593e-7 0 -1 -6.17451e-7 0 -1 1.81647e-6 0 -1 0 0 -1 -1.81647e-6 0 -1 -1.81648e-6 0 -1 -1.81647e-6 0 -1 6.17451e-7 0 -1 6.3593e-7 0 -1 0 0 -1 3.96969e-7 0 -1 -2.27466e-7 0 -1 1.81647e-6 0 -1 2.48274e-7 0 -1 1.81648e-6 0 -1 -2.74376e-7 0 -1 0.686559 0.169224 -0.7071068 0.7071067 3.03077e-5 -0.707107 0.6865592 0.1692234 -0.7071068 0.7071053 3.01674e-5 -0.7071083 0.626111 0.3286108 -0.7071068 0.6261111 0.3286104 -0.707107 0.5292755 0.4689 -0.707107 0.5292759 0.4688999 -0.7071068 0.4016807 0.5819387 -0.7071069 0.4016813 0.5819385 -0.7071067 0.2507414 0.661157 -0.7071069 0.2507421 0.6611569 -0.7071068 0.08523005 0.7019513 -0.7071069 0.08523076 0.7019514 -0.7071068 -0.0852344 0.7019508 -0.707107 -0.08523374 0.7019511 -0.7071068 -0.2507454 0.6611556 -0.7071068 -0.2507449 0.6611558 -0.7071068 -0.4016842 0.5819365 -0.7071067 -0.4016838 0.5819364 -0.7071069 -0.5292783 0.4688971 -0.7071067 -0.529278 0.468897 -0.7071071 -0.626112 0.328609 -0.7071068 -0.6261119 0.3286087 -0.707107 -0.6865592 0.1692233 -0.7071068 -0.6865592 0.1692239 -0.7071067 -0.7071039 3.0309e-5 -0.7071096 -0.707108 3.01573e-5 -0.7071056 0.7071145 3.47012e-5 0.7070991 0.6936072 0.1375101 0.7071069 0.7071075 1.48267e-5 0.7071062 0.6865757 0.1692227 0.7070909 0.6536334 0.2697303 0.7071132 0.6261281 0.3286166 0.707089 0.5886936 0.391718 0.7071046 0.5292881 0.4689095 0.7070913 0.501265 0.4987309 0.7071074 0.4016796 0.5819314 0.7071135 0.394733 0.5866725 0.7071078 0.2731174 0.652235 0.7071043 0.2507421 0.6611543 0.7071092 0.1410295 0.692902 0.7071051 0.08523589 0.7019686 0.7070892 0.003575503 0.7070651 0.7071395 -0.08523011 0.7019392 0.7071189 -0.1339527 0.6943041 0.7071057 -0.2507439 0.6611568 0.7071062 -0.266434 0.6549922 0.7071055 -0.4016838 0.5819432 0.7071013 -0.3887138 0.5906797 0.7071062 -0.4961737 0.5037992 0.7071056 -0.5292893 0.4689118 0.7070889 -0.5846695 0.3977044 0.7071018 -0.6261093 0.3286085 0.7071093 -0.6508395 0.2764208 0.7071064 -0.6865591 0.1692221 0.7071072 -0.6921698 0.144573 0.7071066 -0.7033688 0.07267594 0.7071002 -0.7071092 3.81768e-5 0.7071044 -0.7071067 -2.8012e-6 0.707107 -0.6865603 -0.1692211 0.7071063 -0.7071082 -2.9698e-5 0.7071054 -0.7071059 -3.07292e-5 0.7071076 -0.6865583 -0.1692233 0.7071076 -0.6261123 -0.3286086 0.7071067 -0.6261101 -0.3286108 0.7071076 -0.5292786 -0.4688979 0.7071061 -0.5292758 -0.4689001 0.7071067 -0.401684 -0.5819373 0.7071061 -0.4016802 -0.5819385 0.7071073 -0.2507444 -0.6611557 0.7071072 -0.2507409 -0.6611561 0.707108 -0.08523315 -0.7019515 0.7071065 -0.08522969 -0.7019519 0.7071064 0.08523124 -0.7019522 0.7071059 0.08523464 -0.701952 0.7071058 0.2507423 -0.6611572 0.7071065 0.2507462 -0.6611559 0.7071063 0.4016824 -0.5819375 0.7071067 0.4016855 -0.5819361 0.7071062 0.5292779 -0.4688996 0.7071055 0.5292787 -0.4688997 0.7071048 0.6261103 -0.3286101 0.7071077 0.6261115 -0.3286083 0.7071075 0.6865571 -0.1692256 0.7071082 0.6865594 -0.1692211 0.7071071 0.707108 -2.99845e-5 0.7071056 0.7071039 -2.67252e-5 0.7071097 0.7071141 3.48343e-5 0.7070996 0.6936073 0.1375102 0.7071067 0.7071065 1.66744e-5 0.7071072 0.6865428 0.1692205 0.7071234 0.6536332 0.2697311 0.707113 0.6261283 0.3286169 0.7070886 0.5886933 0.3917183 0.7071047 0.5292874 0.4689083 0.7070925 0.5012643 0.4987317 0.7071074 0.4016793 0.5819309 0.707114 0.3946949 0.5867015 0.7071049 0.2731174 0.652235 0.7071043 0.2507422 0.6611542 0.7071093 0.1410731 0.6928874 0.7071107 0.08523583 0.7019686 0.7070892 0.003549516 0.7070373 0.7071673 -0.08523511 0.7019714 0.7070865 -0.1339525 0.6943042 0.7071057 -0.2507441 0.6611568 0.7071062 -0.266434 0.6549923 0.7071055 -0.4016841 0.5819435 0.7071009 -0.3887126 0.5906804 0.7071062 -0.496138 0.5038293 0.7071091 -0.5292904 0.4689118 0.7070881 -0.5846697 0.3977043 0.7071015 -0.6261088 0.3286083 0.7071098 -0.6508401 0.2764189 0.7071067 -0.6865593 0.1692211 0.7071072 -0.692169 0.144576 0.7071068 -0.7033697 0.07267552 0.7070993 -0.7071099 3.68431e-5 0.7071038 -0.7071067 3.40585e-5 0.707107 -0.6865594 -0.1692208 0.7071071 -0.7071081 -2.99588e-5 0.7071055 -0.7071059 -2.66095e-5 0.7071077 -0.6865573 -0.1692256 0.7071081 -0.6261115 -0.3286081 0.7071076 -0.6261101 -0.3286101 0.7071079 -0.5292778 -0.4688993 0.7071057 -0.5292785 -0.4688999 0.7071049 -0.401685 -0.5819356 0.707107 -0.4016821 -0.5819369 0.7071074 -0.2507435 -0.6611561 0.707107 -0.2507433 -0.6611559 0.7071073 -0.08523333 -0.7019519 0.707106 -0.08522933 -0.7019527 0.7071056 0.08523094 -0.7019515 0.7071066 0.0852347 -0.7019515 0.7071062 0.2507429 -0.6611567 0.7071068 0.2507464 -0.6611562 0.7071059 0.4016826 -0.5819379 0.7071064 0.4016851 -0.5819366 0.7071061 0.5292765 -0.4688989 0.707107 0.5292786 -0.4688969 0.7071067 0.626112 -0.3286102 0.7071062 0.6261133 -0.3286076 0.7071063 0.686559 -0.1692215 0.7071075 0.6865576 -0.169221 0.7071089 0.7071076 -2.96699e-5 0.7071061 0.7071032 -3.07187e-5 0.7071104 0.7071143 3.45764e-5 0.7070993 0.6936071 0.13751 0.7071069 0.7071065 1.43573e-5 0.7071071 0.6865424 0.16922 0.7071239 0.6536334 0.2697297 0.7071133 0.626099 0.3286017 0.7071217 0.5886934 0.3917182 0.7071046 0.5292881 0.4689094 0.7070914 0.501265 0.498731 0.7071074 0.4016796 0.5819309 0.7071139 0.3947333 0.586672 0.7071079 0.2731176 0.6522347 0.7071045 0.250743 0.6611559 0.7071074 0.1410286 0.6929023 0.7071049 0.08523094 0.7019388 0.7071193 0.003549098 0.7070372 0.7071676 -0.08523529 0.7019717 0.7070861 -0.1339976 0.6942917 0.7071095 -0.2507445 0.6611572 0.7071056 -0.266434 0.6549922 0.7071055 -0.4016839 0.5819429 0.7071015 -0.3887144 0.5906791 0.7071063 -0.496138 0.5038295 0.7071089 -0.529289 0.4689105 0.70709 -0.5846314 0.3977157 0.7071269 -0.6261091 0.3286083 0.7071096 -0.650852 0.2763767 0.7071123 -0.6865592 0.1692219 0.7071072 -0.6921699 0.1445725 0.7071065 -0.703369 0.07267582 0.7070999 -0.7071157 3.56734e-5 0.7070979 -0.7071073 -2.87084e-6 0.7071062 -0.6865602 -0.1692209 0.7071064 -0.7071061 -2.98545e-5 0.7071075 -0.707106 -3.07429e-5 0.7071077 -0.6865593 -0.1692232 0.7071067 -0.6261119 -0.3286082 0.7071073 -0.6261103 -0.3286106 0.7071075 -0.529278 -0.4688981 0.7071064 -0.5292756 -0.4689009 0.7071063 -0.4016838 -0.5819377 0.7071058 -0.4016807 -0.5819391 0.7071065 -0.2507442 -0.6611552 0.7071077 -0.2507405 -0.6611555 0.7071086 -0.08523166 -0.7019512 0.7071069 -0.08523142 -0.7019503 0.7071079 0.0852319 -0.7019518 0.7071063 0.08523201 -0.7019516 0.7071064 0.2507429 -0.6611583 0.7071053 0.2507458 -0.6611561 0.7071062 0.401683 -0.5819383 0.7071059 0.4016842 -0.5819343 0.7071084 0.5292767 -0.4689001 0.707106 0.529278 -0.4688982 0.7071063 0.6261122 -0.3286104 0.7071059 0.6261135 -0.3286076 0.7071061 0.6865599 -0.1692213 0.7071067 0.6865587 -0.1692226 0.7071074 0.7071095 -3.01701e-5 0.7071042 0.7071048 -2.68295e-5 0.7071089 0.7071141 3.47624e-5 0.7070994 0.6936074 0.1375101 0.7071066 0.7071059 1.62348e-5 0.7071077 0.6865751 0.169223 0.7070914 0.6536334 0.2697304 0.7071132 0.6261284 0.3286171 0.7070885 0.5886582 0.3917458 0.7071186 0.5292872 0.4689095 0.707092 0.5012981 0.4986999 0.7071058 0.4016794 0.5819306 0.7071142 0.3947324 0.5866728 0.7071078 0.2731176 0.6522347 0.7071044 0.2507434 0.6611559 0.7071073 0.1410723 0.6928877 0.7071106 0.08523082 0.701938 0.7071201 0.003574788 0.7070643 0.7071403 -0.08522951 0.7019398 0.7071185 -0.1339524 0.6943042 0.7071056 -0.2507444 0.6611568 0.707106 -0.2664337 0.6549923 0.7071056 -0.4016839 0.5819426 0.7071017 -0.3887133 0.5906798 0.7071064 -0.4961732 0.5037997 0.7071055 -0.5292662 0.4688884 0.7071216 -0.5846316 0.3977156 0.7071267 -0.6261084 0.328608 0.7071104 -0.65084 0.276419 0.7071067 -0.6865593 0.1692222 0.7071069 -0.6921695 0.1445754 0.7071064 -0.7033689 0.0726754 0.7071002 -0.7071086 3.68878e-5 0.707105 -0.7071074 3.38578e-5 0.7071062 -0.6865605 -0.1692211 0.7071061 -0.707107 -3.01823e-5 0.7071066 -0.7071074 -2.68334e-5 0.7071063 -0.686559 -0.1692257 0.7071064 -0.6261125 -0.3286084 0.7071066 -0.626111 -0.3286104 0.707107 -0.5292789 -0.4688995 0.7071047 -0.5292765 -0.468901 0.7071056 -0.4016824 -0.581937 0.7071073 -0.4016811 -0.5819343 0.7071102 -0.250743 -0.6611558 0.7071075 -0.2507439 -0.6611573 0.7071058 -0.08523184 -0.7019515 0.7071066 -0.08523106 -0.7019522 0.7071059 0.08523195 -0.7019511 0.7071069 0.08523178 -0.7019498 0.7071083 0.2507431 -0.6611573 0.7071061 0.2507458 -0.661156 0.7071063 0.4016824 -0.5819379 0.7071065 0.4016836 -0.5819346 0.7071086 0.5292758 -0.4688988 0.7071076 0.5292773 -0.4688968 0.7071078 0.6261125 -0.3286104 0.7071056 0.6261137 -0.3286083 0.7071055 0.68656 -0.1692215 0.7071065 0.6865589 -0.169221 0.7071077 0.7071089 -2.98854e-5 0.7071046 0.707104 -3.0838e-5 0.7071096 4.98701e-7 0 -1 -1.04499e-6 0 -1 -5.01155e-7 0 -1 -1.0297e-6 0 -1 2.49887e-7 0 -1 6.48569e-7 0 -1 -2.07768e-6 0 -1 6.45968e-7 0 -1 3.75333e-7 0 -1 -2.05632e-6 0 -1 7.82309e-7 0 -1 4.79787e-7 0 -1 -2.06813e-6 0 -1 4.98896e-7 0 -1 4.81787e-7 0 -1 -4.97873e-7 0 -1 5.24047e-7 0 -1 2.57003e-7 0 -1 -4.81855e-7 0 -1 1.5564e-6 0 -1 -1.03949e-6 0 -1 -4.81544e-7 0 -1 1.60629e-6 0 -1 2.48997e-7 0 -1 -1.29647e-7 0 -1 -7.79987e-7 0 -1 -2.40959e-7 0 -1 1.28507e-6 0 -1 5.18168e-7 0 -1 -5.20499e-7 0 -1 3.00805e-7 0 -1 2.59188e-7 0 -1 1.04048e-6 0 -1 -9.6397e-7 0 -1 -5.14045e-7 0 -1 -9.62753e-7 0 -1 2.41022e-7 0 -1 4.98701e-7 0 -1 -1.04499e-6 0 -1 -1.0297e-6 0 -1 6.4857e-7 0 -1 6.45968e-7 0 -1 4.79787e-7 0 -1 4.81786e-7 0 -1 5.24047e-7 0 -1 2.57004e-7 0 -1 -4.81856e-7 0 -1 1.5564e-6 0 -1 -1.03949e-6 0 -1 -4.81545e-7 0 -1 1.28507e-6 0 -1 5.18168e-7 0 -1 -5.205e-7 0 -1 3.00804e-7 0 -1 2.59188e-7 0 -1 1.04048e-6 0 -1 -9.63969e-7 0 -1 -5.14045e-7 0 -1 -9.62752e-7 0 -1 -2.26974e-7 0 1 1.46016e-6 0 1 2.23336e-7 0 1 -1.49786e-6 0 1 2.96999e-7 0 1 -7.1995e-7 0 1 -1.80502e-7 0 1 2.98234e-7 0 1 3.6261e-6 0 1 2.64555e-7 0 1 -1.16609e-6 0 1 -1.57534e-7 0 1 2.01325e-6 0 1 -2.85773e-7 0 1 -1.87017e-7 0 1 -2.91467e-7 0 1 -5.8126e-7 0 1 -4.80667e-7 0 1 0 0 1 2.58303e-6 0 1 -3.70103e-7 0 1 6.64511e-7 0 1 7.59023e-7 0 1 -5.99951e-6 0 1 3.18892e-7 0 1 -3.59221e-6 0 1 2.02366e-7 0 1 7.66051e-7 0 1 -3.53435e-7 0 1 0 0 1 7.51426e-7 0 1 -3.34109e-6 0 1 3.72392e-7 0 1 -2.22017e-7 0 1 -6.47928e-6 0 1 3.41722e-7 0 1 5.92032e-6 0 1 -6.14566e-6 0 1 2.91467e-7 0 1 1.87017e-7 0 1 -2.6041e-7 0 1 8.11657e-7 0 1 1.31545e-7 0 1 0 0 1 -2.58303e-6 0 1 -1.62156e-7 0 1 -1.72231e-6 0 1 3.0855e-6 0 1 1.57534e-7 0 1 4.94665e-7 0 1 1.80502e-7 0 1 -2.01325e-6 0 1 -2.00729e-6 0 1 -1.93739e-6 0 1 5.93998e-7 0 1 1.44172e-6 0 1 1.44204e-6 0 1 -1.53945e-6 0 1 1.92093e-6 0 1 4.53948e-7 0 1 2.23337e-7 0 1 -1.1234e-6 0 1 -1.46016e-6 0 1 1.49786e-6 0 1 -3.46301e-7 0 1 -5.37162e-7 0 1 3.43438e-7 0 1 -4.53948e-7 0 1 -3.43582e-7 0 1 -7.5523e-7 0 1 -2.55196e-6 0 1 -7.68505e-7 0 1 0 0 1 0 0 1 -7.5587e-7 0 1 -3.56838e-7 0 1 -3.23231e-7 0 1 -2.82381e-6 0 1 -6.61052e-7 0 1 5.9527e-6 0 1 0 0 1 -2.96999e-7 0 1 1.23896e-6 0 1 8.09654e-7 0 1 6.04757e-6 0 1 -3.28141e-6 0 1 4.64271e-6 0 1 -3.02708e-7 0 1 1.38411e-6 0 1 1.61893e-7 0 1 -3.22425e-7 0 1 -3.18344e-7 0 1 4.33785e-7 0 1 1.75063e-7 0 1 4.45965e-7 0 1 1.76335e-7 0 1 -1.81305e-6 0 1 9.19588e-7 0 1 6.31763e-7 0 1 -1.8563e-7 0 1 -1.913e-7 0 1 -5.36177e-7 0 1 3.24697e-7 0 1 3.20318e-6 0 1 7.1995e-7 0 1 1.16609e-6 0 1 -5.6116e-7 0 1 -2.86424e-7 0 1 6.11372e-7 0 1 5.04145e-7 0 1 -2.00731e-6 0 1 3.15896e-7 0 1 -8.82624e-7 0 1 1.75381e-7 0 1 3.06893e-6 0 1 -1.9832e-7 0 1 -2.9494e-7 0 1 0 0 1 1.50095e-7 0 1 5.70948e-7 0 1 -1.90224e-6 0 1 -1.45374e-6 0 1 -2.95406e-7 0 1 5.05282e-7 0 1 3.07591e-7 0 1 -1.33512e-6 0 1 7.30191e-7 0 1 1.38979e-6 0 1 0 0 1 1.72231e-6 0 1 1.47344e-6 0 1 -3.02033e-7 0 1 1.70187e-7 0 1 5.71545e-7 0 1 -5.13553e-7 0 1 -1.29501e-6 0 1 -1.12259e-6 0 1 -8.11657e-7 0 1 -1.20249e-6 0 1 4.79532e-7 0 1 2.26042e-6 0 1 -2.07779e-7 0 1 1.8445e-7 0 1 -2.94605e-6 0 1 -2.19981e-6 0 1 2.36791e-6 0 1 7.28982e-7 0 1 -3.86509e-6 0 1 5.67066e-7 0 1 1.11909e-6 0 1 -2.56972e-6 0 1 4.80667e-7 0 1 -6.40459e-7 0 1 -1.31545e-7 0 1 0 0 1 3.70103e-7 0 1 -9.77477e-7 0 1 -1.01392e-6 0 1 5.77499e-7 0 1 7.12515e-7 0 1 2.6041e-7 0 1 4.26128e-7 0 1 -6.31763e-7 0 1 -1.38411e-6 0 1 -3.43438e-7 0 1 5.37162e-7 0 1 1.1234e-6 0 1 -1.09512e-6 0 1 -2.23337e-7 0 1 4.98702e-7 0 -1 2.49887e-7 0 -1 -2.07768e-6 0 -1 6.45968e-7 0 -1 3.75332e-7 0 -1 -2.05632e-6 0 -1 7.8231e-7 0 -1 -4.79787e-7 0 -1 -2.06814e-6 0 -1 2.40892e-7 0 -1 5.24049e-7 0 -1 -2.40813e-7 0 -1 7.71012e-7 0 -1 4.68788e-7 0 -1 -5.01424e-7 0 -1 5.18799e-7 0 -1 -1.03949e-6 0 -1 -5.00174e-7 0 -1 4.81545e-7 0 -1 -4.49762e-7 0 -1 2.48997e-7 0 -1 -9.39939e-7 0 -1 5.31658e-7 0 -1 2.57013e-7 0 -1 0 0 -1 -2.6012e-7 0 -1 -5.14046e-7 0 -1 9.62752e-7 0 -1 4.98703e-7 0 -1 -1.04499e-6 0 -1 -5.01156e-7 0 -1 -2.49887e-7 0 -1 -2.57607e-7 0 -1 4.00737e-7 0 -1 3.75332e-7 0 -1 -2.05632e-6 0 -1 2.81632e-7 0 -1 4.79786e-7 0 -1 1.02947e-6 0 -1 2.40893e-7 0 -1 5.24043e-7 0 -1 -4.81627e-7 0 -1 7.71005e-7 0 -1 5.18801e-7 0 -1 4.81543e-7 0 -1 -3.21259e-7 0 -1 2.48998e-7 0 -1 -1.06959e-6 0 -1 2.07996e-6 0 -1 -2.40959e-7 0 -1 2.57012e-7 0 -1 -9.62924e-7 0 -1 0 0 -1 -2.60122e-7 0 -1 -1.20511e-7 0 -1 -0.464035 0.2234675 -0.8571662 -0.5150545 -1.31408e-5 -0.8571574 -0.5150264 3.33448e-5 -0.8571745 -0.3211203 0.4026732 -0.8571674 -0.4640207 0.2234504 -0.8571785 -0.500054 0.1232399 -0.8571803 -0.4560229 0.2393726 -0.857172 -0.3855121 0.3415367 -0.8571658 -0.1146043 0.5021249 -0.8571678 -0.3211047 0.4026549 -0.857182 -0.2925767 0.4238678 -0.8571668 -0.1826428 0.4815548 -0.8571736 0.1146062 0.5021249 -0.8571676 -0.5400569 -0.4306798 -0.7230861 -0.1146041 0.5021151 -0.8571735 -0.06208437 0.5112851 -0.8571658 0.06205326 0.5112665 -0.8571791 0.3211211 0.4026736 -0.8571671 0.1146096 0.5021351 -0.857161 0.1826425 0.4815547 -0.8571738 0.4640276 0.2234976 -0.8571624 0.3211171 0.4026675 -0.8571714 0.2925767 0.423868 -0.8571667 0.3855123 0.3415367 -0.8571657 0.4640275 0.2234592 -0.8571725 0.4560229 0.2393726 -0.857172 0.5000546 0.1232391 -0.8571801 0.5150374 1.11312e-5 -0.8571677 0.3211212 -0.4026735 -0.8571671 0.5150553 1.08687e-5 -0.8571569 0.4640243 -0.2234539 -0.8571755 0.464028 -0.2234587 -0.8571723 0.5150317 -9.11509e-6 -0.8571711 0.5000544 -0.1232399 -0.85718 0.4560538 -0.2393386 -0.857165 0.3855118 -0.3415364 -0.857166 0.1146056 -0.5021243 -0.8571679 0.3211046 -0.4026551 -0.8571819 0.2925767 -0.4238679 -0.8571668 0.1826426 -0.4815548 -0.8571736 -0.1146073 -0.502124 -0.8571679 0.5400563 0.4306797 -0.7230866 0.1146044 -0.5021156 -0.8571733 0.06208413 -0.5112852 -0.8571658 -0.0620535 -0.5112663 -0.8571792 -0.3211219 -0.402673 -0.8571671 -0.1145977 -0.5020978 -0.8571845 -0.1826428 -0.4815549 -0.8571736 -0.4640146 -0.2234485 -0.8571822 -0.3211047 -0.4026556 -0.8571816 -0.2925767 -0.4238681 -0.8571667 -0.3855125 -0.3415362 -0.8571659 -0.4640319 -0.223466 -0.8571683 -0.4560539 -0.2393387 -0.857165 -0.500055 -0.1232391 -0.8571797 -0.5150381 -1.12429e-5 -0.8571673 -0.3211207 0.4026723 -0.8571678 -0.5150556 -9.37411e-6 -0.8571568 -0.4639945 0.2234253 -0.8571992 -0.4640275 0.2234596 -0.8571724 -0.5150318 9.89821e-6 -0.8571712 -0.5000551 0.1232411 -0.8571795 -0.4560234 0.239372 -0.857172 -0.3855121 0.3415372 -0.8571656 -0.1146066 0.5021247 -0.8571674 -0.3211042 0.4026554 -0.8571819 -0.2925773 0.4238675 -0.8571668 -0.1826432 0.4815539 -0.857174 0.1146074 0.5021244 -0.8571677 -0.1145977 0.5020975 -0.8571847 -0.06209051 0.5112892 -0.8571629 0.3211216 0.4026721 -0.8571675 0.1146045 0.5021162 -0.8571727 0.06208425 0.5112856 -0.8571655 0.1826425 0.4815555 -0.8571734 0.4640595 0.2234378 -0.8571606 0.3211169 0.4026681 -0.8571711 0.2925772 0.423868 -0.8571666 0.3855122 0.3415365 -0.8571659 0.464027 0.2234595 -0.8571727 0.4560551 0.2393374 -0.8571648 0.5000557 0.1232411 -0.8571791 0.5150382 1.35154e-5 -0.8571674 0.3211211 -0.4026722 -0.8571676 0.5150557 1.05236e-5 -0.8571568 0.4640592 -0.2234844 -0.8571487 0.4640275 -0.2234588 -0.8571724 0.5150318 -1.13889e-5 -0.8571712 0.500055 -0.1232419 -0.8571794 0.4560551 -0.2393375 -0.8571647 0.3855119 -0.3415367 -0.8571659 0.114606 -0.5021259 -0.8571669 0.3211312 -0.4026847 -0.857158 0.2925772 -0.4238678 -0.8571667 0.1826423 -0.4815554 -0.8571735 -0.1146078 -0.5021246 -0.8571674 0.5400562 0.4306802 -0.7230862 0.1145977 -0.5020971 -0.8571849 0.06209087 -0.5112895 -0.8571626 -0.3211214 -0.4026715 -0.8571678 -0.1146045 -0.5021162 -0.8571729 -0.06208437 -0.5112857 -0.8571655 -0.182643 -0.4815537 -0.8571742 -0.464032 -0.2234238 -0.8571792 -0.321117 -0.4026681 -0.8571711 -0.2925773 -0.4238677 -0.8571667 -0.3855124 -0.3415371 -0.8571655 -0.4640269 -0.2234602 -0.8571725 -0.4560234 -0.239372 -0.8571718 -0.5000557 -0.1232402 -0.8571793 -0.5150381 -1.20327e-5 -0.8571673 -0.4640336 0.2234677 -0.8571669 -0.5150544 -1.32537e-5 -0.8571575 -0.5150268 3.33444e-5 -0.8571741 -0.3211212 0.4026735 -0.8571671 -0.4640204 0.2234504 -0.8571785 -0.5000544 0.1232399 -0.85718 -0.4560538 0.2393386 -0.857165 -0.3855118 0.3415364 -0.857166 -0.1146056 0.5021243 -0.8571679 -0.3211046 0.4026551 -0.8571819 -0.2925767 0.4238679 -0.8571668 -0.1826426 0.4815548 -0.8571736 0.1146073 0.502124 -0.8571679 -0.5400563 -0.4306797 -0.7230866 -0.1146044 0.5021156 -0.8571733 -0.06208413 0.5112852 -0.8571658 0.0620535 0.5112663 -0.8571792 0.3211216 0.4026732 -0.857167 0.1145977 0.5020978 -0.8571845 0.1826428 0.4815549 -0.8571736 0.4640246 0.2234527 -0.8571756 0.3211172 0.4026678 -0.8571712 0.2925767 0.4238681 -0.8571667 0.3855125 0.3415362 -0.8571659 0.4640274 0.2234594 -0.8571725 0.4560539 0.2393387 -0.857165 0.500055 0.1232391 -0.8571797 0.5150381 1.12429e-5 -0.8571673 0.3211203 -0.4026732 -0.8571674 0.515056 1.25116e-5 -0.8571566 0.4640113 -0.2234229 -0.8571907 0.4640268 -0.2234601 -0.8571726 0.5150341 -1.00503e-5 -0.8571698 0.500054 -0.1232399 -0.8571803 0.4560229 -0.2393726 -0.857172 0.3855121 -0.3415367 -0.8571658 0.1146043 -0.5021249 -0.8571678 0.3211047 -0.4026549 -0.857182 0.2925767 -0.4238678 -0.8571668 0.1826428 -0.4815548 -0.8571736 -0.1146062 -0.5021249 -0.8571676 0.5400569 0.4306798 -0.7230861 0.1146041 -0.5021151 -0.8571735 0.06208437 -0.5112851 -0.8571658 -0.06205326 -0.5112665 -0.8571791 -0.3211212 -0.4026728 -0.8571673 -0.1146096 -0.5021351 -0.857161 -0.1826425 -0.4815547 -0.8571738 -0.464044 -0.2234948 -0.8571542 -0.3211048 -0.4026557 -0.8571816 -0.2925767 -0.423868 -0.8571667 -0.3855123 -0.3415367 -0.8571657 -0.4640321 -0.2234661 -0.8571681 -0.4560229 -0.2393726 -0.857172 -0.5000546 -0.1232391 -0.8571801 -0.5150374 -1.11312e-5 -0.8571677 -0.3211211 0.4026722 -0.8571676 -0.5150557 -1.05236e-5 -0.8571568 -0.4640592 0.2234844 -0.8571487 -0.4640275 0.2234588 -0.8571724 -0.5150318 1.13889e-5 -0.8571712 -0.500055 0.1232419 -0.8571794 -0.4560551 0.2393375 -0.8571647 -0.3855119 0.3415367 -0.8571659 -0.114606 0.5021259 -0.8571669 -0.3211312 0.4026847 -0.857158 -0.2925772 0.4238678 -0.8571667 -0.1826423 0.4815554 -0.8571735 0.1146078 0.5021246 -0.8571674 -0.5400562 -0.4306802 -0.7230862 -0.1145977 0.5020971 -0.8571849 -0.06209087 0.5112895 -0.8571626 0.3211214 0.4026715 -0.8571678 0.1146045 0.5021162 -0.8571729 0.06208437 0.5112857 -0.8571655 0.182643 0.4815537 -0.8571742 0.464032 0.2234238 -0.8571792 0.321117 0.4026681 -0.8571711 0.2925773 0.4238677 -0.8571667 0.3855124 0.3415371 -0.8571655 0.4640269 0.2234602 -0.8571725 0.4560234 0.239372 -0.8571718 0.5000557 0.1232402 -0.8571793 0.5150381 1.20327e-5 -0.8571673 0.3211207 -0.4026723 -0.8571678 0.5150556 9.37411e-6 -0.8571568 0.4639945 -0.2234253 -0.8571992 0.4640275 -0.2234596 -0.8571724 0.5150318 -9.89821e-6 -0.8571712 0.5000551 -0.1232411 -0.8571795 0.4560234 -0.239372 -0.857172 0.3855121 -0.3415372 -0.8571656 0.1146066 -0.5021247 -0.8571674 0.3211042 -0.4026554 -0.8571819 0.2925773 -0.4238675 -0.8571668 0.1826432 -0.4815539 -0.857174 -0.1146074 -0.5021244 -0.8571677 0.1145977 -0.5020975 -0.8571847 0.06209051 -0.5112892 -0.8571629 -0.3211216 -0.4026721 -0.8571675 -0.1146045 -0.5021162 -0.8571727 -0.06208425 -0.5112856 -0.8571655 -0.1826425 -0.4815555 -0.8571734 -0.4640595 -0.2234378 -0.8571606 -0.3211169 -0.4026681 -0.8571711 -0.2925772 -0.423868 -0.8571666 -0.3855122 -0.3415365 -0.8571659 -0.464027 -0.2234595 -0.8571727 -0.4560551 -0.2393374 -0.8571648 -0.5000557 -0.1232411 -0.8571791 -0.5150382 -1.35154e-5 -0.8571674 -0.6992098 0.1053369 0.7071138 -0.70266 0.07917171 0.7071074 -0.68938 0.1573464 0.7071049 -0.7071054 -8.42623e-6 0.7071082 -0.7029635 0.07645404 0.7071048 -0.7071037 2.53543e-5 0.7071099 -0.6905865 0.1520054 0.707096 -0.6757317 0.2083316 0.707096 -0.6674273 0.2335563 0.7071014 -0.6700869 0.2257867 0.7071096 -0.6370859 0.3068352 0.7070882 -0.6370812 0.3068022 0.7071068 -0.5987356 0.3761956 0.7071015 -0.6417487 0.2969334 0.7070992 -0.6058898 0.364552 0.7071064 -0.5842401 0.3983292 0.7071049 -0.5528672 0.4408968 0.7070699 -0.5629273 0.4279222 0.7071037 -0.5183559 0.4809423 0.7071081 -0.5000114 0.4999707 0.7071195 -0.5133631 0.4862722 0.7071052 -0.4577669 0.5389386 0.707103 -0.4408642 0.5527605 0.7071737 -0.4408743 0.5528385 0.7071064 -0.3761729 0.598729 0.7071194 -0.3968187 0.5852633 0.707108 -0.3535611 0.6123809 0.7070956 -0.3068031 0.6370833 0.7071045 -0.3312016 0.6247378 0.7071126 -0.2583362 0.6582738 0.7070629 -0.2335322 0.667436 0.7071011 -0.2617164 0.6568913 0.7071057 -0.1891711 0.6813327 0.7071068 -0.1573409 0.6893318 0.7071532 -0.1573456 0.6893783 0.7071068 -0.07918393 0.7026647 0.7071013 -0.1144026 0.6977976 0.7071002 -0.05278444 0.7051423 0.7070986 -2.3545e-7 0.7071087 0.7071049 -0.03830301 0.7060768 0.7070987 0.03826451 0.706064 0.7071135 0.05278414 0.7051423 0.7070984 0.07918387 0.7026649 0.7071012 0.1144025 0.6977976 0.7071002 0.1573408 0.6893318 0.7071532 0.1573456 0.6893783 0.7071068 0.2335323 0.667436 0.7071011 0.1891711 0.6813328 0.7071068 0.2583362 0.6582739 0.707063 0.3068031 0.6370835 0.7071043 0.2617164 0.6568913 0.7071057 0.3312015 0.624738 0.7071124 0.3535612 0.6123811 0.7070955 0.3762176 0.5987223 0.7071011 0.3968187 0.5852634 0.7071079 0.4408641 0.5527606 0.7071737 0.4408743 0.5528385 0.7071064 0.5000117 0.4999707 0.7071193 0.4577673 0.5389387 0.7071027 0.5183559 0.4809423 0.707108 0.5528671 0.4408969 0.7070699 0.513363 0.486272 0.7071053 0.5629274 0.4279218 0.7071039 0.5842403 0.3983292 0.7071049 0.5987357 0.3761959 0.7071014 0.6058897 0.364552 0.7071064 0.637074 0.3067508 0.7071356 0.6370812 0.3068022 0.7071068 0.6674272 0.2335563 0.7071014 0.6417486 0.2969334 0.7070993 0.6700867 0.2257864 0.7071099 0.6756741 0.2084649 0.7071117 0.6893799 0.1573465 0.707105 0.6905864 0.1520054 0.7070961 0.6992098 0.1053368 0.7071138 0.7026594 0.07917088 0.7071081 0.7071091 -9.23872e-6 0.7071045 0.7071049 2.56404e-5 0.7071088 0.7029634 0.07645422 0.7071049 0.69921 -0.1053368 0.7071136 0.7071037 -2.53543e-5 0.7071099 0.7071054 8.42623e-6 0.7071082 0.70266 -0.07917171 0.7071074 0.68938 -0.1573464 0.7071049 0.7029635 -0.07645404 0.7071048 0.6905865 -0.1520054 0.707096 0.6757317 -0.2083316 0.707096 0.6674273 -0.2335563 0.7071014 0.6700869 -0.2257867 0.7071096 0.6370859 -0.3068352 0.7070882 0.6370812 -0.3068022 0.7071068 0.5987356 -0.3761956 0.7071015 0.6417487 -0.2969334 0.7070992 0.6058898 -0.364552 0.7071064 0.5842401 -0.3983292 0.7071049 0.5528672 -0.4408968 0.7070699 0.5629273 -0.4279222 0.7071037 0.5183559 -0.4809423 0.7071081 0.5000114 -0.4999707 0.7071195 0.5133631 -0.4862722 0.7071052 0.4577669 -0.5389386 0.707103 0.4408642 -0.5527605 0.7071737 0.4408743 -0.5528385 0.7071064 0.3761729 -0.598729 0.7071194 0.3968187 -0.5852633 0.707108 0.3535611 -0.6123809 0.7070957 0.3068031 -0.6370833 0.7071045 0.3312016 -0.6247378 0.7071126 0.2583362 -0.6582738 0.7070629 0.2335322 -0.667436 0.7071011 0.2617164 -0.6568913 0.7071057 0.1891711 -0.6813327 0.7071068 0.1573409 -0.6893318 0.7071532 0.1573456 -0.6893783 0.7071068 0.07918393 -0.7026647 0.7071013 0.1144026 -0.6977976 0.7071002 0.05278414 -0.7051423 0.7070985 2.3545e-7 -0.7071087 0.7071049 0.03826457 -0.706064 0.7071135 -0.05287879 -0.7051216 0.707112 -0.07918387 -0.7026649 0.7071012 -0.03830319 -0.7060765 0.707099 -0.1144025 -0.6977976 0.7071002 -0.1573408 -0.6893318 0.7071532 -0.1573456 -0.6893783 0.7071068 -0.2335323 -0.667436 0.7071011 -0.1891711 -0.6813328 0.7071068 -0.2583362 -0.6582739 0.707063 -0.3068031 -0.6370835 0.7071043 -0.2617164 -0.6568913 0.7071057 -0.3312015 -0.624738 0.7071124 -0.3535612 -0.6123811 0.7070955 -0.3762176 -0.5987223 0.7071011 -0.3968187 -0.5852634 0.7071079 -0.4408641 -0.5527606 0.7071737 -0.4408743 -0.5528385 0.7071064 -0.5000117 -0.4999707 0.7071193 -0.4577673 -0.5389387 0.7071027 -0.5183559 -0.4809423 0.707108 -0.5528671 -0.4408969 0.7070699 -0.513363 -0.486272 0.7071053 -0.5629274 -0.4279218 0.7071039 -0.5842402 -0.3983293 0.7071049 -0.5987357 -0.3761959 0.7071014 -0.6058897 -0.364552 0.7071064 -0.637074 -0.3067508 0.7071356 -0.6370812 -0.3068022 0.7071068 -0.6674272 -0.2335563 0.7071014 -0.6417486 -0.2969334 0.7070993 -0.6700867 -0.2257864 0.7071099 -0.6756741 -0.2084649 0.7071117 -0.6893799 -0.1573465 0.707105 -0.6905864 -0.1520054 0.7070961 -0.6992098 -0.1053368 0.7071138 -0.7026594 -0.07917088 0.7071081 -0.7071091 9.23872e-6 0.7071045 -0.7071049 -2.56404e-5 0.7071088 -0.7029634 -0.07645422 0.7071049 -0.686559 -0.169224 -0.7071068 -0.7071053 -3.01674e-5 -0.7071083 -0.7071067 -3.03077e-5 -0.707107 -0.6865592 -0.1692234 -0.7071068 -0.626111 -0.3286108 -0.7071068 -0.6261111 -0.3286104 -0.707107 -0.5292755 -0.4689 -0.707107 -0.5292759 -0.4688999 -0.7071068 -0.4016807 -0.5819387 -0.7071069 -0.4016813 -0.5819385 -0.7071067 -0.2507414 -0.661157 -0.7071069 -0.2507421 -0.6611569 -0.7071068 -0.08523005 -0.7019513 -0.7071069 -0.08523076 -0.7019514 -0.7071068 0.0852344 -0.7019508 -0.707107 0.08523374 -0.7019511 -0.7071068 0.2507454 -0.6611556 -0.7071068 0.2507449 -0.6611558 -0.7071068 0.4016842 -0.5819365 -0.7071067 0.4016838 -0.5819364 -0.7071069 0.5292783 -0.4688971 -0.7071067 0.529278 -0.468897 -0.7071071 0.6261128 -0.3286071 -0.7071069 0.6261127 -0.3286073 -0.7071069 0.6865596 -0.1692218 -0.7071068 0.6865596 -0.1692218 -0.7071067 0.7071039 -3.0309e-5 -0.7071096 0.707108 -3.01573e-5 -0.7071056 1 2.60845e-5 -5.78425e-6 1 2.65315e-5 5.75695e-6 0.9709424 0.2393136 0 0.9709413 0.2393177 0 0.885457 0.4647212 0 0.8854551 0.4647251 0 0.7485122 0.6631211 0 0.7485093 0.6631243 0 0.5680666 0.8229826 0 0.5680629 0.8229852 0 0.3546069 0.9350155 0 0.3546027 0.9350171 0 0.1205388 0.9927087 0 0.1205343 0.9927092 0 -0.1205366 0.9927089 0 -0.1205366 0.992709 0 -0.3546048 0.9350163 0 -0.3546048 0.9350163 0 -0.5680648 0.822984 0 -0.5680647 0.8229839 0 -0.7485107 0.6631227 0 -0.7485108 0.6631227 0 -0.885456 0.4647232 0 -0.9709419 0.2393158 0 -0.9709419 0.2393156 0 -1 2.60845e-5 5.78425e-6 -1 2.65315e-5 -5.75695e-6 0.9809305 0.1943591 -1.54102e-4 1 2.35736e-5 1.63214e-7 1 4.04492e-5 0 0.9709429 0.2393116 2.91332e-5 0.9243664 0.3815063 1.11086e-5 0.885456 0.4647233 -2.03196e-5 0.8325295 0.5539808 -3.41848e-5 0.7485105 0.663123 4.2466e-6 0.7088928 0.7053163 -5.45517e-5 0.5680622 0.8229857 2.30633e-5 0.5579675 0.8298628 5.68945e-6 0.3862749 0.9223837 -3.70354e-5 0.3546131 0.9350131 4.67827e-5 0.1994694 0.9799041 -2.39917e-5 0.1205376 0.9927088 1.79154e-5 0.005099296 0.9999871 -4.03095e-5 -0.1205352 0.9927091 -2.49834e-5 -0.1894604 0.9818885 -2.68919e-6 -0.3546204 0.9350104 6.42791e-5 -0.3768449 0.9262765 7.43684e-6 -0.5680741 0.8229776 -4.37568e-5 -0.5496776 0.8353769 8.23157e-6 -0.701673 0.7124993 -2.06302e-5 -0.7485126 0.6631206 -4.42639e-5 -0.8268364 0.5624426 -3.1286e-5 -0.8854558 0.4647236 -1.72297e-5 -0.9204306 0.3909062 -5.11181e-5 -0.9709417 0.2393164 2.82605e-5 -0.9788756 0.2044573 6.33103e-7 -0.9946988 0.1028317 5.30884e-5 -1 1.36006e-5 -7.12788e-6 -1 1.50204e-5 0 -0.970942 -0.2393152 0 -1 -2.52873e-5 0 -1 -2.52724e-5 0 -0.9709418 -0.2393162 0 -0.8854562 -0.4647232 0 -0.8854554 -0.4647243 0 -0.7485123 -0.6631209 0 -0.748509 -0.6631247 0 -0.5680668 -0.8229825 0 -0.5680633 -0.8229849 0 -0.3546038 -0.9350167 0 -0.1205376 -0.9927088 0 -0.1205351 -0.9927091 0 0.1205363 -0.9927089 0 0.1205367 -0.9927089 0 0.3546047 -0.9350164 0 0.3546051 -0.9350162 0 0.5680646 -0.822984 0 0.5680658 -0.8229832 0 0.7485098 -0.6631238 0 0.7485119 -0.6631214 0 0.8854554 -0.4647243 0 0.885457 -0.4647215 0 0.9709413 -0.2393181 0 0.9709421 -0.2393146 0 1 -2.93925e-5 0 1 -2.53171e-5 0 0.9809098 0.1944639 -1.55059e-6 1 1.94088e-5 1.65428e-7 1 4.04045e-5 0 0.9709444 0.2393052 7.52925e-5 0.9243682 0.3815017 -3.46408e-5 0.885456 0.4647232 -2.01708e-5 0.8325295 0.5539809 -3.44459e-5 0.7485105 0.6631231 4.45498e-6 0.7088928 0.7053163 -5.47708e-5 0.5680672 0.8229822 -2.28822e-5 0.5582736 0.829657 -1.22457e-6 0.3862746 0.9223839 -3.68996e-5 0.3546133 0.9350131 4.68402e-5 0.1994772 0.9799025 -6.93978e-5 0.1205376 0.9927088 1.79552e-5 0.005099236 0.9999871 -4.02983e-5 -0.1205352 0.9927091 -2.49704e-5 -0.1894604 0.9818885 -2.23541e-6 -0.3546205 0.9350104 6.4778e-5 -0.3770142 0.9262076 2.88365e-5 -0.5680551 0.8229905 4.57427e-5 -0.5496776 0.8353769 8.26164e-6 -0.7016562 0.7125158 -1.10285e-4 -0.7485107 0.6631228 1.42213e-6 -0.8268364 0.5624426 -3.1351e-5 -0.8854559 0.4647237 -1.74025e-5 -0.9204248 0.3909199 4.00248e-5 -0.970942 0.2393152 -1.79659e-5 -0.9788758 0.2044559 5.9072e-7 -0.9947095 0.1027283 -4.26415e-5 -1 1.57613e-5 -7.06059e-6 -0.970942 -0.2393153 0 -1 -2.93925e-5 0 -1 -2.53171e-5 0 -0.9709415 -0.2393174 0 -0.885457 -0.4647215 0 -0.8854554 -0.4647243 0 -0.7485119 -0.6631214 0 -0.7485098 -0.6631238 0 -0.5680658 -0.8229832 0 -0.5680646 -0.822984 0 -0.3546051 -0.9350162 0 -0.3546047 -0.9350164 0 -0.1205367 -0.9927089 0 -0.1205363 -0.9927089 0 0.1205351 -0.9927091 0 0.1205376 -0.9927088 0 0.3546038 -0.9350167 0 0.3546062 -0.9350159 0 0.5680633 -0.8229849 0 0.5680668 -0.8229825 0 0.748509 -0.6631247 0 0.7485123 -0.6631209 0 0.8854554 -0.4647243 0 0.8854562 -0.4647232 0 0.9709418 -0.2393159 0 0.970942 -0.2393155 0 1 -2.52798e-5 0 1 -2.52798e-5 0 0.9809305 0.1943591 -1.54254e-4 1 2.32831e-5 1.58674e-7 1 4.01586e-5 0 0.9709414 0.2393177 -1.64292e-5 0.9243682 0.3815016 -3.4997e-5 0.8854559 0.4647234 -2.01759e-5 0.8325294 0.553981 -3.42843e-5 0.7485104 0.6631231 4.41074e-6 0.7088927 0.7053164 -5.50331e-5 0.5680622 0.8229857 2.31784e-5 0.5582736 0.829657 -1.20058e-6 0.3862757 0.9223834 -3.73987e-5 0.3546133 0.9350131 4.68853e-5 0.1994771 0.9799025 -6.92481e-5 0.1205376 0.9927088 1.77987e-5 0.005099177 0.999987 -4.05104e-5 -0.1205351 0.9927091 -2.5087e-5 -0.1894605 0.9818884 -2.5148e-6 -0.3546097 0.9350146 1.9699e-5 -0.3767588 0.9263114 -3.3791e-6 -0.5680741 0.8229776 -4.38857e-5 -0.5498306 0.8352763 -1.78919e-5 -0.7016729 0.7124993 -2.06636e-5 -0.7485106 0.6631228 1.64192e-6 -0.8268363 0.5624427 -3.12069e-5 -0.8854565 0.4647224 2.87066e-5 -0.9204306 0.3909062 -5.10575e-5 -0.970942 0.2393153 -1.8128e-5 -0.9788756 0.2044568 5.88516e-7 -0.9946988 0.1028314 5.28872e-5 -1 1.29094e-5 9.97027e-6 -0.970942 -0.2393153 0 -1 -2.55704e-5 0 -1 -2.55629e-5 0 -0.9709419 -0.2393158 0 -0.8854562 -0.4647231 0 -0.8854556 -0.4647243 0 -0.7485121 -0.6631212 0 -0.7485088 -0.663125 0 -0.3546056 -0.935016 0 -0.3546034 -0.9350169 0 -0.1205371 -0.9927089 0 -0.1205346 -0.9927092 0 0.1205357 -0.992709 0 0.1205361 -0.9927091 0 0.3546042 -0.9350165 0 0.3546046 -0.9350165 0 0.5680646 -0.822984 0 0.8854555 -0.4647241 0 0.885457 -0.4647213 0 0.970942 -0.2393151 0 0.9709416 -0.2393171 0 1 -2.96906e-5 0 1 -2.56002e-5 0 0.9809201 0.1944118 -7.77863e-5 1 1.91182e-5 1.60653e-7 1 4.01214e-5 0 0.9709445 0.2393051 7.52979e-5 0.9243682 0.3815016 -3.45651e-5 0.885456 0.4647234 -2.00924e-5 0.8325295 0.5539809 -3.43064e-5 0.7485105 0.6631231 4.56767e-6 0.7088927 0.7053164 -5.49803e-5 0.5680623 0.8229856 2.31687e-5 0.5579696 0.8298614 5.17639e-6 0.3862755 0.9223836 -3.7325e-5 0.3546133 0.9350131 4.69578e-5 0.1994771 0.9799026 -6.89944e-5 0.1205357 0.9927091 -2.81434e-5 0.005099296 0.999987 -4.05015e-5 -0.1205351 0.9927091 -2.50733e-5 -0.1894715 0.9818863 -4.70481e-5 -0.3546313 0.9350063 1.09309e-4 -0.3767576 0.926312 -3.59624e-6 -0.5680551 0.8229905 4.57161e-5 -0.5498306 0.8352763 -1.78919e-5 -0.7016729 0.7124993 -2.07503e-5 -0.7485107 0.6631228 1.61701e-6 -0.826837 0.5624418 1.50977e-5 -0.8854565 0.4647224 2.86028e-5 -0.9204248 0.3909199 4.01062e-5 -0.970942 0.2393152 -1.80099e-5 -0.9788759 0.2044555 5.67066e-7 -0.9946988 0.1028314 5.29229e-5 -1 1.54857e-5 -7.03312e-6 -0.9709421 -0.2393144 0 -1 -2.9698e-5 0 -1 -2.56002e-5 0 -0.9709414 -0.2393179 0 -0.885457 -0.4647213 0 -0.8854555 -0.4647241 0 -0.7485117 -0.6631217 0 -0.7485096 -0.663124 0 -0.5680646 -0.822984 0 -0.3546046 -0.9350165 0 -0.3546042 -0.9350165 0 -0.1205361 -0.9927091 0 -0.1205357 -0.992709 0 0.1205346 -0.9927092 0 0.1205371 -0.9927089 0 0.3546034 -0.9350169 0 0.3546056 -0.935016 0 0.7485088 -0.663125 0 0.7485121 -0.6631212 0 0.8854562 -0.4647231 0 0.970942 -0.239315 0 1 -2.55704e-5 0 1 -2.55629e-5 0 -1 5.10514e-5 8.16264e-5 -0.97316 0.2301297 -6.17492e-5 -1 4.90844e-5 0 -0.972921 0.2311382 1.30482e-4 -0.8940758 0.4479157 -2.6793e-5 -0.8931168 0.4498248 2.41326e-7 -0.796607 0.6044977 1.9829e-6 -0.7669785 0.641673 1.35652e-5 -0.6792134 0.7339408 -3.63234e-5 -0.5987148 0.8009624 -4.42751e-6 -0.5410977 0.8409598 -2.50668e-5 -0.3983071 0.9172521 -1.47149e-7 -0.3863708 0.9223437 -1.02143e-5 -0.2200091 0.9754979 8.16968e-6 -0.1765195 0.9842972 -2.57003e-5 -0.04682445 0.9989032 -1.13982e-5 0.05475252 0.9985 6.68224e-6 0.1277742 0.9918033 1.14864e-5 0.283079 0.9590966 1.6043e-5 0.2984803 0.9544159 -3.15902e-6 0.4601083 0.8878628 -1.96881e-5 0.4962111 0.868202 -4.45545e-6 0.607582 0.7942571 -3.95579e-5 0.6827037 0.7306953 -2.56351e-5 0.7365683 0.6763631 3.4471e-5 0.8325424 0.5539614 -4.92157e-6 0.843052 0.5378322 0 0.9237899 0.3828998 4.24393e-6 0.9376853 0.3474857 -7.34115e-7 0.9763469 0.2162106 -2.70316e-7 0.9842967 0.1765223 -5.94589e-5 0.9940784 0.108666 9.31125e-5 1 3.42662e-5 -3.11132e-6 1 2.22437e-5 0 0.9729769 -0.230902 3.72931e-4 1 -2.38717e-5 1.93279e-6 1 -1.1012e-5 0 0.9709438 -0.239308 -3.49318e-5 0.8931235 -0.4498117 9.15723e-7 0.8854556 -0.4647241 1.84099e-6 0.7966205 -0.6044798 1.97479e-5 0.7485114 -0.6631219 -2.03289e-5 0.6792187 -0.733936 -2.25052e-5 0.568063 -0.8229852 -9.84175e-6 0.5410905 -0.8409645 9.04547e-7 0.3864407 -0.9223144 -5.5565e-7 0.3546077 -0.9350152 -1.42204e-5 0.2199906 -0.975502 -2.0538e-6 0.1205366 -0.9927089 -1.62749e-6 0.04677295 -0.9989055 8.53443e-5 -0.1205374 -0.9927089 -1.30138e-5 -0.1278256 -0.9917967 -4.04053e-6 -0.298477 -0.9544169 -1.04953e-5 -0.3546018 -0.9350175 -3.41963e-5 -0.4600449 -0.8878957 1.15065e-5 -0.5680686 -0.8229812 -3.07788e-5 -0.6075673 -0.7942682 -3.5339e-6 -0.748511 -0.6631225 3.85521e-6 -0.7364964 -0.6764416 -1.67173e-5 -0.8430467 -0.5378405 2.52178e-5 -0.8854559 -0.4647235 -2.57241e-5 -0.9238013 -0.3828724 -8.16188e-6 -0.9709419 -0.239316 -3.59817e-6 -0.9763407 -0.2162383 7.55477e-7 -0.9940682 -0.1087591 -1.36154e-5 -1 -4.70267e-5 -3.39095e-6 -1 -3.19891e-5 0 -1 5.10141e-5 8.14709e-5 -0.9731602 0.2301286 -6.17981e-5 -0.972921 0.2311381 1.30292e-4 -0.8940759 0.4479154 -2.7189e-5 -0.8931168 0.4498248 5.07145e-7 -0.7966334 0.6044628 1.73469e-5 -0.7669826 0.641668 -3.1752e-5 -0.6792133 0.733941 -3.62713e-5 -0.5987146 0.8009625 -4.42704e-6 -0.5410978 0.8409598 -2.5145e-5 -0.398307 0.9172522 0 -0.3864547 0.9223085 2.28728e-6 -0.219967 0.9755074 -1.07801e-5 -0.1765198 0.9842972 -2.57548e-5 -0.04682922 0.998903 3.47747e-5 0.05475211 0.9985001 6.66687e-6 0.1277915 0.991801 5.44201e-5 0.283079 0.9590966 1.62316e-5 0.2984802 0.9544159 -3.1645e-6 0.4600291 0.8879038 4.75711e-6 0.4962111 0.8682019 -4.43123e-6 0.607582 0.7942569 -3.96005e-5 0.6827037 0.7306954 -2.58344e-5 0.7365683 0.6763632 3.45352e-5 0.8325424 0.5539614 -5.38211e-6 0.8430506 0.5378344 5.46264e-7 0.9238063 0.3828605 -1.21947e-6 0.9376859 0.3474841 1.88127e-7 0.9763465 0.2162118 3.28757e-7 0.9842966 0.1765225 -5.93236e-5 0.9940676 0.1087645 -1.16917e-5 1 3.21502e-5 -3.06987e-6 1 3.19891e-5 0 0.9729772 -0.2309011 3.72931e-4 1 -2.5779e-5 1.93308e-6 1 -1.10492e-5 0 0.9709461 -0.2392985 -7.94989e-5 0.8931232 -0.449812 1.59524e-6 0.8854557 -0.4647239 2.04169e-6 0.7965975 -0.6045101 -6.99353e-6 0.7485114 -0.6631219 -2.03419e-5 0.6792121 -0.7339422 2.27059e-5 0.568063 -0.8229852 -1.02753e-5 0.541091 -0.8409641 9.97447e-7 0.3864005 -0.9223312 1.24623e-5 0.354608 -0.9350152 -1.40122e-5 0.2199906 -0.9755021 -1.94367e-6 0.1205363 -0.9927089 -1.59722e-6 0.04677301 -0.9989055 8.52669e-5 -0.1205373 -0.9927088 -1.2944e-5 -0.1278263 -0.9917967 -4.07075e-6 -0.2984424 -0.9544277 1.66186e-5 -0.3546016 -0.9350175 -3.41469e-5 -0.4600449 -0.8878957 1.15505e-5 -0.5680688 -0.8229811 -3.07173e-5 -0.6075655 -0.7942696 -4.08682e-6 -0.7485111 -0.6631222 3.96278e-6 -0.7365887 -0.676341 7.45582e-6 -0.8430469 -0.5378401 2.47599e-5 -0.8854558 -0.4647236 -2.586e-5 -0.9238014 -0.3828724 -8.1826e-6 -0.9709419 -0.2393158 -3.69409e-6 -0.9763401 -0.2162407 3.56777e-7 -0.9940682 -0.1087587 -1.27802e-5 -1 -4.84274e-5 -3.48641e-6 -1 -2.22437e-5 0 -0.9787814 0.2049074 2.89747e-4 -1 3.02047e-5 -8.78656e-6 -1 2.47136e-5 0 -0.9709433 0.23931 -3.6966e-5 -0.9158669 0.4014822 -1.05944e-6 -0.8854568 0.4647218 -2.56523e-5 -0.8243798 0.5660371 -4.31552e-7 -0.7485107 0.6631227 1.4843e-7 -0.7150219 0.6991021 9.0671e-5 -0.5680589 0.822988 6.14736e-5 -0.5849028 0.8111035 1.75563e-5 -0.437536 0.8992008 4.99614e-4 -0.3546038 0.9350166 -7.87999e-5 -0.2768714 0.960907 1.41052e-4 -0.1205394 0.9927086 4.07477e-5 -0.1081165 0.9941383 -1.52578e-5 0.06334048 0.997992 1.99539e-4 0.1205362 0.992709 -3.99223e-6 0.2336146 0.9723293 -1.84291e-5 0.3546147 0.9350126 -6.75117e-5 0.3967158 0.9179416 1.60413e-6 0.5680626 0.8229855 -1.93525e-5 0.5482628 0.8363062 5.24987e-5 0.683224 0.7302089 6.26393e-5 0.7485098 0.6631237 6.31547e-5 0.7983269 0.6022244 4.17257e-4 0.8854553 0.4647247 3.54352e-5 0.8896329 0.4566765 -8.00573e-6 0.954668 0.2976726 9.75124e-7 0.9709406 0.2393209 -7.35746e-5 0.9885902 0.1506307 -1.29417e-4 0.9999992 3.37213e-5 -0.001330554 1 3.71337e-5 0 0.9787802 -0.2049132 2.89683e-4 1 -2.52947e-5 -8.88895e-6 1 -3.07411e-5 0 0.9709469 -0.2392953 -1.28702e-4 0.9158658 -0.4014848 -1.56736e-6 0.8854568 -0.4647217 -2.56955e-5 0.8243814 -0.5660347 0 0.7485108 -0.6631227 -2.78e-7 0.7150241 -0.6990998 9.06468e-5 0.5680588 -0.8229881 6.13778e-5 0.5851588 -0.8109188 -4.35893e-5 0.4374597 -0.8992381 1.8455e-4 0.3546039 -0.9350166 -7.87334e-5 0.2768718 -0.960907 1.40814e-4 0.1205394 -0.9927086 4.07866e-5 0.108116 -0.9941384 -1.53868e-5 -0.06334125 -0.9979919 1.99438e-4 -0.1205362 -0.992709 -3.96394e-6 -0.2336296 -0.9723257 2.60838e-4 -0.3546146 -0.9350126 -6.73577e-5 -0.397014 -0.9178125 4.24582e-5 -0.5680679 -0.8229818 2.62924e-5 -0.5482628 -0.8363062 5.24793e-5 -0.6832452 -0.7301891 -7.4033e-5 -0.7485112 -0.6631222 -2.8939e-5 -0.798325 -0.6022268 4.17258e-4 -0.8854552 -0.4647247 3.53443e-5 -0.8896315 -0.4566791 -8.11582e-6 -0.9546832 -0.2976241 -7.86938e-7 -0.9709414 -0.2393175 -2.72493e-5 -0.9886023 -0.150551 -1.74427e-5 -0.9999992 -2.37525e-5 -0.001330494 -1 -5.89341e-6 0 -0.9787802 0.2049132 2.89685e-4 -1 2.53916e-5 -8.8794e-6 -1 3.07411e-5 0 -0.970947 0.2392952 -1.28705e-4 -0.9158658 0.4014848 -1.55921e-6 -0.8854542 0.4647269 6.62273e-5 -0.8243814 0.5660349 0 -0.7485066 0.6631276 -4.58184e-5 -0.715024 0.6991 9.06272e-5 -0.5680678 0.8229818 -3.0691e-5 -0.5851587 0.8109188 -4.35747e-5 -0.4374597 0.8992381 1.84563e-4 -0.3546038 0.9350167 -7.87579e-5 -0.2769213 0.9608926 1.10864e-5 -0.1205394 0.9927086 4.07494e-5 -0.1081158 0.9941384 -1.51997e-5 0.06334102 0.997992 1.99556e-4 0.1205362 0.992709 -3.98385e-6 0.233622 0.9723276 1.21257e-4 0.3546081 0.9350152 -2.18182e-5 0.3967168 0.9179412 1.73035e-6 0.5680678 0.8229818 2.62446e-5 0.683224 0.7302089 6.26989e-5 0.7485112 0.6631222 -2.8897e-5 0.7983251 0.6022267 4.17258e-4 0.8854563 0.4647226 -1.10187e-5 0.8896315 0.4566792 -8.12312e-6 0.9546832 0.2976241 -7.88394e-7 0.9709407 0.2393205 -7.32148e-5 0.9886023 0.150551 -1.7451e-5 0.9999992 2.38344e-5 -0.001330494 1 5.89341e-6 0 0.9787814 -0.2049074 2.89745e-4 1 -3.01153e-5 -8.78604e-6 1 -2.47136e-5 0 0.9709467 -0.239296 -1.27957e-4 0.9158669 -0.4014822 -1.06794e-6 0.8854555 -0.4647243 2.03426e-5 0.8244058 -0.5659992 7.36327e-6 0.7485108 -0.6631227 0 0.7150221 -0.6991019 9.06906e-5 0.5680677 -0.8229818 -3.07623e-5 0.5847557 -0.8112096 5.25061e-5 0.437536 -0.8992008 4.99571e-4 0.3546044 -0.9350164 -3.26741e-5 0.2768715 -0.9609071 1.40934e-4 0.1205394 -0.9927086 4.08061e-5 0.1081168 -0.9941383 -1.54155e-5 -0.06334072 -0.997992 1.99414e-4 -0.1205362 -0.992709 -3.99281e-6 -0.2336217 -0.9723277 1.21184e-4 -0.3546081 -0.935015 -2.20381e-5 -0.397013 -0.917813 4.24561e-5 -0.5680678 -0.8229818 2.66866e-5 -0.683224 -0.7302089 6.26325e-5 -0.7485098 -0.6631237 6.31233e-5 -0.7983268 -0.6022244 4.1725e-4 -0.8854563 -0.4647226 -1.09115e-5 -0.8896331 -0.4566763 -8.00764e-6 -0.954668 -0.2976726 9.85805e-7 -0.9709405 -0.2393209 -7.35824e-5 -0.9885902 -0.1506306 -1.2943e-4 -0.9999992 -3.36319e-5 -0.001330554 -1 -3.71337e-5 0 -1 5.19454e-5 8.16109e-5 -0.9731602 0.2301286 -6.17505e-5 -1 4.85405e-5 0 -0.972921 0.2311385 1.30379e-4 -0.8940761 0.4479153 -2.7522e-5 -0.8931169 0.4498247 1.29511e-7 -0.7966334 0.6044627 1.75112e-5 -0.7669826 0.641668 -3.20529e-5 -0.6792133 0.733941 -3.63567e-5 -0.5987144 0.8009626 -4.43589e-6 -0.5410977 0.8409599 -2.46841e-5 -0.3983068 0.9172522 0 -0.3864549 0.9223084 2.31089e-6 -0.2200092 0.9754979 8.22131e-6 -0.1765199 0.9842971 -2.57022e-5 -0.04683405 0.9989027 8.11438e-5 0.05475223 0.9985001 6.53975e-6 0.127757 0.9918056 -3.11621e-5 0.2830792 0.9590966 1.62246e-5 0.2984803 0.9544158 -3.18889e-6 0.4600291 0.8879038 4.75781e-6 0.4962112 0.8682019 -4.78933e-6 0.607582 0.794257 -4.00341e-5 0.6827025 0.7306964 1.97161e-5 0.7365685 0.6763631 3.47856e-5 0.8325424 0.5539613 -5.32065e-6 0.8430514 0.5378332 2.45869e-7 0.9237891 0.3829017 4.49091e-6 0.9376854 0.3474854 2.57744e-7 0.9763469 0.2162106 -4.61587e-7 0.9842976 0.1765172 -1.3222e-5 0.9940783 0.108667 9.24177e-5 1 3.32306e-5 -3.06917e-6 1 2.71834e-5 0 0.9729771 -0.2309018 3.72961e-4 1 -2.43708e-5 2.00834e-6 1 -1.16006e-5 0 0.9709461 -0.2392984 -7.95856e-5 0.8931233 -0.4498119 1.48214e-6 0.8854556 -0.4647241 1.87405e-6 0.7966207 -0.6044797 1.97437e-5 0.7485116 -0.6631217 -2.04905e-5 0.6792187 -0.733936 -2.28765e-5 0.568063 -0.8229851 -1.02115e-5 0.5410909 -0.8409643 1.01305e-6 0.3864412 -0.9223141 -7.44942e-7 0.3546174 -0.9350116 -5.89653e-5 0.2199905 -0.975502 -2.12248e-6 0.1205364 -0.992709 -1.94786e-6 0.04677277 -0.9989055 8.55109e-5 -0.1205372 -0.9927088 -1.30795e-5 -0.1278256 -0.9917967 -3.98235e-6 -0.2984418 -0.9544279 1.71495e-5 -0.3546017 -0.9350175 -3.41716e-5 -0.4600449 -0.8878957 1.15861e-5 -0.5680688 -0.8229812 -3.08719e-5 -0.6075662 -0.794269 -3.90672e-6 -0.7485108 -0.6631226 3.74112e-6 -0.7365885 -0.6763413 7.42344e-6 -0.8430467 -0.5378404 2.53716e-5 -0.8854558 -0.4647237 -2.60342e-5 -0.9238065 -0.38286 3.59016e-5 -0.9709418 -0.2393159 -3.72902e-6 -0.9763405 -0.2162387 0 -0.9940664 -0.1087762 -5.62263e-5 -1 -4.71086e-5 -3.40166e-6 -1 -2.70866e-5 0 -1 5.18635e-5 8.14864e-5 -0.9731604 0.2301281 -6.18333e-5 -0.972921 0.2311385 1.30359e-4 -0.8940761 0.4479151 -2.74811e-5 -0.8931171 0.4498245 7.93775e-7 -0.7966338 0.6044622 1.7665e-5 -0.7669786 0.6416728 1.35778e-5 -0.6792133 0.733941 -3.59968e-5 -0.5987144 0.8009626 -4.53414e-6 -0.5410812 0.8409704 1.82239e-5 -0.3983072 0.9172522 3.70666e-7 -0.3864549 0.9223083 2.274e-6 -0.2199682 0.9755071 -1.01744e-5 -0.1765196 0.9842972 -2.58186e-5 -0.04682445 0.9989032 -1.11775e-5 0.0547524 0.9985001 5.99166e-6 0.1277571 0.9918056 -3.07693e-5 0.283079 0.9590966 1.63927e-5 0.2984808 0.9544157 -3.29861e-6 0.4600291 0.8879039 4.80385e-6 0.4962114 0.8682018 -4.38327e-6 0.607582 0.794257 -3.96087e-5 0.6827037 0.7306954 -2.62689e-5 0.7365683 0.6763632 3.43812e-5 0.8325424 0.5539615 -5.25638e-6 0.8430755 0.5377953 -9.36404e-6 0.9237892 0.3829015 4.45693e-6 0.9376855 0.3474851 5.93485e-7 0.9763469 0.2162104 0 0.9842976 0.1765173 -1.32343e-5 0.9940888 0.1085703 1.95207e-4 1 3.31337e-5 -3.06545e-6 1 2.70866e-5 0 0.9729262 -0.2311161 7.87002e-5 1 -2.44975e-5 1.88727e-6 1 -1.18911e-5 0 0.9709461 -0.2392984 -7.96578e-5 0.8931233 -0.4498119 5.58735e-7 0.8854556 -0.464724 1.60909e-6 0.7966209 -0.6044793 2.01422e-5 0.7485116 -0.6631218 -2.03592e-5 0.6792121 -0.7339422 2.26009e-5 0.5680629 -0.8229852 -9.75654e-6 0.541091 -0.8409642 1.03307e-6 0.386481 -0.9222974 -1.35574e-5 0.3546172 -0.9350116 -5.83441e-5 0.2199908 -0.975502 -1.70455e-6 0.1205366 -0.9927089 -1.67917e-6 0.04679751 -0.9989045 4.54286e-5 -0.1205373 -0.9927088 -1.33556e-5 -0.1281442 -0.9917556 -2.6694e-5 -0.2984426 -0.9544277 1.65012e-5 -0.3546015 -0.9350176 -3.36422e-5 -0.4600449 -0.8878957 1.17389e-5 -0.5680684 -0.8229815 -3.00338e-5 -0.6075658 -0.7942695 -4.08283e-6 -0.748511 -0.6631224 3.87384e-6 -0.7365571 -0.6763753 -7.76083e-7 -0.8430559 -0.537826 -1.80452e-5 -0.885456 -0.4647235 -2.58354e-5 -0.9238013 -0.3828722 -8.25198e-6 -0.9709419 -0.2393157 -3.61214e-6 -0.9763405 -0.2162386 3.89366e-7 -0.9940664 -0.1087762 -5.616e-5 -1 -4.72725e-5 -3.34485e-6 -1 -2.74554e-5 0 -0.9787485 0.2050645 4.54361e-5 -1 4.76018e-5 1.55368e-6 -1 2.62633e-5 0 -0.9709411 0.2393184 1.7043e-5 -0.9158691 0.401477 -1.24867e-6 -0.8854551 0.4647248 3.04526e-5 -0.8243991 0.5660089 1.42929e-5 -0.7485092 0.6631245 -1.65112e-5 -0.7151514 0.6989696 2.96737e-5 -0.5680652 0.8229836 -4.32949e-6 -0.5849765 0.8110502 0 -0.4374381 0.8992486 8.35467e-5 -0.3546046 0.9350165 -1.15228e-5 -0.2769138 0.9608948 2.76666e-5 -0.1205358 0.992709 -1.15405e-5 -0.107847 0.9941676 -4.92985e-5 0.06361734 0.9979744 2.91044e-6 0.1205387 0.9927086 2.14663e-5 0.2336175 0.9723287 3.53191e-5 0.3546108 0.9350141 -3.92233e-5 0.3966453 0.917972 -4.51269e-6 0.5680676 0.822982 2.39895e-5 0.5480465 0.836448 -6.12073e-6 0.6832365 0.7301971 -1.52107e-5 0.7485109 0.6631226 -1.02259e-6 0.7982532 0.6023221 1.51763e-4 0.8854556 0.4647241 2.07345e-5 0.889722 0.4565029 -2.49635e-5 0.9546821 0.2976275 -1.25603e-6 0.9709414 0.2393177 -2.79131e-5 0.9886005 0.1505624 -2.74316e-5 1 4.58408e-5 -2.28593e-6 1 4.97699e-6 0 0.978743 -0.2050911 7.82544e-6 1 -4.75273e-5 1.67033e-6 1 -2.59578e-5 0 0.9709411 -0.2393184 1.71096e-5 0.9158692 -0.4014767 -1.35694e-6 0.8854566 -0.4647222 -1.57086e-5 0.8243989 -0.5660092 1.41155e-5 0.7485092 -0.6631245 -1.70015e-5 0.7152462 -0.6988727 9.97941e-7 0.5680605 -0.8229868 4.13614e-5 0.5850512 -0.8109965 -1.84318e-5 0.4374381 -0.8992486 8.35877e-5 0.3546048 -0.9350163 -1.20236e-5 0.2769133 -0.960895 2.87164e-5 0.1205356 -0.9927091 -1.13426e-5 0.107847 -0.9941676 -4.77303e-5 -0.06361585 -0.9979745 3.83292e-6 -0.1205388 -0.9927086 2.20712e-5 -0.2336197 -0.9723281 8.13765e-5 -0.354604 -0.9350167 5.74975e-6 -0.3967318 -0.9179346 2.13124e-6 -0.5680675 -0.822982 2.40351e-5 -0.5480855 -0.8364224 4.8393e-6 -0.6832365 -0.7301971 -1.51384e-5 -0.7485109 -0.6631226 -7.54837e-7 -0.7982146 -0.6023732 2.79971e-5 -0.8854556 -0.4647241 2.0846e-5 -0.889722 -0.4565029 -2.50634e-5 -0.9546819 -0.2976279 -1.08653e-6 -0.9709414 -0.2393177 -2.77932e-5 -0.9886006 -0.1505626 -2.76346e-5 -1 -4.57812e-5 -2.2836e-6 -1 -4.67896e-6 0 -0.9787487 0.2050634 4.66555e-5 -1 5.1789e-5 1.75997e-6 -1 2.78726e-5 0 -0.970943 0.239311 -2.76889e-5 -0.9158694 0.4014766 -1.19512e-6 -0.8854554 0.4647247 3.02016e-5 -0.8243976 0.5660112 1.33135e-5 -0.7485091 0.6631246 -1.68683e-5 -0.7151508 0.6989702 2.98686e-5 -0.5680652 0.8229836 -4.52576e-6 -0.5849751 0.8110513 4.04238e-7 -0.4374259 0.8992545 3.90187e-5 -0.3546048 0.9350163 -1.16264e-5 -0.2769137 0.9608948 2.77814e-5 -0.1205389 0.9927086 3.47306e-5 -0.1081657 0.9941329 -1.022e-5 0.06361591 0.9979745 3.74118e-6 0.1205387 0.9927086 2.16139e-5 0.2336198 0.9723281 8.15529e-5 0.354611 0.935014 -3.93102e-5 0.396731 0.917935 2.05742e-6 0.5680621 0.8229857 -2.17687e-5 0.5480834 0.8364238 4.22895e-6 0.6832281 0.7302051 2.97752e-5 0.7485108 0.6631226 -9.19448e-7 0.7982151 0.6023725 2.92052e-5 0.8854557 0.4647239 2.06472e-5 0.8897225 0.4565019 -2.53798e-5 0.9546813 0.2976301 -1.03874e-6 0.9709413 0.2393179 -2.79648e-5 0.988605 0.1505334 6.35604e-6 1 4.61091e-5 -2.44845e-6 1 7.97212e-6 0 0.9787595 -0.2050121 1.19617e-4 1 -4.82127e-5 1.41724e-6 1 -2.77683e-5 0 0.9709412 -0.2393184 1.70346e-5 0.9158686 -0.4014782 -1.92958e-6 0.8854554 -0.4647247 3.01257e-5 0.8243985 -0.5660098 1.39595e-5 0.7485091 -0.6631246 -1.67205e-5 0.715151 -0.69897 2.98676e-5 0.5680653 -0.8229835 -4.71529e-6 0.5849773 -0.8110496 -1.77432e-7 0.437426 -0.8992545 3.91186e-5 0.3546046 -0.9350164 -1.17323e-5 0.2769134 -0.9608949 2.84277e-5 0.1205391 -0.9927087 3.47465e-5 0.1081657 -0.9941329 -1.022e-5 -0.06361591 -0.9979745 3.74118e-6 -0.1205387 -0.9927086 2.16139e-5 -0.2336175 -0.9723287 3.51691e-5 -0.3546108 -0.935014 -3.91083e-5 -0.3967329 -0.9179342 2.22392e-6 -0.568062 -0.8229858 -2.18097e-5 -0.5480845 -0.836423 4.55877e-6 -0.6832367 -0.7301971 -1.57913e-5 -0.7485108 -0.6631225 -7.01752e-7 -0.7982151 -0.6023726 2.91877e-5 -0.8854568 -0.4647218 -2.50912e-5 -0.8897226 -0.4565016 -2.50538e-5 -0.954682 -0.2976278 -1.60321e-6 -0.9709413 -0.2393178 -2.79346e-5 -0.9886006 -0.1505625 -2.74513e-5 -1 -4.94097e-5 -2.44519e-6 -1 -1.72853e-6 0 -0.978743 0.2050911 7.82544e-6 -1 4.75273e-5 1.67033e-6 -1 2.59578e-5 0 -0.9709411 0.2393184 1.71096e-5 -0.9158692 0.4014767 -1.35694e-6 -0.8854566 0.4647222 -1.57086e-5 -0.8243989 0.5660092 1.41155e-5 -0.7485092 0.6631245 -1.70015e-5 -0.7152462 0.6988727 9.97941e-7 -0.5680605 0.8229868 4.13614e-5 -0.5850512 0.8109965 -1.84318e-5 -0.4374381 0.8992486 8.35877e-5 -0.3546048 0.9350163 -1.20236e-5 -0.2769133 0.960895 2.87164e-5 -0.1205356 0.9927091 -1.13426e-5 -0.107847 0.9941676 -4.77303e-5 0.06361585 0.9979745 3.83292e-6 0.1205388 0.9927086 2.20712e-5 0.2336197 0.9723281 8.13765e-5 0.354604 0.9350167 5.74975e-6 0.3967318 0.9179346 2.13124e-6 0.5680675 0.822982 2.40351e-5 0.5480855 0.8364224 4.8393e-6 0.6832365 0.7301971 -1.51384e-5 0.7485109 0.6631226 -7.54837e-7 0.7982146 0.6023732 2.79971e-5 0.8854556 0.4647241 2.0846e-5 0.889722 0.4565029 -2.50634e-5 0.9546819 0.2976279 -1.08653e-6 0.9709414 0.2393177 -2.77932e-5 0.9886006 0.1505626 -2.76346e-5 1 4.57812e-5 -2.2836e-6 1 4.67896e-6 0 0.9787485 -0.2050645 4.54361e-5 1 -4.76018e-5 1.55368e-6 1 -2.62633e-5 0 0.9709411 -0.2393184 1.7043e-5 0.9158691 -0.401477 -1.24867e-6 0.8854551 -0.4647248 3.04526e-5 0.8243991 -0.5660089 1.42929e-5 0.7485092 -0.6631245 -1.65112e-5 0.7151514 -0.6989696 2.96737e-5 0.5680652 -0.8229836 -4.32949e-6 0.5849765 -0.8110502 0 0.4374381 -0.8992486 8.35467e-5 0.3546046 -0.9350165 -1.15228e-5 0.2769138 -0.9608948 2.76666e-5 0.1205358 -0.992709 -1.15405e-5 0.107847 -0.9941676 -4.92985e-5 -0.06361734 -0.9979744 2.91044e-6 -0.1205387 -0.9927086 2.14663e-5 -0.2336175 -0.9723287 3.53191e-5 -0.3546108 -0.9350141 -3.92233e-5 -0.3966453 -0.917972 -4.51269e-6 -0.5680676 -0.822982 2.39895e-5 -0.5480465 -0.836448 -6.12073e-6 -0.6832365 -0.7301971 -1.52107e-5 -0.7485109 -0.6631226 -1.02259e-6 -0.7982532 -0.6023221 1.51763e-4 -0.8854556 -0.4647241 2.07345e-5 -0.889722 -0.4565029 -2.49635e-5 -0.9546821 -0.2976275 -1.25603e-6 -0.9709414 -0.2393177 -2.79131e-5 -0.9886005 -0.1505624 -2.74316e-5 -1 -4.58408e-5 -2.28593e-6 -1 -4.97699e-6 0 -0.9787595 0.2050121 1.19617e-4 -1 4.82127e-5 1.41724e-6 -1 2.77683e-5 0 -0.9709412 0.2393184 1.70346e-5 -0.9158686 0.4014782 -1.92958e-6 -0.8854554 0.4647247 3.01257e-5 -0.8243985 0.5660098 1.39595e-5 -0.7485091 0.6631246 -1.67205e-5 -0.715151 0.69897 2.98676e-5 -0.5680653 0.8229835 -4.71529e-6 -0.5849773 0.8110496 -1.77432e-7 -0.437426 0.8992545 3.91186e-5 -0.3546046 0.9350164 -1.17323e-5 -0.2769134 0.9608949 2.84277e-5 -0.1205391 0.9927087 3.47465e-5 0.2336175 0.9723287 3.51691e-5 0.3546108 0.935014 -3.91083e-5 0.3967329 0.9179342 2.22392e-6 0.568062 0.8229858 -2.18097e-5 0.5480845 0.836423 4.55877e-6 0.6832367 0.7301971 -1.57913e-5 0.7485108 0.6631225 -7.01752e-7 0.7982151 0.6023726 2.91877e-5 0.8854568 0.4647218 -2.50912e-5 0.8897226 0.4565016 -2.50538e-5 0.954682 0.2976278 -1.60321e-6 0.9709413 0.2393178 -2.79346e-5 0.9886006 0.1505625 -2.74513e-5 1 4.94097e-5 -2.44519e-6 1 1.72853e-6 0 0.9787487 -0.2050634 4.66555e-5 1 -5.1789e-5 1.75997e-6 1 -2.78726e-5 0 0.970943 -0.239311 -2.76889e-5 0.9158694 -0.4014766 -1.19512e-6 0.8854554 -0.4647247 3.02016e-5 0.8243976 -0.5660112 1.33135e-5 0.7485091 -0.6631246 -1.68683e-5 0.7151508 -0.6989702 2.98686e-5 0.5680652 -0.8229836 -4.52576e-6 0.5849751 -0.8110513 4.04238e-7 0.4374259 -0.8992545 3.90187e-5 0.3546048 -0.9350163 -1.16264e-5 0.2769137 -0.9608948 2.77814e-5 0.1205389 -0.9927086 3.47306e-5 -0.2336198 -0.9723281 8.15529e-5 -0.354611 -0.935014 -3.93102e-5 -0.396731 -0.917935 2.05742e-6 -0.5680621 -0.8229857 -2.17687e-5 -0.5480834 -0.8364238 4.22895e-6 -0.6832281 -0.7302051 2.97752e-5 -0.7485108 -0.6631226 -9.19448e-7 -0.7982151 -0.6023725 2.92052e-5 -0.8854557 -0.4647239 2.06472e-5 -0.8897225 -0.4565019 -2.53798e-5 -0.9546813 -0.2976301 -1.03874e-6 -0.9709413 -0.2393179 -2.79648e-5 -0.988605 -0.1505334 6.35604e-6 -1 -4.61091e-5 -2.44845e-6 -1 -7.97212e-6 0 -0.9941378 0.1081201 0 -1 -4.86895e-6 -2.58651e-6 -0.9941381 0.1081184 0 -1 -4.86895e-6 2.59878e-6 -0.9766204 0.2149716 0 -0.9766209 0.2149695 0 -0.9476528 0.3193028 0 -0.9476538 0.3192999 0 -0.9075748 0.4198904 0 -0.9075758 0.4198884 0 -0.8568564 0.5155552 0 -0.8568577 0.515553 0 -0.7960921 0.6051755 0 -0.7960942 0.6051726 0 -0.7259947 0.6877004 0 -0.7259966 0.6876983 0 -0.6473853 0.7621629 0 -0.6473871 0.7621614 0 -0.561186 0.8276899 0 -0.5611879 0.8276884 0 -0.4684084 0.8835121 0 -0.4684084 0.8835121 0 -0.3701382 0.9289767 0 -0.3701382 0.9289767 0 -0.2675276 0.9635503 0 -0.2675296 0.9635497 0 -0.161782 0.9868266 0 -0.161782 0.9868266 0 -0.05413764 0.9985335 0 -0.05413979 0.9985334 0 0.05413979 0.9985334 0 0.05413764 0.9985335 0 0.161783 0.9868264 0 0.1617809 0.9868267 0 0.2675296 0.9635497 0 0.2675276 0.9635503 0 0.3701393 0.9289763 0 0.3701372 0.9289771 0 0.4684094 0.8835116 0 0.4684074 0.8835126 0 0.5611879 0.8276884 0 0.561186 0.8276898 0 0.6473871 0.7621614 0 0.6473853 0.7621629 0 0.7259966 0.6876983 0 0.7259947 0.6877004 0 0.7960942 0.6051726 0 0.7960921 0.6051755 0 0.8568574 0.5155536 0 0.8568568 0.5155546 0 0.9075751 0.4198898 0 0.9075755 0.419889 0 0.9476538 0.3192999 0 0.9476528 0.3193028 0 0.9766209 0.2149695 0 0.9766204 0.2149716 0 0.994138 0.1081194 0 0.994138 0.108119 0 1 -4.86895e-6 2.58651e-6 1 -4.86895e-6 -2.59878e-6 1 4.86895e-6 2.59878e-6 1 4.86895e-6 -2.58651e-6 0.9941378 -0.1081201 0 0.9941381 -0.1081184 0 0.9766204 -0.2149716 0 0.9766209 -0.2149695 0 0.9476528 -0.3193028 0 0.9476538 -0.3192999 0 0.9075749 -0.4198905 0 0.9075758 -0.4198884 0 0.8568564 -0.5155552 0 0.8568577 -0.515553 0 0.7960921 -0.6051755 0 0.7960942 -0.6051726 0 0.7259947 -0.6877004 0 0.7259966 -0.6876983 0 0.6473853 -0.7621629 0 0.6473871 -0.7621614 0 0.561186 -0.8276898 0 0.5611879 -0.8276884 0 0.4684074 -0.8835126 0 0.4684094 -0.8835116 0 0.3701372 -0.9289771 0 0.3701393 -0.9289763 0 0.2675286 -0.96355 0 0.2675286 -0.96355 0 0.161782 -0.9868266 0 0.161782 -0.9868266 0 0.05413872 -0.9985334 0 0.05413872 -0.9985334 0 -0.05413872 -0.9985334 0 -0.05413872 -0.9985334 0 -0.161782 -0.9868266 0 -0.161782 -0.9868266 0 -0.2675286 -0.96355 0 -0.2675286 -0.96355 0 -0.3701382 -0.9289767 0 -0.3701382 -0.9289767 0 -0.4684094 -0.8835116 0 -0.4684074 -0.8835126 0 -0.5611879 -0.8276884 0 -0.561186 -0.8276899 0 -0.6473871 -0.7621614 0 -0.6473853 -0.7621629 0 -0.7259966 -0.6876983 0 -0.7259947 -0.6877004 0 -0.7960942 -0.6051726 0 -0.7960921 -0.6051755 0 -0.8568577 -0.515553 0 -0.8568564 -0.5155552 0 -0.9075758 -0.4198884 0 -0.9075748 -0.4198904 0 -0.9476538 -0.3192999 0 -0.9476528 -0.3193028 0 -0.9766209 -0.2149695 0 -0.9766204 -0.2149716 0 -0.9941381 -0.1081184 0 -0.9941378 -0.1081201 0 -1 4.86895e-6 2.58651e-6 -1 4.86895e-6 -2.59878e-6 -1 -2.60845e-5 -5.78425e-6 -1 -2.65315e-5 5.75695e-6 -0.9709424 -0.2393136 0 -0.9709413 -0.2393177 0 -0.885457 -0.4647212 0 -0.8854551 -0.4647251 0 -0.7485122 -0.6631211 0 -0.7485093 -0.6631243 0 -0.5680666 -0.8229826 0 -0.3546069 -0.9350155 0 -0.3546027 -0.9350171 0 -0.1205388 -0.9927087 0 -0.1205343 -0.9927092 0 0.1205344 -0.9927092 0 0.1205388 -0.9927087 0 0.3546028 -0.9350171 0 0.3546069 -0.9350155 0 0.5680648 -0.822984 0 0.5680647 -0.8229839 0 0.7485107 -0.6631227 0 0.7485108 -0.6631227 0 0.885455 -0.4647251 0 0.885457 -0.4647212 0 0.9709413 -0.2393177 0 0.9709424 -0.2393136 0 1 -2.60845e-5 5.78425e-6 1 -2.65315e-5 -5.75695e-6 -0.2225213 4.97699e-6 -0.9749279 -2.52575e-5 1.03004e-6 -1 -2.89977e-5 -3.8743e-7 -1 0.2160502 0.05325084 -0.9749292 2.47756e-5 5.1884e-6 -1 0.2225202 6.89551e-6 -0.9749282 2.55704e-5 1.38162e-5 -1 0.4212681 0.1038333 -0.9009729 0.4338824 -5.36442e-7 -0.9009696 0.6053548 0.1492056 -0.7818461 0.6234892 -2.72691e-6 -0.781832 0.7591059 0.1871024 -0.6234989 0.7818282 4.23565e-5 -0.6234939 0.8747954 0.2156177 -0.433869 0.9009683 1.65477e-5 -0.433885 0.9466072 0.2333176 -0.222481 1 5.04332e-5 -3.21194e-5 0.9709426 0.2393127 -3.54052e-5 0.9749274 4.97475e-5 -0.2225236 0.1970283 0.1034082 -0.974929 2.07275e-5 1.91033e-5 -1 0.3841781 0.2016322 -0.9009726 0.5520572 0.289742 -0.7818457 0.6922714 0.3633323 -0.6234982 0.7977636 0.4186986 -0.4338949 0.8632582 0.4530729 -0.2225089 0.8854578 0.4647201 -3.20897e-5 0.1665566 0.147556 -0.9749288 1.56537e-5 2.35289e-5 -1 0.3247621 0.2877138 -0.9009719 0.4666669 0.4134311 -0.7818548 0.5852033 0.5184441 -0.6235005 0.6743747 0.5974435 -0.4339125 0.7297328 0.6464866 -0.2225874 0.7485063 0.6631278 -3.63812e-5 0.1264046 0.1831274 -0.9749289 9.93907e-6 2.70605e-5 -1 0.2464703 0.3570742 -0.900972 0.3541727 0.513107 -0.7818459 0.4441261 0.6434277 -0.6235004 0.511809 0.7414822 -0.4338845 0.5538139 0.8023378 -0.2225853 0.5680676 0.8229819 -3.10466e-5 0.07890671 0.2080606 -0.974928 3.18512e-6 2.83867e-5 -1 0.1538513 0.4056732 -0.9009767 0.2210869 0.5829573 -0.781845 0.2772396 0.731019 -0.6234978 0.319483 0.8424084 -0.4339112 0.3457088 0.911559 -0.2225884 0.3546083 0.9350149 -3.17842e-5 0.02682209 0.2209005 -0.9749275 -6.42985e-6 8.89599e-6 -1 -1.0604e-5 2.69637e-5 -1 0.05229961 0.4307252 -0.9009665 0.07515299 0.6189352 -0.7818384 0.09423846 0.7761215 -0.6235018 0.1085979 0.8943826 -0.4339196 0.1175155 0.9678252 -0.2224962 0.12054 0.9927085 -3.28943e-5 -0.02682083 0.2208949 -0.9749287 -0.05229657 0.4307018 -0.9009779 -0.07515496 0.6189609 -0.781818 -0.09423774 0.7761216 -0.623502 -0.1085994 0.8943986 -0.4338867 -0.1175137 0.9678134 -0.222548 -0.1205334 0.9927093 -5.21243e-5 -0.07890093 0.208046 -0.9749315 -1.06618e-5 6.92159e-6 -1 -2.26423e-5 1.95652e-5 -1 -0.153855 0.4056823 -0.900972 -0.2210831 0.5829495 -0.7818517 -0.2772403 0.7310231 -0.6234926 -0.3194833 0.8424094 -0.4339089 -0.345709 0.9115591 -0.2225877 -0.3546113 0.9350138 -3.21195e-5 -0.1264038 0.1831279 -0.9749289 -0.2464643 0.3570653 -0.9009771 -0.3541806 0.5131194 -0.7818343 -0.4441264 0.6434288 -0.6234991 -0.5118123 0.7414879 -0.4338708 -0.5538223 0.8023509 -0.2225176 -0.5680695 0.8229807 -2.92063e-6 -0.7485147 0.6631182 -3.68804e-5 -0.1665459 0.1475478 -0.9749319 -1.16304e-5 3.27826e-7 -1 -2.90051e-5 6.80238e-6 -1 -0.3247604 0.2877123 -0.900973 -0.4666821 0.4134441 -0.7818388 -0.5852059 0.5184477 -0.623495 -0.6743764 0.5974457 -0.4339067 -0.7297497 0.646502 -0.2224872 -0.1970287 0.1034088 -0.9749289 -0.3841673 0.2016277 -0.9009783 -0.5520558 0.2897414 -0.7818468 -0.6922706 0.363332 -0.6234993 -0.7977555 0.4186945 -0.4339139 -0.8632546 0.4530709 -0.2225272 -0.8854594 0.4647169 -3.35053e-5 -0.216053 0.05325156 -0.9749284 -0.4212697 0.1038336 -0.9009719 -0.4338819 -6.10948e-7 -0.9009698 -0.6053818 0.1492128 -0.7818238 -0.6234883 1.88947e-5 -0.7818327 -0.7818295 5.52833e-6 -0.6234924 -0.7591092 0.1871036 -0.6234945 -0.8747844 0.215615 -0.4338924 -0.9009675 4.59403e-5 -0.4338864 -0.974927 5.26533e-5 -0.2225256 -0.9465939 0.2333149 -0.2225404 -0.9709432 0.2393104 -4.47035e-6 -1 3.27676e-5 -5.11587e-5 0 0 -1 0 0 -1 0 0 -1 0 0 -1 0 0 -1 0 0 -1 0 0 -1 0 0 -1 0 0 -1 0 0 -1 0 0 -1 0 0 -1 0 0 -1 0 0 -1 0 0 -1 0 0 -1 0 0 -1 0 0 -1 0 0 -1 0 0 -1 0 0 -1 0 0 -1 0 0 -1 0 0 -1 0 0 -1 0 0 -1 0 0 -1 0 0 -1 0 0 -1 0 0 -1 0 0 -1 0 0 -1 0 0 -1 0 0 -1 0 0 -1 0 0 -1 0 0 -1 0 0 -1 0 0 -1 0 0 -1 0 0 -1 0 0 -1 0 0 -1 0 0 -1 0 0 -1 0 0 -1 0 0 -1 0 0 -1 0 0 -1 0 0 -1 0 0 -1 0 0 -1 0 0 -1 0 0 -1 0 0 -1 0 0 -1 0 0 -1 0 0 -1 0 0 -1 0 0 -1 0 0 -1 0 0 -1 0 0 -1 0 0 -1 0 0 -1 0 0 -1 0 0 -1 0 0 -1 0 0 -1 0 0 -1 0 0 -1 0 0 -1 0 0 -1 0 0 -1 0 0 -1 0 0 -1 0 0 -1 0 0 -1 0 0 -1 0 0 -1 0 0 -1 0 0 -1 0 0 -1 0 0 -1 0 0 -1 0 0 -1 0 0 -1 0 0 -1 0 0 -1 0 0 -1 0 0 -1 0 0 -1 0 0 -1 0 0 -1 0 0 -1 0 0 -1 0 0 -1 0 0 -1 0 0 -1 0 0 -1 0 0 -1 0 0 -1 0 0 -1 0 0 -1 0 0 -1 0 0 -1 0 0 -1 0 0 -1 0 0 -1 0 0 -1 0 0 -1 0 0 -1 0 0 -1 0 0 -1 0 0 -1 0 0 -1 0 0 -1 0 0 -1 0 0 -1 0 0 -1 0 0 -1 0 0 -1 0 0 -1 0 0 -1 0 0 -1 0 0 -1 0 0 -1 0 0 -1 0 0 -1 0 0 -1 0 0 -1 0 0 -1 -0.2160502 -0.05325084 -0.9749292 -2.47756e-5 -5.1884e-6 -1 -0.2225202 -6.89551e-6 -0.9749282 -2.55704e-5 -1.38162e-5 -1 -0.4212681 -0.103833 -0.9009728 -0.4338824 5.36442e-7 -0.9009696 -0.6053544 -0.1492061 -0.7818463 -0.6234892 2.72691e-6 -0.781832 -0.7590953 -0.1871001 -0.6235127 -0.7818282 -4.23565e-5 -0.6234939 -0.8747884 -0.2156157 -0.433884 -0.9009683 -1.65477e-5 -0.433885 -0.9466047 -0.2333165 -0.2224929 -1 -5.04332e-5 -3.21194e-5 -0.9709426 -0.2393127 -3.54052e-5 -0.9749274 -4.97475e-5 -0.2225236 -0.1970285 -0.1034078 -0.9749291 -2.07275e-5 -1.91033e-5 -1 -0.3841782 -0.201632 -0.9009726 -0.5520477 -0.2897362 -0.7818544 -0.6922734 -0.3633326 -0.6234958 -0.7977674 -0.4187004 -0.4338861 -0.8632425 -0.4530643 -0.2225878 -0.8854578 -0.4647201 -3.20897e-5 -0.1665588 -0.1475582 -0.9749281 -1.56537e-5 -2.35289e-5 -1 -0.3247547 -0.287707 -0.9009768 -0.4666759 -0.4134377 -0.7818459 -0.5852066 -0.518448 -0.6234941 -0.674393 -0.59746 -0.4338613 -0.7297328 -0.6464868 -0.2225874 -0.7485063 -0.6631278 -3.63812e-5 -0.1264035 -0.1831275 -0.974929 -9.93907e-6 -2.70605e-5 -1 -0.2464688 -0.3570715 -0.9009735 -0.3541877 -0.5131292 -0.7818244 -0.4441248 -0.6434262 -0.623503 -0.5118075 -0.7414813 -0.4338879 -0.5538139 -0.8023378 -0.2225853 -0.5680676 -0.8229819 -3.10466e-5 -0.0788995 -0.2080404 -0.9749329 -3.18512e-6 -2.83867e-5 -1 -0.1538542 -0.4056792 -0.9009735 -0.2210923 -0.5829725 -0.781832 -0.2772395 -0.7310208 -0.6234958 -0.3194825 -0.8424051 -0.4339179 -0.3457088 -0.911559 -0.2225884 -0.3546083 -0.9350149 -3.17842e-5 -0.02682191 -0.2208952 -0.9749287 4.00841e-6 -2.7746e-5 -1 -0.05229866 -0.4307153 -0.9009712 -0.07515496 -0.6189532 -0.7818241 -0.09423917 -0.7761267 -0.6234952 -0.1085992 -0.8943981 -0.4338875 -0.1175155 -0.9678252 -0.2224962 -0.12054 -0.9927085 -3.28943e-5 0.02682077 -0.2208941 -0.974929 1.02418e-5 -2.48104e-5 -1 0.05229806 -0.4307119 -0.9009729 0.07515066 -0.6189257 -0.7818462 0.09424006 -0.7761408 -0.6234776 0.1085979 -0.8943854 -0.4339139 0.1175141 -0.9678165 -0.222535 0.1205334 -0.9927093 -5.21243e-5 0.0789057 -0.2080585 -0.9749285 1.68514e-5 -2.38344e-5 -1 0.1538553 -0.4056828 -0.9009717 0.2210999 -0.5829923 -0.7818152 0.2772387 -0.7310202 -0.6234967 0.3194873 -0.84242 -0.4338852 0.3457092 -0.9115586 -0.2225894 0.3546113 -0.9350138 -3.21195e-5 0.1264037 -0.1831278 -0.9749289 2.18898e-5 -1.89468e-5 -1 0.2464647 -0.3570651 -0.9009771 0.3541946 -0.5131394 -0.7818148 0.4441269 -0.6434296 -0.6234981 0.5118142 -0.7414907 -0.4338636 0.5538179 -0.8023441 -0.222553 0.568062 -0.8229858 -3.68133e-5 0.1665562 -0.1475569 -0.9749287 2.54363e-5 -1.27703e-5 -1 0.3247607 -0.2877129 -0.9009728 0.4666727 -0.413437 -0.7818483 0.5852032 -0.5184451 -0.6234999 0.6743747 -0.5974437 -0.4339123 0.7297429 -0.6464958 -0.2225277 0.7485084 -0.6631253 -3.30582e-5 0.1970161 -0.1034022 -0.9749321 1.11014e-5 2.63005e-6 -1 2.91243e-5 6.29574e-7 -1 0.3841779 -0.2016317 -0.9009729 0.5520823 -0.2897561 -0.7818227 0.6922706 -0.363332 -0.6234992 0.797757 -0.418695 -0.4339104 0.8632486 -0.453068 -0.2225568 0.8854594 -0.4647169 -3.35053e-5 0.216053 -0.05325168 -0.9749284 0.22252 -6.85453e-6 -0.9749281 2.52947e-5 -9.14559e-7 -1 0.4212582 -0.1038304 -0.9009777 0.4338819 6.10948e-7 -0.9009698 0.6053543 -0.1492066 -0.7818464 0.6234888 2.77162e-6 -0.7818324 0.7591067 -0.1871027 -0.623498 0.7818283 -4.23565e-5 -0.6234939 0.8747887 -0.2156159 -0.4338834 0.900968 -1.65179e-5 -0.4338858 0.9465984 -0.2333155 -0.2225204 0.9749272 -4.97326e-5 -0.2225244 1 -3.27676e-5 -5.11587e-5 0.9709432 -0.2393104 -4.47035e-6</float_array>
          <technique_common>
            <accessor source="#_204_MECA_023_SPEC_stp-mesh-normals-array" count="3201" stride="3">
              <param name="X" type="float"/>
              <param name="Y" type="float"/>
              <param name="Z" type="float"/>
            </accessor>
          </technique_common>
        </source>
        <vertices id="_204_MECA_023_SPEC_stp-mesh-vertices">
          <input semantic="POSITION" source="#_204_MECA_023_SPEC_stp-mesh-positions"/>
        </vertices>
        <triangles material="mat_0-material" count="4288">
          <input semantic="VERTEX" source="#_204_MECA_023_SPEC_stp-mesh-vertices" offset="0"/>
          <input semantic="NORMAL" source="#_204_MECA_023_SPEC_stp-mesh-normals" offset="1"/>
          <p>42 0 15 0 16 0 43 0 16 0 17 0 43 0 42 0 16 0 41 0 14 0 15 0 41 1 15 1 42 1 44 2 17 2 18 2 44 0 43 0 17 0 40 3 14 3 41 3 45 4 18 4 19 4 45 0 44 0 18 0 39 0 12 0 13 0 39 0 13 0 14 0 39 5 14 5 40 5 46 0 19 0 20 0 46 0 45 0 19 0 21 0 46 0 20 0 38 6 12 6 39 6 11 7 12 7 38 7 47 0 46 0 21 0 37 0 11 0 38 0 22 8 47 8 21 8 48 0 47 0 22 0 10 9 11 9 37 9 36 0 10 0 37 0 23 10 49 10 48 10 23 0 48 0 22 0 9 11 36 11 35 11 9 12 10 12 36 12 24 0 49 0 23 0 24 13 50 13 49 13 8 0 9 0 35 0 8 14 35 14 34 14 25 15 50 15 24 15 25 0 51 0 50 0 7 0 8 0 34 0 7 0 34 0 33 0 0 0 27 0 26 0 0 16 51 16 25 16 0 0 26 0 51 0 6 0 33 0 32 0 6 17 7 17 33 17 1 18 27 18 0 18 1 0 28 0 27 0 5 0 6 0 32 0 5 0 32 0 31 0 2 19 29 19 28 19 2 20 28 20 1 20 4 21 31 21 30 21 4 0 5 0 31 0 3 0 30 0 29 0 3 0 4 0 30 0 3 22 29 22 2 22 94 23 68 23 69 23 95 24 69 24 70 24 95 0 94 0 69 0 93 25 67 25 68 25 93 26 68 26 94 26 96 27 70 27 71 27 96 0 95 0 70 0 92 0 65 0 66 0 92 0 66 0 67 0 92 0 67 0 93 0 97 28 96 28 71 28 91 0 64 0 65 0 91 0 65 0 92 0 98 0 71 0 72 0 98 0 97 0 71 0 90 6 64 6 91 6 63 7 64 7 90 7 99 29 72 29 73 29 99 30 98 30 72 30 89 0 63 0 90 0 100 31 73 31 74 31 100 0 99 0 73 0 62 9 63 9 89 9 88 0 62 0 89 0 101 32 100 32 74 32 75 33 101 33 74 33 61 34 88 34 87 34 61 12 62 12 88 12 76 0 101 0 75 0 76 13 102 13 101 13 103 0 102 0 76 0 60 35 87 35 86 35 60 0 61 0 87 0 77 0 103 0 76 0 77 0 78 0 103 0 59 0 60 0 86 0 59 0 86 0 85 0 52 0 79 0 78 0 52 0 78 0 77 0 58 0 85 0 84 0 58 17 59 17 85 17 53 0 80 0 79 0 53 36 79 36 52 36 57 0 84 0 83 0 57 0 58 0 84 0 54 19 81 19 80 19 54 20 80 20 53 20 56 0 57 0 83 0 56 37 83 37 82 37 55 0 82 0 81 0 55 38 81 38 54 38 55 0 56 0 82 0 146 0 119 0 120 0 147 15 120 15 121 15 147 0 146 0 120 0 145 0 118 0 119 0 145 39 119 39 146 39 148 40 121 40 122 40 148 0 147 0 121 0 144 41 117 41 118 41 144 3 118 3 145 3 149 0 122 0 123 0 149 0 123 0 124 0 149 0 148 0 122 0 143 0 116 0 117 0 143 0 117 0 144 0 150 0 149 0 124 0 125 0 150 0 124 0 142 42 116 42 143 42 115 43 116 43 142 43 151 0 150 0 125 0 141 0 115 0 142 0 126 8 151 8 125 8 152 0 151 0 126 0 114 0 115 0 141 0 140 44 114 44 141 44 127 0 153 0 152 0 127 0 152 0 126 0 113 45 114 45 140 45 113 46 140 46 139 46 128 0 153 0 127 0 128 0 154 0 153 0 112 47 113 47 139 47 112 48 139 48 138 48 129 0 154 0 128 0 129 0 155 0 154 0 129 49 130 49 155 49 111 0 112 0 138 0 111 0 138 0 137 0 104 0 130 0 129 0 104 0 131 0 130 0 110 0 137 0 136 0 110 0 111 0 137 0 105 0 132 0 131 0 105 0 131 0 104 0 109 50 110 50 136 50 109 0 136 0 135 0 106 51 132 51 105 51 106 52 133 52 132 52 108 53 135 53 134 53 108 0 109 0 135 0 107 54 134 54 133 54 107 55 133 55 106 55 107 0 108 0 134 0 199 15 172 15 173 15 199 0 198 0 172 0 197 0 171 0 172 0 197 56 172 56 198 56 200 24 173 24 174 24 200 0 199 0 173 0 196 57 169 57 170 57 196 0 170 0 171 0 196 3 171 3 197 3 201 0 174 0 175 0 201 0 200 0 174 0 195 0 168 0 169 0 195 0 169 0 196 0 202 0 175 0 176 0 202 0 201 0 175 0 194 42 168 42 195 42 167 43 168 43 194 43 203 0 176 0 177 0 203 0 202 0 176 0 193 0 167 0 194 0 204 15 177 15 178 15 204 58 203 58 177 58 166 0 167 0 193 0 192 59 166 59 193 59 205 60 204 60 178 60 179 0 205 0 178 0 165 12 166 12 192 12 165 61 192 61 191 61 180 0 205 0 179 0 180 0 206 0 205 0 164 47 165 47 191 47 164 48 191 48 190 48 181 0 206 0 180 0 181 0 207 0 206 0 163 0 164 0 190 0 163 0 190 0 189 0 156 0 183 0 182 0 156 62 207 62 181 62 156 0 182 0 207 0 162 0 189 0 188 0 162 0 163 0 189 0 157 0 184 0 183 0 157 0 183 0 156 0 161 63 162 63 188 63 161 0 188 0 187 0 158 52 185 52 184 52 158 51 184 51 157 51 160 53 187 53 186 53 160 0 161 0 187 0 159 54 186 54 185 54 159 0 160 0 186 0 159 55 185 55 158 55 211 64 229 65 210 66 211 64 230 67 229 65 212 68 231 69 230 67 212 68 230 67 211 64 213 70 232 71 231 69 213 70 231 69 212 68 214 72 233 73 232 71 214 72 232 71 213 70 215 74 234 75 233 73 215 74 233 73 214 72 216 76 234 75 215 74 217 77 235 78 234 75 217 77 234 75 216 76 218 79 236 80 235 78 218 79 235 78 217 77 219 81 237 82 236 80 219 81 236 80 218 79 220 83 238 84 237 82 220 83 237 82 219 81 221 85 238 84 220 83 222 86 239 87 238 84 222 86 238 84 221 85 223 88 240 89 239 87 223 88 239 87 222 86 224 90 241 91 240 89 224 90 240 89 223 88 225 92 241 91 224 90 226 93 242 94 241 91 226 93 241 91 225 92 227 95 242 94 226 93 227 95 243 96 242 94 228 97 243 96 227 95 228 97 244 98 243 96 209 99 244 98 228 97 209 99 208 100 244 98 246 101 265 102 245 103 246 101 266 104 265 102 247 105 267 106 266 104 247 105 266 104 246 101 248 107 268 108 267 106 248 107 267 106 247 105 249 109 268 108 248 107 250 110 269 111 268 108 250 110 268 108 249 109 251 112 270 113 269 111 251 112 269 111 250 110 252 114 270 113 251 112 253 115 271 116 270 113 253 115 270 113 252 114 254 117 272 118 271 116 254 117 271 116 253 115 255 119 272 118 254 117 256 120 273 121 272 118 256 120 272 118 255 119 257 122 274 123 273 121 257 122 273 121 256 120 258 124 274 123 257 122 259 125 275 126 274 123 259 125 274 123 258 124 260 127 276 128 275 126 260 127 275 126 259 125 261 129 276 128 260 127 262 130 277 131 276 128 262 130 276 128 261 129 263 132 278 133 277 131 263 132 277 131 262 130 264 134 278 133 263 132 282 135 300 136 281 137 282 135 301 138 300 136 283 139 302 140 301 138 283 139 301 138 282 135 284 141 303 142 302 140 284 141 302 140 283 139 285 143 304 144 303 142 285 143 303 142 284 141 286 145 305 146 304 144 286 145 304 144 285 143 287 147 305 146 286 145 288 148 306 149 305 146 288 148 305 146 287 147 289 150 307 151 306 149 289 150 306 149 288 148 290 152 308 153 307 151 290 152 307 151 289 150 291 154 309 155 308 153 291 154 308 153 290 152 292 156 309 155 291 154 293 157 310 158 309 155 293 157 309 155 292 156 294 159 311 160 310 158 294 159 310 158 293 157 295 161 312 162 311 160 295 161 311 160 294 159 296 163 312 162 295 161 297 164 313 165 312 162 297 164 312 162 296 163 298 166 313 165 297 164 298 166 314 167 313 165 299 168 314 167 298 166 299 168 315 169 314 167 280 170 315 169 299 168 280 170 279 171 315 169 317 172 336 173 316 174 317 172 337 175 336 173 318 176 338 177 337 175 318 176 337 175 317 172 319 178 339 179 338 177 319 178 338 177 318 176 320 180 339 179 319 178 321 181 340 182 339 179 321 181 339 179 320 180 322 183 341 184 340 182 322 183 340 182 321 181 323 185 341 184 322 183 324 186 342 187 341 184 324 186 341 184 323 185 325 188 343 189 342 187 325 188 342 187 324 186 326 190 343 189 325 188 327 191 344 192 343 189 327 191 343 189 326 190 328 193 345 194 344 192 328 193 344 192 327 191 329 195 345 194 328 193 330 196 346 197 345 194 330 196 345 194 329 195 331 198 347 199 346 197 331 198 346 197 330 196 332 200 347 199 331 198 333 201 348 202 347 199 333 201 347 199 332 200 334 203 349 204 348 202 334 203 348 202 333 201 335 205 349 204 334 203 353 206 365 207 352 208 353 206 366 209 365 207 354 210 367 211 366 209 354 210 366 209 353 206 355 212 368 213 367 211 355 212 367 211 354 210 356 214 369 215 368 213 356 214 368 213 355 212 357 216 370 217 369 215 357 216 369 215 356 214 358 218 371 219 370 217 358 218 370 217 357 216 359 220 372 221 371 219 359 220 371 219 358 218 360 222 373 223 372 221 360 222 372 221 359 220 361 224 374 225 373 223 361 224 373 223 360 222 362 226 375 227 374 225 362 226 374 225 361 224 363 228 376 229 375 227 363 228 375 227 362 226 364 230 377 231 376 229 364 230 376 229 363 228 351 232 350 233 377 231 351 232 377 231 364 230 378 234 393 235 392 236 379 237 394 238 393 235 379 237 393 235 378 234 380 239 395 240 394 238 380 239 394 238 379 237 381 241 396 242 395 240 381 241 395 240 380 239 382 243 397 244 396 242 382 243 396 242 381 241 383 245 398 246 397 244 383 245 397 244 382 243 384 247 399 248 398 246 384 247 398 246 383 245 385 249 400 250 399 248 385 249 399 248 384 247 386 251 401 252 400 250 386 251 400 250 385 249 387 253 402 254 401 252 387 253 401 252 386 251 388 255 403 256 402 254 388 255 402 254 387 253 389 257 404 258 403 256 389 257 403 256 388 255 390 259 405 260 404 258 390 259 404 258 389 257 391 261 405 260 390 259 409 262 421 263 408 264 409 262 422 265 421 263 410 266 423 267 422 265 410 266 422 265 409 262 411 268 424 269 423 267 411 268 423 267 410 266 412 270 425 271 424 269 412 270 424 269 411 268 413 272 426 273 425 271 413 272 425 271 412 270 414 274 427 275 426 273 414 274 426 273 413 272 415 276 428 277 427 275 415 276 427 275 414 274 416 278 429 279 428 277 416 278 428 277 415 276 417 280 430 281 429 279 417 280 429 279 416 278 418 282 431 283 430 281 418 282 430 281 417 280 419 284 432 285 431 283 419 284 431 283 418 282 420 286 433 287 432 285 420 286 432 285 419 284 407 288 406 289 433 287 407 288 433 287 420 286 434 290 449 291 448 292 435 293 450 294 449 291 435 293 449 291 434 290 436 295 451 296 450 294 436 295 450 294 435 293 437 297 452 298 451 296 437 297 451 296 436 295 438 299 453 300 452 298 438 299 452 298 437 297 439 301 454 302 453 300 439 301 453 300 438 299 440 303 455 304 454 302 440 303 454 302 439 301 441 305 456 306 455 304 441 305 455 304 440 303 442 307 457 308 456 306 442 307 456 306 441 305 443 309 458 310 457 308 443 309 457 308 442 307 444 311 459 312 458 310 444 311 458 310 443 309 445 313 460 314 459 312 445 313 459 312 444 311 446 315 461 316 460 314 446 315 460 314 445 313 447 317 461 316 446 315 465 318 477 319 464 320 465 318 478 321 477 319 466 322 479 323 478 321 466 322 478 321 465 318 467 324 480 325 479 323 467 324 479 323 466 322 468 326 481 327 480 325 468 326 480 325 467 324 469 328 482 329 481 327 469 328 481 327 468 326 470 330 483 331 482 329 470 330 482 329 469 328 471 332 484 333 483 331 471 332 483 331 470 330 472 334 485 335 484 333 472 334 484 333 471 332 473 336 486 337 485 335 473 336 485 335 472 334 474 338 487 339 486 337 474 338 486 337 473 336 475 340 488 341 487 339 475 340 487 339 474 338 476 342 489 343 488 341 476 342 488 341 475 340 463 344 462 345 489 343 463 344 489 343 476 342 491 346 504 347 490 348 491 346 505 349 504 347 492 238 506 350 505 349 492 238 505 349 491 346 493 351 507 352 506 350 493 351 506 350 492 238 494 353 508 354 507 352 494 353 507 352 493 351 495 355 509 356 508 354 495 355 508 354 494 353 496 357 510 358 509 356 496 357 509 356 495 355 497 359 511 360 510 358 497 359 510 358 496 357 498 361 512 362 511 360 498 361 511 360 497 359 499 363 513 364 512 362 499 363 512 362 498 361 500 365 514 366 513 364 500 365 513 364 499 363 501 367 515 368 514 366 501 367 514 366 500 365 502 369 516 370 515 368 502 369 515 368 501 367 503 371 517 372 516 370 503 371 516 370 502 369 521 373 533 374 520 375 521 373 534 376 533 374 522 377 535 378 534 376 522 377 534 376 521 373 523 379 536 380 535 378 523 379 535 378 522 377 524 381 537 382 536 380 524 381 536 380 523 379 525 383 538 384 537 382 525 383 537 382 524 381 526 385 539 386 538 384 526 385 538 384 525 383 527 387 540 388 539 386 527 387 539 386 526 385 528 389 541 390 540 388 528 389 540 388 527 387 529 391 542 392 541 390 529 391 541 390 528 389 530 393 543 394 542 392 530 393 542 392 529 391 531 395 544 396 543 394 531 395 543 394 530 393 532 397 545 398 544 396 532 397 544 396 531 395 519 399 518 400 545 398 519 399 545 398 532 397 547 401 560 402 546 403 547 401 561 404 560 402 548 405 562 406 561 404 548 405 561 404 547 401 549 407 563 241 562 406 549 407 562 406 548 405 550 408 564 409 563 241 550 408 563 241 549 407 551 410 565 411 564 409 551 410 564 409 550 408 552 412 566 413 565 411 552 412 565 411 551 410 553 414 567 415 566 413 553 414 566 413 552 412 554 416 568 417 567 415 554 416 567 415 553 414 555 418 569 419 568 417 555 418 568 417 554 416 556 420 570 421 569 419 556 420 569 419 555 418 557 422 571 423 570 421 557 422 570 421 556 420 558 424 572 425 571 423 558 424 571 423 557 422 559 426 573 427 572 425 559 426 572 425 558 424 577 428 592 429 576 430 577 428 593 431 592 429 578 432 594 433 593 431 578 432 593 431 577 428 579 434 595 435 594 433 579 434 594 433 578 432 580 436 596 437 595 435 580 436 595 435 579 434 581 438 597 439 596 437 581 438 596 437 580 436 582 440 598 441 597 439 582 440 597 439 581 438 583 442 599 443 598 441 583 442 598 441 582 440 584 444 600 445 599 443 584 444 599 443 583 442 585 446 601 447 600 445 585 446 600 445 584 444 586 448 602 449 601 447 586 448 601 447 585 446 587 450 603 451 602 449 587 450 602 449 586 448 588 452 604 453 603 451 588 452 603 451 587 450 589 454 605 455 604 453 589 454 604 453 588 452 590 456 606 457 605 455 590 456 605 455 589 454 591 458 607 459 606 457 591 458 606 457 590 456 575 460 574 461 607 459 575 460 607 459 591 458 608 462 623 463 622 464 609 465 624 466 623 463 609 465 623 463 608 462 610 467 625 468 624 466 610 467 624 466 609 465 611 469 626 470 625 468 611 469 625 468 610 467 612 471 627 472 626 470 612 471 626 470 611 469 613 473 628 474 627 472 613 473 627 472 612 471 614 475 629 476 628 474 614 475 630 477 629 476 614 475 628 474 613 473 615 478 631 479 630 477 615 478 630 477 614 475 616 480 632 481 631 479 616 480 631 479 615 478 617 482 633 483 632 481 617 482 632 481 616 480 618 484 634 485 633 483 618 484 633 483 617 482 619 486 635 487 634 485 619 486 634 485 618 484 620 488 636 489 635 487 620 488 637 490 636 489 620 488 635 487 619 486 621 491 638 492 637 490 621 491 637 490 620 488 642 493 657 494 641 495 642 493 658 496 657 494 643 497 659 498 658 496 643 497 658 496 642 493 644 499 660 500 659 498 644 499 659 498 643 497 645 501 661 502 660 500 645 501 660 500 644 499 646 503 662 504 661 502 646 503 661 502 645 501 647 505 663 506 662 504 647 505 662 504 646 503 648 507 664 508 663 506 648 507 663 506 647 505 649 509 665 510 664 508 649 509 664 508 648 507 650 511 666 512 665 510 650 511 665 510 649 509 651 513 667 514 666 512 651 513 666 512 650 511 652 515 668 516 667 514 652 515 667 514 651 513 653 517 669 518 668 516 653 517 668 516 652 515 654 519 670 520 669 518 654 519 669 518 653 517 655 521 671 522 670 520 655 521 670 520 654 519 656 523 672 524 671 522 656 523 671 522 655 521 640 525 639 526 672 524 640 525 672 524 656 523 673 527 688 528 687 529 674 530 689 531 688 528 674 530 688 528 673 527 675 532 690 533 689 531 675 532 689 531 674 530 676 534 691 535 690 533 676 534 690 533 675 532 677 536 692 537 691 535 677 536 691 535 676 534 678 538 693 539 692 537 678 538 692 537 677 536 679 540 694 476 693 539 679 540 695 541 694 476 679 540 693 539 678 538 680 542 696 543 695 541 680 542 695 541 679 540 681 544 697 545 696 543 681 544 696 543 680 542 682 546 698 547 697 545 682 546 697 545 681 544 683 548 699 549 698 547 683 548 698 547 682 546 684 550 700 551 699 549 684 550 699 549 683 548 685 552 701 553 700 551 685 552 702 554 701 553 685 552 700 551 684 550 686 555 703 556 702 554 686 555 702 554 685 552 706 557 720 558 719 559 707 560 721 561 720 558 707 560 720 558 706 557 708 562 722 563 721 561 708 562 721 561 707 560 709 564 723 565 722 563 709 564 722 563 708 562 710 566 724 567 723 565 710 566 723 565 709 564 711 568 725 569 724 567 711 568 724 567 710 566 712 570 726 571 725 569 712 570 727 572 726 571 712 570 725 569 711 568 713 573 728 574 727 572 713 573 727 572 712 570 714 575 729 576 728 574 714 575 728 574 713 573 715 577 730 578 729 576 715 577 729 576 714 575 716 579 731 580 730 578 716 579 730 578 715 577 717 581 732 582 731 580 717 581 731 580 716 579 718 583 733 584 732 582 718 583 734 585 733 584 718 583 732 582 717 581 705 586 704 587 734 585 705 586 734 585 718 583 735 588 750 589 749 590 736 591 751 592 750 589 736 591 750 589 735 588 737 593 752 594 751 592 737 593 751 592 736 591 738 595 753 596 752 594 738 595 752 594 737 593 739 597 754 598 753 596 739 597 753 596 738 595 740 599 755 600 754 598 740 599 754 598 739 597 741 601 756 602 755 600 741 601 757 603 756 602 741 601 755 600 740 599 742 604 758 605 757 603 742 604 757 603 741 601 743 606 759 607 758 605 743 606 758 605 742 604 744 608 760 609 759 607 744 608 759 607 743 606 745 610 761 611 760 609 745 610 760 609 744 608 746 612 762 613 761 611 746 612 761 611 745 610 747 614 763 615 762 613 747 614 764 616 763 615 747 614 762 613 746 612 748 617 765 618 764 616 748 617 764 616 747 614 768 619 782 620 781 621 769 622 783 623 782 620 769 622 782 620 768 619 770 624 784 625 783 623 770 624 783 623 769 622 771 626 785 627 784 625 771 626 784 625 770 624 772 628 786 629 785 627 772 628 785 627 771 626 773 630 787 631 786 629 773 630 786 629 772 628 774 632 788 633 787 631 774 632 789 634 788 633 774 632 787 631 773 630 775 635 790 636 789 634 775 635 789 634 774 632 776 637 791 638 790 636 776 637 790 636 775 635 777 639 792 640 791 638 777 639 791 638 776 637 778 641 793 642 792 640 778 641 792 640 777 639 779 643 794 644 793 642 779 643 793 642 778 641 780 645 795 646 794 644 780 645 796 647 795 646 780 645 794 644 779 643 767 648 766 649 796 647 767 648 796 647 780 645 797 650 812 651 811 590 798 652 813 653 812 651 798 652 812 651 797 650 799 654 814 655 813 653 799 654 813 653 798 652 800 656 815 657 814 655 800 656 814 655 799 654 801 658 816 659 815 657 801 658 815 657 800 656 802 660 817 661 816 659 802 660 816 659 801 658 803 662 818 663 817 661 803 662 819 664 818 663 803 662 817 661 802 660 804 665 820 666 819 664 804 665 819 664 803 662 805 667 821 668 820 666 805 667 820 666 804 665 806 669 822 670 821 668 806 669 821 668 805 667 807 671 823 672 822 670 807 671 822 670 806 669 808 673 824 674 823 672 808 673 823 672 807 671 809 675 825 676 824 674 809 675 826 677 825 676 809 675 824 674 808 673 810 678 827 679 826 677 810 678 826 677 809 675 831 680 849 681 830 682 831 680 850 683 849 681 832 684 851 685 850 683 832 684 850 683 831 680 833 686 852 687 851 685 833 686 851 685 832 684 834 688 852 687 833 686 835 689 853 690 852 687 835 689 852 687 834 688 836 691 854 692 853 690 836 691 853 690 835 689 837 693 854 692 836 691 838 694 855 695 854 692 838 694 854 692 837 693 839 696 856 697 855 695 839 696 855 695 838 694 840 698 856 697 839 696 841 699 857 700 856 697 841 699 856 697 840 698 842 701 858 702 857 700 842 701 857 700 841 699 843 703 858 702 842 701 844 704 859 705 858 702 844 704 858 702 843 703 845 706 860 707 859 705 845 706 859 705 844 704 846 708 860 707 845 706 847 709 861 710 860 707 847 709 860 707 846 708 848 711 828 712 861 710 848 711 861 710 847 709 829 713 828 712 848 711 863 714 882 715 862 716 863 714 883 717 882 715 864 718 884 719 883 717 864 718 883 717 863 714 865 720 885 721 884 719 865 720 884 719 864 718 866 722 885 721 865 720 867 723 886 724 885 721 867 723 885 721 866 722 868 725 887 726 886 724 868 725 886 724 867 723 869 727 887 726 868 725 870 728 888 729 887 726 870 728 887 726 869 727 871 730 889 731 888 729 871 730 888 729 870 728 872 732 889 731 871 730 873 733 890 734 889 731 873 733 889 731 872 732 874 735 891 736 890 734 874 735 890 734 873 733 875 737 891 736 874 735 876 738 892 739 891 736 876 738 891 736 875 737 877 740 893 741 892 739 877 740 892 739 876 738 878 742 893 741 877 740 879 743 894 744 893 741 879 743 893 741 878 742 880 745 895 746 894 744 880 745 894 744 879 743 881 747 895 746 880 745 899 748 917 749 898 750 899 748 918 751 917 749 900 752 919 753 918 751 900 752 918 751 899 748 901 754 920 755 919 753 901 754 919 753 900 752 902 756 920 755 901 754 903 757 921 758 920 755 903 757 920 755 902 756 904 759 922 760 921 758 904 759 921 758 903 757 905 761 922 760 904 759 906 762 923 763 922 760 906 762 922 760 905 761 907 764 924 765 923 763 907 764 923 763 906 762 908 766 924 765 907 764 909 767 925 768 924 765 909 767 924 765 908 766 910 769 926 770 925 768 910 769 925 768 909 767 911 771 926 770 910 769 912 772 927 773 926 770 912 772 926 770 911 771 913 774 928 775 927 773 913 774 927 773 912 772 914 776 928 775 913 774 915 777 929 778 928 775 915 777 928 775 914 776 916 779 896 780 929 778 916 779 929 778 915 777 897 781 896 780 916 779 931 782 950 783 930 784 931 782 951 785 950 783 932 786 952 787 951 785 932 786 951 785 931 782 933 788 953 789 952 787 933 788 952 787 932 786 934 790 953 789 933 788 935 791 954 792 953 789 935 791 953 789 934 790 936 793 955 794 954 792 936 793 954 792 935 791 937 795 955 794 936 793 938 796 956 797 955 794 938 796 955 794 937 795 939 798 957 799 956 797 939 798 956 797 938 796 940 800 957 799 939 798 941 801 958 802 957 799 941 801 957 799 940 800 942 803 959 804 958 802 942 803 958 802 941 801 943 805 959 804 942 803 944 806 960 807 959 804 944 806 959 804 943 805 945 808 961 809 960 807 945 808 960 807 944 806 946 810 961 809 945 808 947 811 962 812 961 809 947 811 961 809 946 810 948 813 963 814 962 812 948 813 962 812 947 811 949 815 963 814 948 813 989 816 985 816 986 816 989 817 986 817 987 817 989 818 987 818 988 818 982 819 983 819 984 819 982 819 984 819 985 819 966 820 964 820 965 820 966 819 989 819 964 819 969 821 967 821 968 821 978 822 979 822 980 822 978 823 980 823 981 823 970 824 966 824 967 824 970 825 985 825 989 825 970 819 989 819 966 819 970 819 982 819 985 819 970 819 967 819 969 819 977 826 981 826 982 826 977 819 978 819 981 819 972 819 970 819 971 819 972 827 982 827 970 827 975 828 976 828 977 828 975 829 977 829 982 829 974 830 972 830 973 830 974 831 982 831 972 831 974 819 975 819 982 819 1006 832 1003 833 1002 834 1006 832 1005 835 1003 833 1007 836 1002 834 1001 837 1007 836 1006 832 1002 834 1008 838 1001 837 1000 839 1008 838 1007 836 1001 837 1009 840 1000 839 999 841 1009 840 1008 838 1000 839 1010 842 999 841 998 843 1010 842 1009 840 999 841 1011 844 998 843 997 845 1011 844 1010 842 998 843 1012 846 997 845 996 847 1012 846 1011 844 997 845 1013 848 996 847 995 849 1013 848 1012 846 996 847 1014 850 995 849 994 851 1014 850 1013 848 995 849 1015 852 994 851 993 853 1015 852 1014 850 994 851 1016 854 992 855 991 856 1016 854 993 853 992 855 1016 854 1015 852 993 853 1017 857 991 856 990 858 1017 857 1016 854 991 856 1004 859 1017 857 990 858 1020 860 1034 861 1033 862 1021 863 1035 864 1034 861 1021 863 1034 861 1020 860 1022 865 1036 866 1035 864 1022 865 1035 864 1021 863 1023 867 1037 868 1036 866 1023 867 1036 866 1022 865 1024 869 1038 870 1037 868 1024 869 1037 868 1023 867 1039 871 1038 870 1024 869 1025 872 1040 873 1039 871 1025 872 1039 871 1024 869 1026 874 1041 875 1040 873 1026 874 1040 873 1025 872 1027 876 1042 877 1041 875 1027 876 1041 875 1026 874 1028 878 1043 879 1042 877 1028 878 1042 877 1027 876 1029 880 1044 881 1043 879 1029 880 1045 882 1044 881 1029 880 1043 879 1028 878 1030 883 1046 884 1045 882 1030 883 1045 882 1029 880 1031 885 1047 886 1046 884 1031 885 1046 884 1030 883 1032 887 1048 888 1047 886 1032 887 1049 889 1048 888 1032 887 1047 886 1031 885 1019 890 1018 891 1049 889 1019 890 1049 889 1032 887 1051 892 1064 893 1050 894 1051 892 1065 895 1064 893 1052 896 1066 897 1065 895 1052 896 1065 895 1051 892 1053 898 1067 899 1066 897 1053 898 1066 897 1052 896 1054 900 1068 901 1067 899 1054 900 1067 899 1053 898 1055 902 1069 903 1068 901 1055 902 1068 901 1054 900 1056 904 1070 905 1069 903 1056 904 1069 903 1055 902 1057 906 1071 907 1070 905 1057 906 1070 905 1056 904 1058 908 1072 909 1071 907 1058 908 1071 907 1057 906 1059 910 1073 911 1072 909 1059 910 1072 909 1058 908 1060 912 1074 913 1073 911 1060 912 1073 911 1059 910 1075 914 1074 913 1060 912 1061 915 1075 914 1060 912 1076 916 1075 914 1061 915 1062 917 1076 916 1061 915 1077 918 1076 916 1062 917 1063 919 1077 918 1062 917 1080 920 1094 921 1093 922 1081 923 1095 924 1094 921 1081 923 1094 921 1080 920 1082 925 1096 926 1095 924 1082 925 1095 924 1081 923 1083 927 1097 928 1096 926 1083 927 1096 926 1082 925 1084 929 1098 930 1097 928 1084 929 1097 928 1083 927 1099 931 1098 930 1084 929 1085 932 1100 933 1099 931 1085 932 1099 931 1084 929 1086 934 1101 935 1100 933 1086 934 1100 933 1085 932 1087 936 1102 937 1101 935 1087 936 1101 935 1086 934 1088 938 1103 939 1102 937 1088 938 1102 937 1087 936 1089 940 1104 941 1103 939 1089 940 1105 942 1104 941 1089 940 1103 939 1088 938 1090 943 1106 944 1105 942 1090 943 1105 942 1089 940 1091 945 1107 946 1106 944 1091 945 1106 944 1090 943 1092 947 1108 948 1107 946 1092 947 1109 949 1108 948 1092 947 1107 946 1091 945 1079 950 1078 951 1109 949 1079 950 1109 949 1092 947 1111 952 1124 953 1110 954 1111 952 1125 955 1124 953 1112 956 1126 957 1125 955 1112 956 1125 955 1111 952 1113 958 1127 959 1126 957 1113 958 1126 957 1112 956 1128 960 1127 959 1113 958 1114 961 1128 960 1113 958 1129 962 1128 960 1114 961 1115 963 1129 962 1114 961 1116 964 1130 965 1129 962 1116 964 1129 962 1115 963 1117 966 1131 967 1130 965 1117 966 1130 965 1116 964 1118 968 1132 969 1131 967 1118 968 1131 967 1117 966 1119 970 1133 971 1132 969 1119 970 1132 969 1118 968 1120 972 1134 973 1133 971 1120 972 1133 971 1119 970 1121 974 1135 975 1134 973 1121 974 1134 973 1120 972 1122 976 1136 977 1135 975 1122 976 1135 975 1121 974 1137 978 1136 977 1122 976 1123 979 1137 978 1122 976 1140 980 1154 981 1153 982 1141 983 1155 984 1154 981 1141 983 1154 981 1140 980 1142 985 1156 986 1155 984 1142 985 1155 984 1141 983 1143 987 1157 988 1156 986 1143 987 1156 986 1142 985 1144 989 1158 990 1157 988 1144 989 1157 988 1143 987 1159 991 1158 990 1144 989 1145 992 1160 993 1159 991 1145 992 1159 991 1144 989 1146 994 1161 995 1160 993 1146 994 1160 993 1145 992 1147 996 1162 997 1161 995 1147 996 1161 995 1146 994 1148 998 1163 999 1162 997 1148 998 1162 997 1147 996 1149 1000 1164 1001 1163 999 1149 1000 1165 1002 1164 1001 1149 1000 1163 999 1148 998 1150 1003 1166 1004 1165 1002 1150 1003 1165 1002 1149 1000 1151 1005 1167 1006 1166 1004 1151 1005 1166 1004 1150 1003 1152 1007 1168 1008 1167 1006 1152 1007 1169 1009 1168 1008 1152 1007 1167 1006 1151 1005 1139 1010 1138 1011 1169 1009 1139 1010 1169 1009 1152 1007 1171 1012 1184 1013 1170 1014 1171 1012 1185 1015 1184 1013 1172 1016 1186 1017 1185 1015 1172 1016 1185 1015 1171 1012 1173 1018 1187 1019 1186 1017 1173 1018 1186 1017 1172 1016 1174 1020 1188 1021 1187 1019 1174 1020 1187 1019 1173 1018 1175 1022 1189 1023 1188 1021 1175 1022 1188 1021 1174 1020 1176 1024 1190 1025 1189 1023 1176 1024 1189 1023 1175 1022 1191 1026 1190 1025 1176 1024 1177 1027 1191 1026 1176 1024 1178 1028 1192 1029 1191 1026 1178 1028 1191 1026 1177 1027 1179 1030 1193 1031 1192 1029 1179 1030 1192 1029 1178 1028 1180 1032 1194 1033 1193 1031 1180 1032 1193 1031 1179 1030 1181 1034 1195 1035 1194 1033 1181 1034 1194 1033 1180 1032 1182 1036 1196 1037 1195 1035 1182 1036 1195 1035 1181 1034 1197 1038 1196 1037 1182 1036 1183 1039 1197 1038 1182 1036 1200 1040 1214 1041 1213 1042 1201 1043 1215 1044 1214 1041 1201 1043 1214 1041 1200 1040 1202 1045 1216 1046 1215 1044 1202 1045 1215 1044 1201 1043 1203 1047 1217 1048 1216 1046 1203 1047 1216 1046 1202 1045 1204 1049 1218 1050 1217 1048 1204 1049 1217 1048 1203 1047 1219 1051 1218 1050 1204 1049 1205 1052 1220 1053 1219 1051 1205 1052 1219 1051 1204 1049 1206 1054 1221 1055 1220 1053 1206 1054 1220 1053 1205 1052 1207 1056 1222 1057 1221 1055 1207 1056 1221 1055 1206 1054 1208 1058 1223 1059 1222 1057 1208 1058 1222 1057 1207 1056 1209 1060 1224 1061 1223 1059 1209 1060 1225 1062 1224 1061 1209 1060 1223 1059 1208 1058 1210 1063 1226 1064 1225 1062 1210 1063 1225 1062 1209 1060 1211 1065 1227 1066 1226 1064 1211 1065 1226 1064 1210 1063 1212 1067 1228 1068 1227 1066 1212 1067 1229 1069 1228 1068 1212 1067 1227 1066 1211 1065 1199 1070 1198 1071 1229 1069 1199 1070 1229 1069 1212 1067 1231 1072 1244 1073 1230 1074 1231 1072 1245 1075 1244 1073 1232 1076 1246 1077 1245 1075 1232 1076 1245 1075 1231 1072 1233 1078 1247 1079 1246 1077 1233 1078 1246 1077 1232 1076 1234 1080 1248 1081 1247 1079 1234 1080 1247 1079 1233 1078 1249 1082 1248 1081 1234 1080 1235 1083 1249 1082 1234 1080 1236 1084 1250 1085 1249 1082 1236 1084 1249 1082 1235 1083 1251 1086 1250 1085 1236 1084 1237 1087 1251 1086 1236 1084 1238 1088 1252 1089 1251 1086 1238 1088 1251 1086 1237 1087 1239 1090 1253 1091 1252 1089 1239 1090 1252 1089 1238 1088 1240 1092 1254 1093 1253 1091 1240 1092 1253 1091 1239 1090 1241 1094 1255 1095 1254 1093 1241 1094 1254 1093 1240 1092 1242 1096 1256 1097 1255 1095 1242 1096 1255 1095 1241 1094 1257 1098 1256 1097 1242 1096 1243 1099 1257 1098 1242 1096 1300 1100 1268 1100 1269 1100 1300 1101 1299 1101 1268 1101 1298 1102 1267 1102 1268 1102 1298 819 1268 819 1299 819 1301 819 1269 819 1270 819 1301 1103 1300 1103 1269 1103 1297 1104 1266 1104 1267 1104 1297 819 1267 819 1298 819 1302 1105 1270 1105 1271 1105 1302 819 1301 819 1270 819 1296 1106 1266 1106 1297 1106 1303 1107 1271 1107 1272 1107 1303 819 1302 819 1271 819 1295 1108 1265 1108 1266 1108 1295 819 1266 819 1296 819 1304 819 1303 819 1272 819 1294 1109 1265 1109 1295 1109 1294 1110 1264 1110 1265 1110 1305 819 1304 819 1272 819 1305 1111 1272 1111 1273 1111 1293 1112 1264 1112 1294 1112 1292 1113 1263 1113 1264 1113 1292 819 1264 819 1293 819 1306 819 1273 819 1274 819 1306 819 1305 819 1273 819 1291 819 1263 819 1292 819 1307 819 1306 819 1274 819 1262 819 1263 819 1291 819 1290 819 1262 819 1291 819 1275 1114 1307 1114 1274 1114 1308 819 1307 819 1275 819 1309 819 1308 819 1275 819 1261 1115 1262 1115 1290 1115 1261 1116 1290 1116 1289 1116 1288 819 1261 819 1289 819 1276 819 1309 819 1275 819 1276 1117 1310 1117 1309 1117 1260 819 1288 819 1287 819 1260 819 1261 819 1288 819 1277 1118 1310 1118 1276 1118 1277 1119 1311 1119 1310 1119 1277 1120 1312 1120 1311 1120 1259 819 1287 819 1286 819 1259 819 1260 819 1287 819 1278 1121 1312 1121 1277 1121 1278 1122 1313 1122 1312 1122 1258 819 1286 819 1285 819 1258 1123 1259 1123 1286 1123 1258 819 1285 819 1322 819 1279 819 1313 819 1278 819 1279 1124 1314 1124 1313 1124 1279 1125 1315 1125 1314 1125 1284 1126 1258 1126 1322 1126 1284 819 1322 819 1321 819 1280 1127 1316 1127 1315 1127 1280 819 1315 819 1279 819 1283 1128 1320 1128 1319 1128 1283 1129 1321 1129 1320 1129 1283 1130 1284 1130 1321 1130 1281 1131 1317 1131 1316 1131 1281 1132 1318 1132 1317 1132 1281 1133 1316 1133 1280 1133 1282 1134 1319 1134 1318 1134 1282 1135 1318 1135 1281 1135 1282 1136 1283 1136 1319 1136 1365 1137 1333 1137 1334 1137 1365 1138 1364 1138 1333 1138 1363 1102 1332 1102 1333 1102 1363 819 1333 819 1364 819 1366 819 1334 819 1335 819 1366 1139 1365 1139 1334 1139 1362 1104 1331 1104 1332 1104 1362 819 1332 819 1363 819 1367 1140 1335 1140 1336 1140 1367 819 1366 819 1335 819 1361 1106 1331 1106 1362 1106 1368 1141 1336 1141 1337 1141 1368 819 1367 819 1336 819 1360 1108 1330 1108 1331 1108 1360 819 1331 819 1361 819 1369 819 1368 819 1337 819 1359 1109 1330 1109 1360 1109 1359 1110 1329 1110 1330 1110 1370 819 1369 819 1337 819 1370 1142 1337 1142 1338 1142 1358 1112 1329 1112 1359 1112 1357 1113 1328 1113 1329 1113 1357 819 1329 819 1358 819 1371 819 1338 819 1339 819 1371 819 1370 819 1338 819 1356 819 1328 819 1357 819 1372 819 1371 819 1339 819 1327 819 1328 819 1356 819 1355 819 1327 819 1356 819 1340 1143 1372 1143 1339 1143 1373 819 1372 819 1340 819 1374 819 1373 819 1340 819 1326 1115 1327 1115 1355 1115 1326 1144 1355 1144 1354 1144 1353 819 1326 819 1354 819 1341 819 1374 819 1340 819 1341 1145 1375 1145 1374 1145 1325 819 1353 819 1352 819 1325 819 1326 819 1353 819 1342 1146 1375 1146 1341 1146 1342 1147 1376 1147 1375 1147 1342 1148 1377 1148 1376 1148 1324 819 1352 819 1351 819 1324 819 1325 819 1352 819 1343 1149 1377 1149 1342 1149 1343 1122 1378 1122 1377 1122 1323 819 1351 819 1350 819 1323 1123 1324 1123 1351 1123 1323 819 1350 819 1387 819 1344 819 1378 819 1343 819 1344 1124 1379 1124 1378 1124 1344 1125 1380 1125 1379 1125 1349 1126 1323 1126 1387 1126 1349 819 1387 819 1386 819 1345 1150 1381 1150 1380 1150 1345 819 1380 819 1344 819 1348 1151 1385 1151 1384 1151 1348 1152 1386 1152 1385 1152 1348 1153 1349 1153 1386 1153 1346 1154 1382 1154 1381 1154 1346 1155 1383 1155 1382 1155 1346 1156 1381 1156 1345 1156 1347 1157 1384 1157 1383 1157 1347 1158 1383 1158 1346 1158 1347 1136 1348 1136 1384 1136 1461 1159 1395 1159 1396 1159 1461 1160 1460 1160 1395 1160 1459 1161 1394 1161 1395 1161 1459 1162 1395 1162 1460 1162 1462 0 1461 0 1396 0 1458 0 1393 0 1394 0 1458 0 1394 0 1459 0 1463 0 1396 0 1397 0 1463 0 1462 0 1396 0 1457 1163 1393 1163 1458 1163 1635 1164 1390 1164 1391 1164 1634 0 1635 0 1391 0 1464 1165 1397 1165 1398 1165 1464 0 1463 0 1397 0 1636 1166 1390 1166 1635 1166 1633 1167 1634 1167 1391 1167 1637 0 1390 0 1636 0 1456 0 1392 0 1393 0 1456 0 1393 0 1457 0 1632 1168 1391 1168 1392 1168 1632 0 1633 0 1391 0 1612 0 1389 0 1390 0 1612 1169 1390 1169 1637 1169 1631 0 1392 0 1456 0 1631 0 1632 0 1392 0 1465 1170 1398 1170 1399 1170 1465 1171 1464 1171 1398 1171 1613 0 1389 0 1612 0 1630 0 1631 0 1456 0 1455 0 1630 0 1456 0 1614 0 1389 0 1613 0 1629 0 1630 0 1455 0 1466 0 1465 0 1399 0 1615 0 1388 0 1389 0 1615 1172 1389 1172 1614 1172 1454 0 1629 0 1455 0 1628 0 1629 0 1454 0 1616 0 1388 0 1615 0 1467 1173 1399 1173 1400 1173 1467 1174 1400 1174 1401 1174 1467 0 1466 0 1399 0 1617 0 1388 0 1616 0 1453 0 1628 0 1454 0 1453 1175 1627 1175 1628 1175 1443 1176 1388 1176 1617 1176 1618 0 1443 0 1617 0 1468 1177 1401 1177 1402 1177 1468 1178 1467 1178 1401 1178 1619 0 1443 0 1618 0 1442 1179 1443 1179 1619 1179 1576 1180 1453 1180 1452 1180 1576 0 1452 0 1575 0 1574 1181 1452 1181 1451 1181 1574 0 1575 0 1452 0 1577 1182 1453 1182 1576 1182 1577 1183 1627 1183 1453 1183 1577 0 1626 0 1627 0 1573 1184 1574 1184 1451 1184 1578 0 1626 0 1577 0 1579 0 1625 0 1626 0 1579 1185 1626 1185 1578 1185 1572 0 1451 0 1450 0 1572 0 1573 0 1451 0 1548 0 1625 0 1579 0 1571 0 1572 0 1450 0 1549 0 1624 0 1625 0 1549 0 1625 0 1548 0 1570 1186 1450 1186 1449 1186 1570 0 1571 0 1450 0 1550 1187 1623 1187 1624 1187 1550 1188 1624 1188 1549 1188 1569 1189 1449 1189 1448 1189 1569 1190 1570 1190 1449 1190 1551 1191 1622 1191 1623 1191 1551 1192 1623 1192 1550 1192 1568 0 1569 0 1448 0 1552 0 1621 0 1622 0 1552 0 1622 0 1551 0 1567 1193 1568 1193 1448 1193 1567 1194 1448 1194 1447 1194 1553 0 1621 0 1552 0 1566 0 1567 0 1447 0 1566 1195 1447 1195 1446 1195 1565 1196 1566 1196 1446 1196 1486 1197 1403 1197 1404 1197 1486 1198 1404 1198 1405 1198 1512 1199 1441 1199 1442 1199 1513 1200 1619 1200 1620 1200 1513 1201 1442 1201 1619 1201 1513 0 1512 0 1442 0 1487 0 1486 0 1405 0 1485 1202 1402 1202 1403 1202 1485 0 1468 0 1402 0 1485 1203 1403 1203 1486 1203 1511 0 1441 0 1512 0 1511 0 1440 0 1441 0 1514 1204 1621 1204 1553 1204 1514 1205 1620 1205 1621 1205 1514 0 1513 0 1620 0 1514 1206 1553 1206 1554 1206 1488 1207 1405 1207 1406 1207 1488 0 1487 0 1405 0 1484 0 1468 0 1485 0 1484 0 1469 0 1468 0 1510 0 1439 0 1440 0 1510 0 1440 0 1511 0 1515 0 1514 0 1554 0 1515 1208 1554 1208 1555 1208 1489 1209 1406 1209 1407 1209 1489 1210 1488 1210 1406 1210 1483 0 1469 0 1484 0 1483 0 1444 0 1469 0 1509 0 1439 0 1510 0 1516 1211 1555 1211 1556 1211 1516 1212 1556 1212 1557 1212 1516 0 1515 0 1555 0 1490 0 1407 0 1408 0 1490 0 1489 0 1407 0 1482 0 1445 0 1444 0 1482 0 1444 0 1483 0 1508 0 1438 0 1439 0 1508 1213 1439 1213 1509 1213 1517 1214 1557 1214 1558 1214 1517 1215 1516 1215 1557 1215 1491 0 1490 0 1408 0 1481 0 1446 0 1445 0 1481 0 1445 0 1482 0 1507 0 1438 0 1508 0 1518 1216 1517 1216 1558 1216 1518 1217 1558 1217 1559 1217 1492 0 1491 0 1408 0 1409 1218 1492 1218 1408 1218 1437 1219 1438 1219 1507 1219 1437 1220 1507 1220 1506 1220 1493 1221 1492 1221 1409 1221 1505 1160 1437 1160 1506 1160 1494 1222 1493 1222 1409 1222 1410 1223 1495 1223 1494 1223 1410 0 1494 0 1409 0 1436 1224 1504 1224 1503 1224 1436 1225 1505 1225 1504 1225 1436 1226 1437 1226 1505 1226 1608 0 1479 0 1607 0 1608 1227 1480 1227 1479 1227 1606 0 1607 0 1479 0 1606 1228 1479 1228 1478 1228 1609 0 1480 0 1608 0 1609 1229 1481 1229 1480 1229 1605 0 1606 0 1478 0 1605 1230 1478 1230 1477 1230 1610 0 1481 0 1609 0 1611 0 1481 0 1610 0 1611 0 1565 0 1446 0 1611 0 1446 0 1481 0 1611 0 1564 0 1565 0 1604 0 1605 0 1477 0 1580 0 1563 0 1564 0 1580 0 1564 0 1611 0 1603 0 1604 0 1477 0 1603 0 1477 0 1476 0 1581 1231 1562 1231 1563 1231 1581 1232 1563 1232 1580 1232 1602 0 1603 0 1476 0 1601 1233 1476 1233 1475 1233 1601 0 1602 0 1476 0 1600 0 1601 0 1475 0 1691 0 1519 0 1518 0 1691 0 1518 0 1559 0 1692 0 1519 0 1691 0 1690 1234 1559 1234 1560 1234 1690 0 1691 0 1559 0 1693 0 1520 0 1519 0 1693 1235 1519 1235 1692 1235 1689 0 1690 0 1560 0 1689 1236 1560 1236 1561 1236 1694 0 1520 0 1693 0 1599 0 1600 0 1475 0 1599 1237 1475 1237 1474 1237 1695 0 1521 0 1520 0 1695 0 1520 0 1694 0 1688 0 1689 0 1561 0 1688 1238 1561 1238 1562 1238 1688 1239 1562 1239 1581 1239 1435 0 1503 0 1502 0 1435 0 1436 0 1503 0 1411 1240 1470 1240 1495 1240 1411 0 1495 0 1410 0 1411 0 1471 0 1470 0 1664 1241 1521 1241 1695 1241 1687 0 1688 0 1581 0 1687 1242 1581 1242 1582 1242 1598 1243 1599 1243 1474 1243 1665 0 1521 0 1664 0 1665 0 1496 0 1521 0 1686 0 1687 0 1582 0 1686 1244 1582 1244 1583 1244 1666 0 1497 0 1496 0 1666 0 1496 0 1665 0 1685 0 1583 0 1584 0 1685 1245 1686 1245 1583 1245 1667 0 1497 0 1666 0 1684 0 1685 0 1584 0 1668 1246 1498 1246 1497 1246 1668 0 1497 0 1667 0 1669 0 1498 0 1668 0 1412 0 1471 0 1411 0 1434 1247 1502 1247 1501 1247 1434 0 1435 0 1502 0 1661 1248 1474 1248 1473 1248 1660 0 1661 0 1473 0 1660 1249 1473 1249 1472 1249 1662 1250 1598 1250 1474 1250 1662 0 1474 0 1661 0 1659 0 1660 0 1472 0 1659 0 1472 0 1471 0 1663 1251 1597 1251 1598 1251 1663 0 1598 0 1662 0 1658 0 1659 0 1471 0 1658 0 1471 0 1412 0 1638 0 1595 0 1596 0 1638 0 1596 0 1597 0 1638 1252 1597 1252 1663 1252 1657 0 1658 0 1412 0 1639 0 1593 0 1594 0 1639 0 1594 0 1595 0 1639 0 1595 0 1638 0 1640 1253 1592 1253 1593 1253 1640 1254 1593 1254 1639 1254 1413 0 1657 0 1412 0 1413 1255 1655 1255 1656 1255 1413 1256 1656 1256 1657 1256 1433 1257 1501 1257 1500 1257 1433 0 1434 0 1501 0 1641 0 1591 0 1592 0 1641 1258 1592 1258 1640 1258 1654 0 1655 0 1413 0 1642 0 1590 0 1591 0 1642 0 1591 0 1641 0 1538 0 1682 0 1683 0 1538 1259 1683 1259 1684 1259 1539 0 1538 0 1684 0 1539 0 1684 0 1584 0 1539 1260 1584 1260 1585 1260 1537 0 1682 0 1538 0 1537 1261 1681 1261 1682 1261 1540 0 1539 0 1585 0 1540 1262 1585 1262 1586 1262 1414 1263 1654 1263 1413 1263 1414 1264 1651 1264 1652 1264 1414 1265 1652 1265 1653 1265 1414 0 1653 0 1654 0 1536 1266 1681 1266 1537 1266 1536 1267 1678 1267 1679 1267 1536 0 1679 0 1680 0 1536 0 1680 0 1681 0 1541 0 1540 0 1586 0 1541 1268 1586 1268 1587 1268 1541 1269 1587 1269 1588 1269 1535 0 1678 0 1536 0 1535 1270 1677 1270 1678 1270 1723 1271 1499 1271 1498 1271 1724 1272 1500 1272 1499 1272 1724 1273 1499 1273 1723 1273 1724 1274 1433 1274 1500 1274 1722 0 1723 0 1498 0 1722 1275 1669 1275 1670 1275 1722 1276 1498 1276 1669 1276 1725 1277 1432 1277 1433 1277 1725 0 1433 0 1724 0 1721 0 1722 0 1670 0 1721 1278 1670 1278 1671 1278 1726 0 1432 0 1725 0 1542 0 1541 0 1588 0 1542 1279 1588 1279 1589 1279 1727 0 1432 0 1726 0 1720 0 1721 0 1671 0 1720 1280 1671 1280 1672 1280 1696 0 1432 0 1727 0 1534 1281 1677 1281 1535 1281 1534 1282 1675 1282 1676 1282 1534 1283 1676 1283 1677 1283 1719 1284 1672 1284 1673 1284 1719 0 1720 0 1672 0 1697 0 1432 0 1696 0 1718 0 1719 0 1673 0 1718 1285 1673 1285 1674 1285 1543 1286 1589 1286 1590 1286 1543 1287 1590 1287 1642 1287 1543 1288 1642 1288 1643 1288 1543 1289 1542 1289 1589 1289 1717 0 1718 0 1674 0 1533 0 1717 0 1674 0 1533 1290 1675 1290 1534 1290 1533 1291 1674 1291 1675 1291 1415 0 1651 0 1414 0 1415 1292 1648 1292 1649 1292 1415 1293 1649 1293 1650 1293 1415 0 1650 0 1651 0 1431 0 1432 0 1697 0 1431 1294 1697 1294 1698 1294 1431 1295 1698 1295 1699 1295 1716 0 1717 0 1533 0 1544 1296 1643 1296 1644 1296 1544 1297 1543 1297 1643 1297 1700 0 1431 0 1699 0 1532 0 1716 0 1533 0 1532 1298 1715 1298 1716 1298 1701 1299 1431 1299 1700 1299 1531 0 1715 0 1532 0 1416 0 1648 0 1415 0 1416 1300 1646 1300 1647 1300 1416 1301 1647 1301 1648 1301 1430 1302 1701 1302 1702 1302 1430 1303 1702 1303 1703 1303 1430 1304 1703 1304 1704 1304 1430 1305 1704 1305 1705 1305 1430 1306 1705 1306 1706 1306 1430 0 1431 0 1701 0 1429 1307 1706 1307 1707 1307 1429 0 1707 0 1708 0 1429 1308 1708 1308 1709 1308 1429 1309 1709 1309 1710 1309 1429 0 1430 0 1706 0 1417 1310 1646 1310 1416 1310 1417 0 1644 0 1645 0 1417 1311 1645 1311 1646 1311 1418 1312 1544 1312 1644 1312 1418 1313 1545 1313 1544 1313 1418 1314 1644 1314 1417 1314 1428 1315 1710 1315 1711 1315 1428 1316 1711 1316 1712 1316 1428 1317 1712 1317 1713 1317 1428 1318 1713 1318 1714 1318 1428 0 1429 0 1710 0 1419 1319 1545 1319 1418 1319 1419 0 1546 0 1545 0 1427 1320 1714 1320 1715 1320 1427 0 1715 0 1531 0 1427 1321 1531 1321 1530 1321 1427 0 1428 0 1714 0 1420 0 1547 0 1546 0 1420 0 1546 0 1419 0 1426 0 1427 0 1530 0 1426 1322 1530 1322 1529 1322 1421 0 1547 0 1420 0 1421 1240 1523 1240 1522 1240 1421 0 1522 0 1547 0 1425 0 1426 0 1529 0 1425 0 1529 0 1528 0 1422 0 1523 0 1421 0 1422 1223 1524 1223 1523 1223 1424 0 1425 0 1528 0 1424 1323 1527 1323 1526 1323 1424 1324 1528 1324 1527 1324 1423 1218 1424 1218 1526 1218 1423 1325 1525 1325 1524 1325 1423 1326 1526 1326 1525 1326 1423 1327 1524 1327 1422 1327 1770 1328 1738 1328 1739 1328 1770 1138 1769 1138 1738 1138 1768 819 1737 819 1738 819 1768 819 1738 819 1769 819 1771 819 1739 819 1740 819 1771 1103 1770 1103 1739 1103 1767 1329 1736 1329 1737 1329 1767 819 1737 819 1768 819 1772 819 1740 819 1741 819 1772 819 1771 819 1740 819 1766 1330 1736 1330 1767 1330 1773 1331 1741 1331 1742 1331 1773 819 1772 819 1741 819 1765 1332 1735 1332 1736 1332 1765 819 1736 819 1766 819 1774 819 1773 819 1742 819 1764 1333 1735 1333 1765 1333 1764 1334 1734 1334 1735 1334 1775 819 1774 819 1742 819 1775 1335 1742 1335 1743 1335 1763 1336 1734 1336 1764 1336 1762 1113 1733 1113 1734 1113 1762 819 1734 819 1763 819 1776 819 1743 819 1744 819 1776 819 1775 819 1743 819 1761 819 1733 819 1762 819 1777 819 1776 819 1744 819 1732 819 1733 819 1761 819 1760 819 1732 819 1761 819 1745 1337 1777 1337 1744 1337 1778 819 1777 819 1745 819 1779 819 1778 819 1745 819 1731 819 1732 819 1760 819 1731 1338 1760 1338 1759 1338 1758 819 1731 819 1759 819 1746 1339 1779 1339 1745 1339 1746 1340 1780 1340 1779 1340 1730 1341 1758 1341 1757 1341 1730 1342 1731 1342 1758 1342 1747 819 1780 819 1746 819 1747 1343 1781 1343 1780 1343 1747 1344 1782 1344 1781 1344 1729 819 1757 819 1756 819 1729 1345 1730 1345 1757 1345 1748 1346 1782 1346 1747 1346 1748 1347 1783 1347 1782 1347 1728 819 1756 819 1755 819 1728 1348 1729 1348 1756 1348 1728 819 1755 819 1792 819 1749 819 1783 819 1748 819 1749 1349 1784 1349 1783 1349 1749 819 1785 819 1784 819 1754 819 1728 819 1792 819 1754 1350 1792 1350 1791 1350 1750 1351 1786 1351 1785 1351 1750 819 1785 819 1749 819 1753 819 1790 819 1789 819 1753 819 1791 819 1790 819 1753 1352 1754 1352 1791 1352 1751 819 1787 819 1786 819 1751 1353 1788 1353 1787 1353 1751 819 1786 819 1750 819 1752 1354 1789 1354 1788 1354 1752 1355 1788 1355 1751 1355 1752 819 1753 819 1789 819 1835 1356 1803 1356 1804 1356 1835 1357 1834 1357 1803 1357 1833 1358 1802 1358 1803 1358 1833 819 1803 819 1834 819 1836 819 1804 819 1805 819 1836 1103 1835 1103 1804 1103 1832 1359 1801 1359 1802 1359 1832 819 1802 819 1833 819 1837 819 1805 819 1806 819 1837 1360 1836 1360 1805 1360 1831 819 1801 819 1832 819 1838 819 1806 819 1807 819 1838 1361 1837 1361 1806 1361 1830 1362 1800 1362 1801 1362 1830 819 1801 819 1831 819 1839 819 1838 819 1807 819 1829 1363 1800 1363 1830 1363 1829 1364 1799 1364 1800 1364 1840 819 1839 819 1807 819 1840 1365 1807 1365 1808 1365 1828 819 1799 819 1829 819 1827 819 1798 819 1799 819 1827 819 1799 819 1828 819 1841 819 1808 819 1809 819 1841 819 1840 819 1808 819 1826 1366 1798 1366 1827 1366 1842 819 1841 819 1809 819 1797 819 1798 819 1826 819 1825 819 1797 819 1826 819 1810 1367 1842 1367 1809 1367 1843 819 1842 819 1810 819 1844 819 1843 819 1810 819 1796 819 1797 819 1825 819 1796 1368 1825 1368 1824 1368 1823 819 1796 819 1824 819 1811 1369 1844 1369 1810 1369 1811 1370 1845 1370 1844 1370 1795 819 1823 819 1822 819 1795 819 1796 819 1823 819 1812 819 1845 819 1811 819 1812 1371 1846 1371 1845 1371 1812 1344 1847 1344 1846 1344 1794 819 1822 819 1821 819 1794 819 1795 819 1822 819 1813 1372 1847 1372 1812 1372 1813 1373 1848 1373 1847 1373 1793 819 1821 819 1820 819 1793 1374 1794 1374 1821 1374 1793 819 1820 819 1857 819 1814 819 1848 819 1813 819 1814 1375 1849 1375 1848 1375 1814 1376 1850 1376 1849 1376 1819 1377 1793 1377 1857 1377 1819 819 1857 819 1856 819 1815 1378 1851 1378 1850 1378 1815 1379 1850 1379 1814 1379 1818 819 1855 819 1854 819 1818 819 1856 819 1855 819 1818 1380 1819 1380 1856 1380 1816 819 1852 819 1851 819 1816 1381 1853 1381 1852 1381 1816 819 1851 819 1815 819 1817 819 1854 819 1853 819 1817 819 1853 819 1816 819 1817 1382 1818 1382 1854 1382 1874 1383 1872 1384 1858 1385 1875 1386 1872 1384 1874 1383 1876 1387 1858 1385 1859 1388 1876 1387 1859 1388 1860 1389 1876 1387 1860 1389 1861 1390 1876 1387 1874 1383 1858 1385 1877 1391 1872 1384 1875 1386 1878 1392 1861 1390 1862 1393 1878 1392 1862 1393 1863 1394 1878 1392 1874 1383 1876 1387 1878 1392 1875 1386 1874 1383 1878 1392 1876 1387 1861 1390 1879 1395 1873 1396 1872 1384 1879 1395 1872 1384 1877 1391 1880 1397 1863 1394 1864 1398 1880 1397 1864 1398 1865 1399 1880 1397 1875 1386 1878 1392 1880 1397 1878 1392 1863 1394 1880 1397 1877 1391 1875 1386 1881 1400 1873 1396 1879 1395 1882 1401 1865 1399 1866 1402 1882 1401 1879 1395 1877 1391 1882 1401 1880 1397 1865 1399 1882 1401 1877 1391 1880 1397 1883 1403 1873 1396 1881 1400 1884 1404 1866 1402 1867 1405 1884 1404 1867 1405 1868 1406 1884 1404 1882 1401 1866 1402 1884 1404 1881 1400 1879 1395 1884 1404 1879 1395 1882 1401 1884 1404 1883 1403 1881 1400 1885 1407 1868 1406 1869 1408 1885 1407 1869 1408 1870 1409 1885 1407 1870 1409 1871 1410 1885 1407 1871 1410 1873 1396 1885 1407 1883 1403 1884 1404 1885 1407 1884 1404 1868 1406 1885 1407 1873 1396 1883 1403 1902 1411 1900 1412 1903 1413 1904 1414 1886 1415 1887 1416 1904 1414 1887 1416 1888 1417 1904 1414 1888 1417 1889 1418 1904 1414 1900 1412 1886 1415 1904 1414 1903 1413 1900 1412 1905 1419 1900 1412 1902 1411 1906 1420 1889 1418 1890 1421 1906 1420 1890 1421 1891 1422 1906 1420 1903 1413 1904 1414 1906 1420 1902 1411 1903 1413 1906 1420 1904 1414 1889 1418 1907 1423 1901 1424 1900 1412 1907 1423 1900 1412 1905 1419 1908 1425 1891 1422 1892 1426 1908 1425 1892 1426 1893 1427 1908 1425 1902 1411 1906 1420 1908 1425 1905 1419 1902 1411 1908 1425 1906 1420 1891 1422 1909 1428 1901 1424 1907 1423 1910 1429 1893 1427 1894 1430 1910 1429 1905 1419 1908 1425 1910 1429 1907 1423 1905 1419 1910 1429 1908 1425 1893 1427 1911 1431 1901 1424 1909 1428 1912 1432 1894 1430 1895 1433 1912 1432 1895 1433 1896 1434 1912 1432 1910 1429 1894 1430 1912 1432 1909 1428 1907 1423 1912 1432 1907 1423 1910 1429 1913 1435 1896 1434 1897 1436 1913 1435 1897 1436 1898 1437 1913 1435 1898 1437 1899 1438 1913 1435 1899 1438 1901 1424 1913 1435 1912 1432 1896 1434 1913 1435 1901 1424 1911 1431 1913 1435 1911 1431 1909 1428 1913 1435 1909 1428 1912 1432 1930 1439 1928 1440 1931 1441 1932 1442 1914 1443 1915 1444 1932 1442 1915 1444 1916 1445 1932 1442 1916 1445 1917 1446 1932 1442 1928 1440 1914 1443 1932 1442 1931 1441 1928 1440 1933 1447 1928 1440 1930 1439 1934 1448 1917 1446 1918 1449 1934 1448 1918 1449 1919 1450 1934 1448 1931 1441 1932 1442 1934 1448 1930 1439 1931 1441 1934 1448 1932 1442 1917 1446 1935 1451 1929 1396 1928 1440 1935 1451 1928 1440 1933 1447 1936 1452 1919 1450 1920 1453 1936 1452 1930 1439 1934 1448 1936 1452 1933 1447 1930 1439 1936 1452 1934 1448 1919 1450 1937 1454 1929 1396 1935 1451 1938 1455 1920 1453 1921 1456 1938 1455 1921 1456 1922 1457 1938 1455 1933 1447 1936 1452 1938 1455 1935 1451 1933 1447 1938 1455 1936 1452 1920 1453 1939 1458 1929 1396 1937 1454 1940 1459 1922 1457 1923 1460 1940 1459 1923 1460 1924 1461 1940 1459 1938 1455 1922 1457 1940 1459 1937 1454 1935 1451 1940 1459 1935 1451 1938 1455 1940 1459 1939 1458 1937 1454 1941 1462 1924 1461 1925 1463 1941 1462 1925 1463 1926 1464 1941 1462 1926 1464 1927 1465 1941 1462 1927 1465 1929 1396 1941 1462 1940 1459 1924 1461 1941 1462 1929 1396 1939 1458 1941 1462 1939 1458 1940 1459 1958 1466 1956 1467 1959 1468 1960 1469 1942 1470 1943 1471 1960 1469 1943 1471 1944 1472 1960 1469 1944 1472 1945 1473 1960 1469 1956 1467 1942 1470 1960 1469 1959 1468 1956 1467 1961 1474 1956 1467 1958 1466 1962 1475 1945 1473 1946 1476 1962 1475 1946 1476 1947 1477 1962 1475 1959 1468 1960 1469 1962 1475 1958 1466 1959 1468 1962 1475 1960 1469 1945 1473 1963 1478 1957 1479 1956 1467 1963 1478 1956 1467 1961 1474 1964 1480 1947 1477 1948 1481 1964 1480 1958 1466 1962 1475 1964 1480 1961 1474 1958 1466 1964 1480 1962 1475 1947 1477 1965 1482 1957 1479 1963 1478 1966 1483 1948 1481 1949 1484 1966 1483 1949 1484 1950 1485 1966 1483 1961 1474 1964 1480 1966 1483 1963 1478 1961 1474 1966 1483 1964 1480 1948 1481 1967 1486 1957 1479 1965 1482 1968 1487 1950 1485 1951 1488 1968 1487 1951 1488 1952 1489 1968 1487 1966 1483 1950 1485 1968 1487 1965 1482 1963 1478 1968 1487 1963 1478 1966 1483 1968 1487 1967 1486 1965 1482 1969 1490 1952 1489 1953 1491 1969 1490 1953 1491 1954 1492 1969 1490 1954 1492 1955 1493 1969 1490 1955 1493 1957 1479 1969 1490 1968 1487 1952 1489 1969 1490 1957 1479 1967 1486 1969 1490 1967 1486 1968 1487 1986 1494 1984 1495 1970 1496 1987 1497 1984 1495 1986 1494 1988 1498 1970 1496 1971 1499 1988 1498 1971 1499 1972 1500 1988 1498 1972 1500 1973 1501 1988 1498 1986 1494 1970 1496 1989 1502 1984 1495 1987 1497 1990 1503 1973 1501 1974 1504 1990 1503 1974 1504 1975 1505 1990 1503 1986 1494 1988 1498 1990 1503 1987 1497 1986 1494 1990 1503 1988 1498 1973 1501 1991 1506 1985 1507 1984 1495 1991 1506 1984 1495 1989 1502 1992 1508 1975 1505 1976 1509 1992 1508 1976 1509 1977 1510 1992 1508 1987 1497 1990 1503 1992 1508 1990 1503 1975 1505 1992 1508 1989 1502 1987 1497 1993 1511 1985 1507 1991 1506 1994 1512 1977 1510 1978 1513 1994 1512 1991 1506 1989 1502 1994 1512 1992 1508 1977 1510 1994 1512 1989 1502 1992 1508 1995 1514 1985 1507 1993 1511 1996 1515 1978 1513 1979 1516 1996 1515 1979 1516 1980 1517 1996 1515 1994 1512 1978 1513 1996 1515 1993 1511 1991 1506 1996 1515 1991 1506 1994 1512 1996 1515 1995 1514 1993 1511 1997 1518 1980 1517 1981 1519 1997 1518 1981 1519 1982 1520 1997 1518 1982 1520 1983 1521 1997 1518 1983 1521 1985 1507 1997 1518 1995 1514 1996 1515 1997 1518 1996 1515 1980 1517 1997 1518 1985 1507 1995 1514 2014 1522 2012 1523 2015 1524 2016 1525 1998 1526 1999 1527 2016 1525 1999 1527 2000 1528 2016 1525 2000 1528 2001 1529 2016 1525 2012 1523 1998 1526 2016 1525 2015 1524 2012 1523 2017 1530 2012 1523 2014 1522 2018 1531 2001 1529 2002 1532 2018 1531 2002 1532 2003 1533 2018 1531 2015 1524 2016 1525 2018 1531 2014 1522 2015 1524 2018 1531 2016 1525 2001 1529 2019 1534 2013 1535 2012 1523 2019 1534 2012 1523 2017 1530 2020 1536 2003 1533 2004 1537 2020 1536 2004 1537 2005 1538 2020 1536 2014 1522 2018 1531 2020 1536 2017 1530 2014 1522 2020 1536 2018 1531 2003 1533 2021 1539 2013 1535 2019 1534 2022 1540 2005 1538 2006 1541 2022 1540 2017 1530 2020 1536 2022 1540 2019 1534 2017 1530 2022 1540 2020 1536 2005 1538 2023 1542 2013 1535 2021 1539 2024 1543 2006 1541 2007 1544 2024 1543 2007 1544 2008 1545 2024 1543 2022 1540 2006 1541 2024 1543 2021 1539 2019 1534 2024 1543 2019 1534 2022 1540 2025 1546 2008 1545 2009 1547 2025 1546 2009 1547 2010 1548 2025 1546 2010 1548 2011 1549 2025 1546 2011 1549 2013 1535 2025 1546 2024 1543 2008 1545 2025 1546 2013 1535 2023 1542 2025 1546 2023 1542 2021 1539 2025 1546 2021 1539 2024 1543 2042 1550 2040 1551 2043 1552 2044 1553 2026 1554 2027 1555 2044 1553 2027 1555 2028 1556 2044 1553 2028 1556 2029 1557 2044 1553 2040 1551 2026 1554 2044 1553 2043 1552 2040 1551 2045 1558 2040 1551 2042 1550 2046 1559 2029 1557 2030 1560 2046 1559 2030 1560 2031 1561 2046 1559 2043 1552 2044 1553 2046 1559 2042 1550 2043 1552 2046 1559 2044 1553 2029 1557 2047 1562 2041 1563 2040 1551 2047 1562 2040 1551 2045 1558 2048 1564 2031 1561 2032 1565 2048 1564 2042 1550 2046 1559 2048 1564 2045 1558 2042 1550 2048 1564 2046 1559 2031 1561 2049 1566 2041 1563 2047 1562 2050 1567 2032 1565 2033 1568 2050 1567 2033 1568 2034 1569 2050 1567 2045 1558 2048 1564 2050 1567 2047 1562 2045 1558 2050 1567 2048 1564 2032 1565 2051 1570 2041 1563 2049 1566 2052 1571 2034 1569 2035 1572 2052 1571 2035 1572 2036 1573 2052 1571 2050 1567 2034 1569 2052 1571 2049 1566 2047 1562 2052 1571 2047 1562 2050 1567 2052 1571 2051 1570 2049 1566 2053 1574 2036 1573 2037 1575 2053 1574 2037 1575 2038 1576 2053 1574 2038 1576 2039 1577 2053 1574 2039 1577 2041 1563 2053 1574 2052 1571 2036 1573 2053 1574 2041 1563 2051 1570 2053 1574 2051 1570 2052 1571 2070 1578 2068 1579 2071 1580 2072 1581 2054 1582 2055 1583 2072 1581 2055 1583 2056 1584 2072 1581 2056 1584 2057 1585 2072 1581 2068 1579 2054 1582 2072 1581 2071 1580 2068 1579 2073 1586 2068 1579 2070 1578 2074 1587 2057 1585 2058 1588 2074 1587 2058 1588 2059 1589 2074 1587 2071 1580 2072 1581 2074 1587 2070 1578 2071 1580 2074 1587 2072 1581 2057 1585 2075 1590 2069 1535 2068 1579 2075 1590 2068 1579 2073 1586 2076 1591 2059 1589 2060 1592 2076 1591 2070 1578 2074 1587 2076 1591 2073 1586 2070 1578 2076 1591 2074 1587 2059 1589 2077 1593 2069 1535 2075 1590 2078 1594 2060 1592 2061 1595 2078 1594 2061 1595 2062 1596 2078 1594 2073 1586 2076 1591 2078 1594 2075 1590 2073 1586 2078 1594 2076 1591 2060 1592 2079 1597 2069 1535 2077 1593 2080 1598 2062 1596 2063 1599 2080 1598 2063 1599 2064 1600 2080 1598 2078 1594 2062 1596 2080 1598 2077 1593 2075 1590 2080 1598 2075 1590 2078 1594 2080 1598 2079 1597 2077 1593 2081 1601 2064 1600 2065 1602 2081 1601 2065 1602 2066 1603 2081 1601 2066 1603 2067 1604 2081 1601 2067 1604 2069 1535 2081 1601 2080 1598 2064 1600 2081 1601 2069 1535 2079 1597 2081 1601 2079 1597 2080 1598 2141 1605 2109 1606 2108 1607 2141 1605 2110 1608 2109 1606 2141 1605 2113 1609 2112 1610 2141 1605 2114 1611 2113 1609 2141 1605 2112 1610 2110 1608 2142 1612 2108 1607 2107 1613 2142 1612 2115 1614 2114 1611 2142 1612 2114 1611 2141 1605 2142 1612 2141 1605 2108 1607 2143 1615 2106 1616 2105 1617 2143 1615 2107 1613 2106 1616 2143 1615 2115 1614 2142 1612 2143 1615 2116 1618 2115 1614 2143 1615 2117 1619 2116 1618 2143 1615 2142 1612 2107 1613 2144 1620 2143 1615 2105 1617 2144 1620 2105 1617 2104 1621 2144 1620 2118 1622 2117 1619 2144 1620 2117 1619 2143 1615 2145 1623 2104 1621 2103 1624 2145 1623 2119 1625 2118 1622 2145 1623 2120 1626 2119 1625 2145 1623 2118 1622 2144 1620 2145 1623 2144 1620 2104 1621 2146 1627 2102 1628 2101 1629 2146 1627 2103 1624 2102 1628 2146 1627 2121 1630 2120 1626 2146 1627 2145 1623 2103 1624 2146 1627 2120 1626 2145 1623 2147 1631 2101 1629 2100 1632 2147 1631 2122 1633 2121 1630 2147 1631 2121 1630 2146 1627 2147 1631 2146 1627 2101 1629 2148 1634 2147 1631 2100 1632 2148 1634 2100 1632 2099 1635 2148 1634 2122 1633 2147 1631 2148 1634 2123 1636 2122 1633 2148 1634 2124 1637 2123 1636 2149 1638 2098 1639 2097 1640 2149 1638 2099 1635 2098 1639 2149 1638 2125 1641 2124 1637 2149 1638 2124 1637 2148 1634 2149 1638 2148 1634 2099 1635 2150 1642 2097 1640 2096 1643 2150 1642 2126 1644 2125 1641 2150 1642 2127 1645 2126 1644 2150 1642 2149 1638 2097 1640 2150 1642 2125 1641 2149 1638 2151 1646 2096 1643 2095 1647 2151 1646 2128 1648 2127 1645 2151 1646 2150 1642 2096 1643 2151 1646 2127 1645 2150 1642 2152 1649 2094 1650 2093 1651 2152 1649 2095 1647 2094 1650 2152 1649 2129 1652 2128 1648 2152 1649 2128 1648 2151 1646 2152 1649 2151 1646 2095 1647 2153 1653 2093 1651 2092 1654 2153 1653 2130 1655 2129 1652 2153 1653 2131 1656 2130 1655 2153 1653 2152 1649 2093 1651 2153 1653 2129 1652 2152 1649 2154 1657 2092 1654 2091 1658 2154 1657 2132 1659 2131 1656 2154 1657 2153 1653 2092 1654 2154 1657 2131 1656 2153 1653 2155 1660 2132 1659 2154 1657 2155 1660 2090 1661 2089 1662 2155 1660 2091 1658 2090 1661 2155 1660 2133 1663 2132 1659 2155 1660 2154 1657 2091 1658 2156 1664 2089 1662 2088 1665 2156 1664 2155 1660 2089 1662 2156 1664 2133 1663 2155 1660 2156 1664 2134 1666 2133 1663 2156 1664 2135 1667 2134 1666 2157 1668 2156 1664 2088 1665 2157 1668 2088 1665 2087 1669 2157 1668 2135 1667 2156 1664 2157 1668 2136 1670 2135 1667 2158 1671 2086 1672 2085 1673 2158 1671 2087 1669 2086 1672 2158 1671 2136 1670 2157 1668 2158 1671 2137 1674 2136 1670 2158 1671 2138 1675 2137 1674 2158 1671 2157 1668 2087 1669 2159 1676 2085 1673 2084 1677 2159 1676 2158 1671 2085 1673 2159 1676 2138 1675 2158 1671 2159 1676 2139 1678 2138 1675 2160 1679 2083 1680 2082 1681 2160 1679 2084 1677 2083 1680 2160 1679 2082 1681 2111 1682 2160 1679 2159 1676 2084 1677 2160 1679 2139 1678 2159 1676 2160 1679 2140 1683 2139 1678 2160 1679 2111 1682 2140 1683 2220 1684 2162 1685 2161 1686 2220 1684 2190 1687 2189 1688 2220 1684 2161 1686 2190 1687 2220 1684 2192 1689 2162 1685 2220 1684 2193 1690 2192 1689 2221 1691 2189 1688 2188 1692 2221 1691 2194 1693 2193 1690 2221 1691 2193 1690 2220 1684 2221 1691 2220 1684 2189 1688 2222 1694 2187 1695 2186 1696 2222 1694 2188 1692 2187 1695 2222 1694 2194 1693 2221 1691 2222 1694 2195 1697 2194 1693 2222 1694 2196 1698 2195 1697 2222 1694 2221 1691 2188 1692 2223 1699 2222 1694 2186 1696 2223 1699 2186 1696 2185 1700 2223 1699 2197 1701 2196 1698 2223 1699 2196 1698 2222 1694 2224 1702 2185 1700 2184 1703 2224 1702 2198 1704 2197 1701 2224 1702 2199 1705 2198 1704 2224 1702 2197 1701 2223 1699 2224 1702 2223 1699 2185 1700 2225 1706 2183 1707 2182 1708 2225 1706 2184 1703 2183 1707 2225 1706 2200 1709 2199 1705 2225 1706 2224 1702 2184 1703 2225 1706 2199 1705 2224 1702 2226 1710 2200 1709 2225 1706 2226 1710 2182 1708 2181 1711 2226 1710 2201 1712 2200 1709 2226 1710 2225 1706 2182 1708 2227 1713 2226 1710 2181 1711 2227 1713 2181 1711 2180 1714 2227 1713 2201 1712 2226 1710 2227 1713 2202 1715 2201 1712 2227 1713 2203 1716 2202 1715 2228 1717 2179 1718 2178 1719 2228 1717 2180 1714 2179 1718 2228 1717 2204 1720 2203 1716 2228 1717 2203 1716 2227 1713 2228 1717 2227 1713 2180 1714 2229 1721 2178 1719 2177 1722 2229 1721 2205 1723 2204 1720 2229 1721 2228 1717 2178 1719 2229 1721 2204 1720 2228 1717 2230 1724 2177 1722 2176 1725 2230 1724 2206 1726 2205 1723 2230 1724 2207 1727 2206 1726 2230 1724 2229 1721 2177 1722 2230 1724 2205 1723 2229 1721 2231 1728 2175 1729 2174 1730 2231 1728 2176 1725 2175 1729 2231 1728 2208 1731 2207 1727 2231 1728 2207 1727 2230 1724 2231 1728 2230 1724 2176 1725 2232 1732 2174 1730 2173 1733 2232 1732 2208 1731 2231 1728 2232 1732 2209 1734 2208 1731 2232 1732 2210 1735 2209 1734 2232 1732 2231 1728 2174 1730 2233 1736 2173 1733 2172 1737 2233 1736 2211 1738 2210 1735 2233 1736 2232 1732 2173 1733 2233 1736 2210 1735 2232 1732 2234 1739 2211 1738 2233 1736 2234 1739 2171 1740 2170 1741 2234 1739 2172 1737 2171 1740 2234 1739 2212 1742 2211 1738 2234 1739 2233 1736 2172 1737 2235 1743 2170 1741 2169 1744 2235 1743 2234 1739 2170 1741 2235 1743 2212 1742 2234 1739 2235 1743 2213 1745 2212 1742 2235 1743 2214 1746 2213 1745 2236 1747 2169 1744 2168 1748 2236 1747 2214 1746 2235 1743 2236 1747 2235 1743 2169 1744 2236 1747 2215 1749 2214 1746 2237 1750 2167 1751 2166 1752 2237 1750 2168 1748 2167 1751 2237 1750 2236 1747 2168 1748 2237 1750 2215 1749 2236 1747 2237 1750 2216 1753 2215 1749 2237 1750 2217 1754 2216 1753 2238 1755 2166 1752 2165 1756 2238 1755 2237 1750 2166 1752 2238 1755 2217 1754 2237 1750 2238 1755 2218 1757 2217 1754 2239 1758 2164 1759 2163 1760 2239 1758 2165 1756 2164 1759 2239 1758 2163 1760 2191 1761 2239 1758 2238 1755 2165 1756 2239 1758 2218 1757 2238 1755 2239 1758 2219 1762 2218 1757 2239 1758 2191 1761 2219 1762 2256 1763 2241 1764 2240 1765 2256 1763 2240 1765 2254 1766 2257 1767 2254 1766 2253 1768 2257 1767 2256 1763 2254 1766 2258 1769 2253 1768 2252 1770 2258 1769 2257 1767 2253 1768 2259 1771 2252 1770 2251 1772 2259 1771 2258 1769 2252 1770 2260 1773 2251 1772 2250 1774 2260 1773 2259 1771 2251 1772 2261 1775 2250 1774 2249 1776 2261 1775 2260 1773 2250 1774 2262 1777 2249 1776 2248 1778 2262 1777 2261 1775 2249 1776 2263 1779 2248 1778 2247 1780 2263 1779 2262 1777 2248 1778 2264 1781 2247 1780 2246 1782 2264 1781 2263 1779 2247 1780 2265 1783 2246 1782 2245 1784 2265 1783 2264 1781 2246 1782 2266 1785 2245 1784 2244 1786 2266 1785 2265 1783 2245 1784 2267 1787 2243 1788 2242 1789 2267 1787 2244 1786 2243 1788 2267 1787 2266 1785 2244 1786 2255 1790 2267 1787 2242 1789 2295 1791 2268 1792 2269 1793 2294 1794 2269 1793 2270 1795 2294 1794 2295 1791 2269 1793 2293 1796 2270 1795 2271 1797 2293 1796 2294 1794 2270 1795 2292 1798 2271 1797 2272 1799 2292 1798 2293 1796 2271 1797 2291 1800 2272 1799 2273 1801 2291 1800 2292 1798 2272 1799 2290 1802 2273 1801 2274 1803 2290 1802 2291 1800 2273 1801 2289 1804 2274 1803 2275 1805 2289 1804 2290 1802 2274 1803 2288 1806 2289 1804 2275 1805 2287 1807 2275 1805 2276 1808 2287 1807 2276 1808 2277 1809 2287 1807 2288 1806 2275 1805 2286 1810 2287 1807 2277 1809 2285 1811 2277 1809 2278 1812 2285 1811 2278 1812 2279 1813 2285 1811 2286 1810 2277 1809 2284 1813 2285 1811 2279 1813 2283 1814 2279 1813 2280 1815 2283 1814 2280 1815 2281 1816 2283 1814 2284 1813 2279 1813 2282 1817 2283 1814 2281 1816 2299 1818 2315 1819 2298 1820 2299 1818 2316 1821 2315 1819 2300 1822 2317 1823 2316 1821 2300 1822 2316 1821 2299 1818 2301 1824 2318 1825 2317 1823 2301 1824 2317 1823 2300 1822 2302 1826 2319 1827 2318 1825 2302 1826 2318 1825 2301 1824 2303 1828 2319 1827 2302 1826 2304 1829 2320 1830 2319 1827 2304 1829 2319 1827 2303 1828 2305 1831 2321 1832 2320 1830 2305 1831 2320 1830 2304 1829 2306 1833 2322 1834 2321 1832 2306 1833 2321 1832 2305 1831 2307 1835 2323 1836 2322 1834 2307 1835 2322 1834 2306 1833 2308 1837 2324 1838 2323 1836 2308 1837 2323 1836 2307 1835 2309 1839 2324 1838 2308 1837 2310 1840 2325 1841 2324 1838 2310 1840 2324 1838 2309 1839 2311 1842 2326 1843 2325 1841 2311 1842 2325 1841 2310 1840 2312 1844 2327 1845 2326 1843 2312 1844 2326 1843 2311 1842 2313 1846 2327 1845 2312 1844 2314 1847 2296 1848 2327 1845 2314 1847 2327 1845 2313 1846 2297 1849 2296 1848 2314 1847 2329 1850 2342 1851 2328 1852 2329 1850 2343 1853 2342 1851 2329 1850 2344 1854 2343 1853 2330 1855 2345 1856 2344 1854 2330 1855 2344 1854 2329 1850 2331 1857 2346 1858 2345 1856 2331 1857 2345 1856 2330 1855 2332 1859 2347 301 2346 1858 2332 1859 2346 1858 2331 1857 2333 1860 2348 1861 2347 301 2333 1860 2347 301 2332 1859 2334 1862 2349 1863 2348 1861 2334 1862 2348 1861 2333 1860 2335 1864 2350 1865 2349 1863 2335 1864 2349 1863 2334 1862 2336 1866 2351 1867 2350 1865 2336 1866 2350 1865 2335 1864 2337 1868 2352 1869 2351 1867 2337 1868 2351 1867 2336 1866 2338 1870 2353 1871 2352 1869 2338 1870 2352 1869 2337 1868 2339 1872 2354 1873 2353 1871 2339 1872 2353 1871 2338 1870 2340 1874 2355 1875 2354 1873 2340 1874 2354 1873 2339 1872 2341 1876 2355 1875 2340 1874 2359 1877 2375 1878 2358 1879 2359 1877 2376 1880 2375 1878 2360 1881 2377 1882 2376 1880 2360 1881 2376 1880 2359 1877 2361 1883 2378 1884 2377 1882 2361 1883 2377 1882 2360 1881 2362 1885 2379 1886 2378 1884 2362 1885 2378 1884 2361 1883 2363 1887 2379 1886 2362 1885 2364 1888 2380 1889 2379 1886 2364 1888 2379 1886 2363 1887 2365 1890 2381 1891 2380 1889 2365 1890 2380 1889 2364 1888 2366 1892 2382 1893 2381 1891 2366 1892 2381 1891 2365 1890 2367 1894 2383 1895 2382 1893 2367 1894 2382 1893 2366 1892 2368 1896 2384 1897 2383 1895 2368 1896 2383 1895 2367 1894 2369 1898 2384 1897 2368 1896 2370 1899 2385 1900 2384 1897 2370 1899 2384 1897 2369 1898 2371 1901 2386 1902 2385 1900 2371 1901 2385 1900 2370 1899 2372 1903 2387 1904 2386 1902 2372 1903 2386 1902 2371 1901 2373 1905 2387 1904 2372 1903 2374 1906 2356 1907 2387 1904 2374 1906 2387 1904 2373 1905 2357 1849 2356 1907 2374 1906 2389 1908 2402 1909 2388 1910 2389 1908 2403 1911 2402 1909 2389 1908 2404 1912 2403 1911 2390 1913 2405 1914 2404 1912 2390 1913 2404 1912 2389 1908 2391 1915 2406 1916 2405 1914 2391 1915 2405 1914 2390 1913 2392 1917 2407 1918 2406 1916 2392 1917 2406 1916 2391 1915 2393 1919 2408 1920 2407 1918 2393 1919 2407 1918 2392 1917 2394 1921 2409 1922 2408 1920 2394 1921 2408 1920 2393 1919 2395 1923 2410 1924 2409 1922 2395 1923 2409 1922 2394 1921 2396 1925 2411 1926 2410 1924 2396 1925 2410 1924 2395 1923 2397 1927 2412 1928 2411 1926 2397 1927 2411 1926 2396 1925 2398 1929 2413 1930 2412 1928 2398 1929 2412 1928 2397 1927 2399 1931 2414 1932 2413 1930 2399 1931 2413 1930 2398 1929 2400 1933 2415 1934 2414 1932 2400 1933 2414 1932 2399 1931 2401 1935 2415 1934 2400 1933 2419 1936 2435 1937 2418 1938 2419 1936 2436 1939 2435 1937 2420 1940 2437 1941 2436 1939 2420 1940 2436 1939 2419 1936 2421 1942 2438 1943 2437 1941 2421 1942 2437 1941 2420 1940 2422 1944 2439 1945 2438 1943 2422 1944 2438 1943 2421 1942 2423 1946 2439 1945 2422 1944 2424 1947 2440 1948 2439 1945 2424 1947 2439 1945 2423 1946 2425 1949 2441 1950 2440 1948 2425 1949 2440 1948 2424 1947 2426 1951 2442 1952 2441 1950 2426 1951 2441 1950 2425 1949 2427 1953 2443 1954 2442 1952 2427 1953 2442 1952 2426 1951 2428 1955 2444 1956 2443 1954 2428 1955 2443 1954 2427 1953 2429 1957 2444 1956 2428 1955 2430 1958 2445 1959 2444 1956 2430 1958 2444 1956 2429 1957 2431 1960 2446 1961 2445 1959 2431 1960 2445 1959 2430 1958 2432 1962 2447 1963 2446 1961 2432 1962 2446 1961 2431 1960 2433 1964 2447 1963 2432 1962 2434 1965 2416 1966 2447 1963 2434 1965 2447 1963 2433 1964 2417 1849 2416 1966 2434 1965 2449 1967 2462 1968 2448 1969 2449 1967 2463 1970 2462 1968 2450 1971 2464 1972 2463 1970 2450 1971 2463 1970 2449 1967 2451 1973 2465 1974 2464 1972 2451 1973 2464 1972 2450 1971 2452 1858 2466 1859 2465 1974 2452 1858 2465 1974 2451 1973 2453 1975 2467 1976 2466 1859 2453 1975 2466 1859 2452 1858 2454 1977 2468 1978 2467 1976 2454 1977 2467 1976 2453 1975 2455 1979 2469 1980 2468 1978 2455 1979 2468 1978 2454 1977 2456 1981 2470 1982 2469 1980 2456 1981 2469 1980 2455 1979 2457 1983 2471 1868 2470 1982 2457 1983 2470 1982 2456 1981 2458 366 2472 310 2471 1868 2458 366 2471 1868 2457 1983 2459 1984 2473 1985 2472 310 2459 1984 2472 310 2458 366 2460 1986 2474 1987 2473 1985 2460 1986 2475 1988 2474 1987 2460 1986 2473 1985 2459 1984 2461 1989 2475 1988 2460 1986 2479 1990 2495 1991 2478 1992 2479 1990 2496 1993 2495 1991 2480 1994 2497 1995 2496 1993 2480 1994 2496 1993 2479 1990 2481 1996 2498 1997 2497 1995 2481 1996 2497 1995 2480 1994 2482 1998 2499 1999 2498 1997 2482 1998 2498 1997 2481 1996 2483 2000 2499 1999 2482 1998 2484 2001 2500 2002 2499 1999 2484 2001 2499 1999 2483 2000 2485 2003 2501 2004 2500 2002 2485 2003 2500 2002 2484 2001 2486 2005 2502 2006 2501 2004 2486 2005 2501 2004 2485 2003 2487 2007 2503 2008 2502 2006 2487 2007 2502 2006 2486 2005 2488 2009 2504 2010 2503 2008 2488 2009 2503 2008 2487 2007 2489 2011 2504 2010 2488 2009 2490 2012 2505 2013 2504 2010 2490 2012 2504 2010 2489 2011 2491 2014 2506 2015 2505 2013 2491 2014 2505 2013 2490 2012 2492 2016 2507 2017 2506 2015 2492 2016 2506 2015 2491 2014 2493 2018 2507 2017 2492 2016 2494 2019 2476 2020 2507 2017 2494 2019 2507 2017 2493 2018 2477 1849 2476 2020 2494 2019 2509 2021 2522 2022 2508 2023 2509 2021 2523 2024 2522 2022 2510 2025 2524 2026 2523 2024 2510 2025 2523 2024 2509 2021 2511 2027 2525 2028 2524 2026 2511 2027 2524 2026 2510 2025 2512 1916 2526 2029 2525 2028 2512 1916 2525 2028 2511 2027 2513 2030 2527 2031 2526 2029 2513 2030 2526 2029 2512 1916 2514 2032 2528 2033 2527 2031 2514 2032 2527 2031 2513 2030 2515 2034 2529 2035 2528 2033 2515 2034 2528 2033 2514 2032 2516 2036 2530 2037 2529 2035 2516 2036 2529 2035 2515 2034 2517 1926 2531 1927 2530 2037 2517 1926 2530 2037 2516 2036 2518 2038 2532 2039 2531 1927 2518 2038 2531 1927 2517 1926 2519 368 2533 2040 2532 2039 2519 368 2532 2039 2518 2038 2520 2041 2534 1932 2533 2040 2520 2041 2535 2042 2534 1932 2520 2041 2533 2040 2519 368 2521 2043 2535 2042 2520 2041 2538 2044 2557 2045 2556 2046 2539 2047 2558 2048 2557 2045 2539 2047 2557 2045 2538 2044 2540 2049 2558 2048 2539 2047 2541 2050 2559 2051 2558 2048 2541 2050 2558 2048 2540 2049 2542 2052 2560 2053 2559 2051 2542 2052 2559 2051 2541 2050 2543 2054 2561 2055 2560 2053 2543 2054 2560 2053 2542 2052 2544 2056 2561 2055 2543 2054 2545 2057 2562 2058 2561 2055 2545 2057 2561 2055 2544 2056 2546 2059 2563 2060 2562 2058 2546 2059 2562 2058 2545 2057 2547 2061 2564 2062 2563 2060 2547 2061 2563 2060 2546 2059 2548 2063 2564 2062 2547 2061 2549 2064 2565 2065 2564 2062 2549 2064 2564 2062 2548 2063 2550 2066 2566 2067 2565 2065 2550 2066 2565 2065 2549 2064 2551 2068 2567 2069 2566 2067 2551 2068 2566 2067 2550 2066 2552 2070 2567 2069 2551 2068 2553 2071 2568 2072 2567 2069 2553 2071 2567 2069 2552 2070 2554 2073 2569 2074 2568 2072 2554 2073 2568 2072 2553 2071 2555 2075 2536 2076 2569 2074 2555 2075 2569 2074 2554 2073 2537 2077 2536 2076 2555 2075 2571 2078 2589 2079 2570 2080 2571 2078 2590 2081 2589 2079 2572 2082 2591 2083 2590 2081 2572 2082 2590 2081 2571 2078 2573 2084 2592 2085 2591 2083 2573 2084 2591 2083 2572 2082 2574 2086 2593 2087 2592 2085 2574 2086 2592 2085 2573 2084 2575 2088 2593 2087 2574 2086 2576 2089 2594 2090 2593 2087 2576 2089 2593 2087 2575 2088 2577 2091 2595 2092 2594 2090 2577 2091 2594 2090 2576 2089 2578 2093 2596 2094 2595 2092 2578 2093 2595 2092 2577 2091 2579 2095 2596 2094 2578 2093 2580 2096 2597 2097 2596 2094 2580 2096 2596 2094 2579 2095 2581 2098 2598 2099 2597 2097 2581 2098 2597 2097 2580 2096 2582 2100 2599 2101 2598 2099 2582 2100 2598 2099 2581 2098 2583 2102 2599 2101 2582 2100 2584 2103 2600 2104 2599 2101 2584 2103 2599 2101 2583 2102 2585 2105 2601 2106 2600 2104 2585 2105 2600 2104 2584 2103 2586 2107 2601 2106 2585 2105 2587 2108 2602 2109 2601 2106 2587 2108 2601 2106 2586 2107 2588 2110 2602 2109 2587 2108 2605 2111 2624 2112 2623 2046 2606 2113 2625 2114 2624 2112 2606 2113 2624 2112 2605 2111 2607 2115 2625 2114 2606 2113 2608 2116 2626 2117 2625 2114 2608 2116 2625 2114 2607 2115 2609 2118 2627 2119 2626 2117 2609 2118 2626 2117 2608 2116 2610 2120 2628 2121 2627 2119 2610 2120 2627 2119 2609 2118 2611 2122 2628 2121 2610 2120 2612 2123 2629 2124 2628 2121 2612 2123 2628 2121 2611 2122 2613 2125 2630 2126 2629 2124 2613 2125 2629 2124 2612 2123 2614 2127 2631 2128 2630 2126 2614 2127 2630 2126 2613 2125 2615 2129 2631 2128 2614 2127 2616 2130 2632 2131 2631 2128 2616 2130 2631 2128 2615 2129 2617 2132 2633 2133 2632 2131 2617 2132 2632 2131 2616 2130 2618 2134 2634 2135 2633 2133 2618 2134 2633 2133 2617 2132 2619 2136 2634 2135 2618 2134 2620 2137 2635 2138 2634 2135 2620 2137 2634 2135 2619 2136 2621 2139 2636 2140 2635 2138 2621 2139 2635 2138 2620 2137 2622 2141 2603 2142 2636 2140 2622 2141 2636 2140 2621 2139 2604 2143 2603 2142 2622 2141 2638 2144 2656 2145 2637 2146 2638 2144 2657 2147 2656 2145 2639 2148 2658 2149 2657 2147 2639 2148 2657 2147 2638 2144 2640 2150 2659 2151 2658 2149 2640 2150 2658 2149 2639 2148 2641 2152 2660 2153 2659 2151 2641 2152 2659 2151 2640 2150 2642 2154 2660 2153 2641 2152 2643 2155 2661 2156 2660 2153 2643 2155 2660 2153 2642 2154 2644 2157 2662 2158 2661 2156 2644 2157 2661 2156 2643 2155 2645 2159 2663 2160 2662 2158 2645 2159 2662 2158 2644 2157 2646 2161 2663 2160 2645 2159 2647 2162 2664 2163 2663 2160 2647 2162 2663 2160 2646 2161 2648 2164 2665 2165 2664 2163 2648 2164 2664 2163 2647 2162 2649 2166 2666 2167 2665 2165 2649 2166 2665 2165 2648 2164 2650 2168 2666 2167 2649 2166 2651 2169 2667 2170 2666 2167 2651 2169 2666 2167 2650 2168 2652 2171 2668 2172 2667 2170 2652 2171 2667 2170 2651 2169 2653 2173 2668 2172 2652 2171 2654 2174 2669 2175 2668 2172 2654 2174 2668 2172 2653 2173 2655 2176 2669 2175 2654 2174 2673 2177 2690 2178 2672 2179 2673 2177 2691 2180 2690 2178 2674 2181 2692 2182 2691 2180 2674 2181 2691 2180 2673 2177 2675 2183 2693 2184 2692 2182 2675 2183 2692 2182 2674 2181 2676 2185 2694 2186 2693 2184 2676 2185 2693 2184 2675 2183 2677 2187 2694 2186 2676 2185 2678 2188 2695 2189 2694 2186 2678 2188 2694 2186 2677 2187 2679 2190 2696 2191 2695 2189 2679 2190 2695 2189 2678 2188 2680 2192 2696 2191 2679 2190 2681 2193 2697 2194 2696 2191 2681 2193 2696 2191 2680 2192 2682 2195 2698 2196 2697 2194 2682 2195 2697 2194 2681 2193 2683 2197 2699 2198 2698 2196 2683 2197 2698 2196 2682 2195 2684 2199 2699 2198 2683 2197 2685 2200 2700 2201 2699 2198 2685 2200 2699 2198 2684 2199 2686 2202 2701 2203 2700 2201 2686 2202 2700 2201 2685 2200 2687 2204 2701 2203 2686 2202 2688 2205 2702 2206 2701 2203 2688 2205 2701 2203 2687 2204 2689 2207 2670 2208 2702 2206 2689 2207 2702 2206 2688 2205 2671 2209 2670 2208 2689 2207 2704 2210 2722 2211 2703 2212 2704 2210 2723 2213 2722 2211 2705 2214 2724 2215 2723 2213 2705 2214 2723 2213 2704 2210 2706 2216 2725 2217 2724 2215 2706 2216 2724 2215 2705 2214 2707 2218 2726 2219 2725 2217 2707 2218 2725 2217 2706 2216 2708 2220 2726 2219 2707 2218 2709 2221 2727 2222 2726 2219 2709 2221 2726 2219 2708 2220 2710 2223 2728 2224 2727 2222 2710 2223 2727 2222 2709 2221 2711 2225 2728 2224 2710 2223 2712 2226 2729 2227 2728 2224 2712 2226 2728 2224 2711 2225 2713 2228 2730 2229 2729 2227 2713 2228 2729 2227 2712 2226 2714 2230 2731 2231 2730 2229 2714 2230 2730 2229 2713 2228 2715 2232 2731 2231 2714 2230 2716 2233 2732 2234 2731 2231 2716 2233 2731 2231 2715 2232 2717 2235 2733 2236 2732 2234 2717 2235 2732 2234 2716 2233 2718 2237 2733 2236 2717 2235 2719 2238 2734 2239 2733 2236 2719 2238 2733 2236 2718 2237 2720 2240 2735 2241 2734 2239 2720 2240 2734 2239 2719 2238 2721 2242 2735 2241 2720 2240 2739 2243 2756 2244 2738 2245 2739 2243 2757 2246 2756 2244 2740 2247 2758 2248 2757 2246 2740 2247 2757 2246 2739 2243 2741 2249 2759 2250 2758 2248 2741 2249 2758 2248 2740 2247 2742 2251 2760 2252 2759 2250 2742 2251 2759 2250 2741 2249 2743 2253 2760 2252 2742 2251 2744 2254 2761 2255 2760 2252 2744 2254 2760 2252 2743 2253 2745 2256 2762 2257 2761 2255 2745 2256 2761 2255 2744 2254 2746 2258 2762 2257 2745 2256 2747 2259 2763 2260 2762 2257 2747 2259 2762 2257 2746 2258 2748 2261 2764 2262 2763 2260 2748 2261 2763 2260 2747 2259 2749 2263 2765 2264 2764 2262 2749 2263 2764 2262 2748 2261 2750 2199 2765 2264 2749 2263 2751 2265 2766 2266 2765 2264 2751 2265 2765 2264 2750 2199 2752 2267 2767 2268 2766 2266 2752 2267 2766 2266 2751 2265 2753 2269 2767 2268 2752 2267 2754 2270 2768 2271 2767 2268 2754 2270 2767 2268 2753 2269 2755 2272 2736 2273 2768 2271 2755 2272 2768 2271 2754 2270 2737 2274 2736 2273 2755 2272 2770 2275 2788 2276 2769 2277 2770 2275 2789 2278 2788 2276 2771 2279 2790 2280 2789 2278 2771 2279 2789 2278 2770 2275 2772 2281 2791 2282 2790 2280 2772 2281 2790 2280 2771 2279 2773 2283 2792 2284 2791 2282 2773 2283 2791 2282 2772 2281 2774 2285 2792 2284 2773 2283 2775 2286 2793 2287 2792 2284 2775 2286 2792 2284 2774 2285 2776 2288 2794 2289 2793 2287 2776 2288 2793 2287 2775 2286 2777 2290 2794 2289 2776 2288 2778 2291 2795 2292 2794 2289 2778 2291 2794 2289 2777 2290 2779 2293 2796 2294 2795 2292 2779 2293 2795 2292 2778 2291 2780 2295 2797 2296 2796 2294 2780 2295 2796 2294 2779 2293 2781 2232 2797 2296 2780 2295 2782 2297 2798 2298 2797 2296 2782 2297 2797 2296 2781 2232 2783 2299 2799 2300 2798 2298 2783 2299 2798 2298 2782 2297 2784 2301 2799 2300 2783 2299 2785 2302 2800 2303 2799 2300 2785 2302 2799 2300 2784 2301 2786 2304 2801 2305 2800 2303 2786 2304 2800 2303 2785 2302 2787 2306 2801 2305 2786 2304 2804 2307 2823 2308 2822 2309 2805 2310 2824 2311 2823 2308 2805 2310 2823 2308 2804 2307 2806 2312 2824 2311 2805 2310 2807 2313 2825 2314 2824 2311 2807 2313 2824 2311 2806 2312 2808 2315 2826 2316 2825 2314 2808 2315 2825 2314 2807 2313 2809 2317 2827 2318 2826 2316 2809 2317 2826 2316 2808 2315 2810 2319 2827 2318 2809 2317 2811 2320 2828 2321 2827 2318 2811 2320 2827 2318 2810 2319 2812 2322 2829 2323 2828 2321 2812 2322 2828 2321 2811 2320 2813 2324 2830 2325 2829 2323 2813 2324 2829 2323 2812 2322 2814 2326 2830 2325 2813 2324 2815 2327 2831 2328 2830 2325 2815 2327 2830 2325 2814 2326 2816 2329 2832 2330 2831 2328 2816 2329 2831 2328 2815 2327 2817 2331 2833 2332 2832 2330 2817 2331 2832 2330 2816 2329 2818 2333 2833 2332 2817 2331 2819 2334 2834 2335 2833 2332 2819 2334 2833 2332 2818 2333 2820 2336 2835 2337 2834 2335 2820 2336 2834 2335 2819 2334 2821 2338 2802 2339 2835 2337 2821 2338 2835 2337 2820 2336 2803 2340 2802 2339 2821 2338 2837 2341 2855 2342 2836 2343 2837 2341 2856 2344 2855 2342 2838 2345 2857 2346 2856 2344 2838 2345 2856 2344 2837 2341 2839 2347 2858 2348 2857 2346 2839 2347 2857 2346 2838 2345 2840 2349 2859 2350 2858 2348 2840 2349 2858 2348 2839 2347 2841 2351 2859 2350 2840 2349 2842 2352 2860 2353 2859 2350 2842 2352 2859 2350 2841 2351 2843 2354 2861 2355 2860 2353 2843 2354 2860 2353 2842 2352 2844 2356 2862 2357 2861 2355 2844 2356 2861 2355 2843 2354 2845 2358 2862 2357 2844 2356 2846 2359 2863 2360 2862 2357 2846 2359 2862 2357 2845 2358 2847 2361 2864 2362 2863 2360 2847 2361 2863 2360 2846 2359 2848 2363 2865 2364 2864 2362 2848 2363 2864 2362 2847 2361 2849 2365 2865 2364 2848 2363 2850 2366 2866 2367 2865 2364 2850 2366 2865 2364 2849 2365 2851 2368 2867 2369 2866 2367 2851 2368 2866 2367 2850 2366 2852 2370 2867 2369 2851 2368 2853 2371 2868 2372 2867 2369 2853 2371 2867 2369 2852 2370 2854 2373 2868 2372 2853 2371 2871 2374 2890 2375 2889 2309 2872 2376 2891 2377 2890 2375 2872 2376 2890 2375 2871 2374 2873 2378 2891 2377 2872 2376 2874 2379 2892 2380 2891 2377 2874 2379 2891 2377 2873 2378 2875 2381 2893 2382 2892 2380 2875 2381 2892 2380 2874 2379 2876 2383 2894 2384 2893 2382 2876 2383 2893 2382 2875 2381 2877 2385 2894 2384 2876 2383 2878 2386 2895 2387 2894 2384 2878 2386 2894 2384 2877 2385 2879 2388 2896 2389 2895 2387 2879 2388 2895 2387 2878 2386 2880 2390 2897 2391 2896 2389 2880 2390 2896 2389 2879 2388 2881 2392 2897 2391 2880 2390 2882 2393 2898 2394 2897 2391 2882 2393 2897 2391 2881 2392 2883 2395 2899 2396 2898 2394 2883 2395 2898 2394 2882 2393 2884 2397 2900 2398 2899 2396 2884 2397 2899 2396 2883 2395 2885 2399 2900 2398 2884 2397 2886 2400 2901 2401 2900 2398 2886 2400 2900 2398 2885 2399 2887 2402 2902 2403 2901 2401 2887 2402 2901 2401 2886 2400 2888 2404 2869 2405 2902 2403 2888 2404 2902 2403 2887 2402 2870 2406 2869 2405 2888 2404 2904 2407 2922 2408 2903 2409 2904 2407 2923 2410 2922 2408 2905 2411 2924 2412 2923 2410 2905 2411 2923 2410 2904 2407 2906 2413 2925 2414 2924 2412 2906 2413 2924 2412 2905 2411 2907 2415 2926 2416 2925 2414 2907 2415 2925 2414 2906 2413 2908 2417 2926 2416 2907 2415 2909 2418 2927 2419 2926 2416 2909 2418 2926 2416 2908 2417 2910 2420 2928 2421 2927 2419 2910 2420 2927 2419 2909 2418 2911 2422 2929 2423 2928 2421 2911 2422 2928 2421 2910 2420 2912 2424 2929 2423 2911 2422 2913 2425 2930 2426 2929 2423 2913 2425 2929 2423 2912 2424 2914 2427 2931 2428 2930 2426 2914 2427 2930 2426 2913 2425 2915 2429 2932 2430 2931 2428 2915 2429 2931 2428 2914 2427 2916 2431 2932 2430 2915 2429 2917 2432 2933 2433 2932 2430 2917 2432 2932 2430 2916 2431 2918 2434 2934 2435 2933 2433 2918 2434 2933 2433 2917 2432 2919 2436 2934 2435 2918 2434 2920 2437 2935 2438 2934 2435 2920 2437 2934 2435 2919 2436 2921 2439 2935 2438 2920 2437 2939 2440 2956 2441 2938 2442 2939 2440 2957 2443 2956 2441 2940 2444 2958 2445 2957 2443 2940 2444 2957 2443 2939 2440 2941 2446 2959 2447 2958 2445 2941 2446 2958 2445 2940 2444 2942 2448 2960 2449 2959 2447 2942 2448 2959 2447 2941 2446 2943 2450 2960 2449 2942 2448 2944 2451 2961 2452 2960 2449 2944 2451 2960 2449 2943 2450 2945 2453 2962 2454 2961 2452 2945 2453 2961 2452 2944 2451 2946 2455 2962 2454 2945 2453 2947 2456 2963 2457 2962 2454 2947 2456 2962 2454 2946 2455 2948 2458 2964 2459 2963 2457 2948 2458 2963 2457 2947 2456 2949 2460 2965 2461 2964 2459 2949 2460 2964 2459 2948 2458 2950 2462 2965 2461 2949 2460 2951 2463 2966 2464 2965 2461 2951 2463 2965 2461 2950 2462 2952 2465 2967 2466 2966 2464 2952 2465 2966 2464 2951 2463 2953 2467 2967 2466 2952 2465 2954 2468 2968 2469 2967 2466 2954 2468 2967 2466 2953 2467 2955 2470 2936 2471 2968 2469 2955 2470 2968 2469 2954 2468 2937 2472 2936 2471 2955 2470 2970 2473 2988 2474 2969 2475 2970 2473 2989 2476 2988 2474 2971 2477 2990 2478 2989 2476 2971 2477 2989 2476 2970 2473 2972 2479 2991 2480 2990 2478 2972 2479 2990 2478 2971 2477 2973 2481 2992 2482 2991 2480 2973 2481 2991 2480 2972 2479 2974 2483 2992 2482 2973 2481 2975 2484 2993 2485 2992 2482 2975 2484 2992 2482 2974 2483 2976 2486 2994 2487 2993 2485 2976 2486 2993 2485 2975 2484 2977 2488 2994 2487 2976 2486 2978 2489 2995 2490 2994 2487 2978 2489 2994 2487 2977 2488 2979 2491 2996 2492 2995 2490 2979 2491 2995 2490 2978 2489 2980 2493 2997 2494 2996 2492 2980 2493 2996 2492 2979 2491 2981 2495 2997 2494 2980 2493 2982 2496 2998 2497 2997 2494 2982 2496 2997 2494 2981 2495 2983 2498 2999 2499 2998 2497 2983 2498 2998 2497 2982 2496 2984 2500 2999 2499 2983 2498 2985 2501 3000 2502 2999 2499 2985 2501 2999 2499 2984 2500 2986 2503 3001 2504 3000 2502 2986 2503 3000 2502 2985 2501 2987 2505 3001 2504 2986 2503 3005 2506 3022 2507 3004 2508 3005 2506 3023 2509 3022 2507 3006 2510 3024 2511 3023 2509 3006 2510 3023 2509 3005 2506 3007 2512 3025 2513 3024 2511 3007 2512 3024 2511 3006 2510 3008 2514 3026 2515 3025 2513 3008 2514 3025 2513 3007 2512 3009 2516 3026 2515 3008 2514 3010 2517 3027 2518 3026 2515 3010 2517 3026 2515 3009 2516 3011 2519 3028 2520 3027 2518 3011 2519 3027 2518 3010 2517 3012 2521 3028 2520 3011 2519 3013 2522 3029 2523 3028 2520 3013 2522 3028 2520 3012 2521 3014 2524 3030 2525 3029 2523 3014 2524 3029 2523 3013 2522 3015 2526 3031 2527 3030 2525 3015 2526 3030 2525 3014 2524 3016 2528 3031 2527 3015 2526 3017 2529 3032 2530 3031 2527 3017 2529 3031 2527 3016 2528 3018 2531 3033 2532 3032 2530 3018 2531 3032 2530 3017 2529 3019 2533 3033 2532 3018 2531 3020 2534 3034 2535 3033 2532 3020 2534 3033 2532 3019 2533 3021 2536 3002 2537 3034 2535 3021 2536 3034 2535 3020 2534 3003 2538 3002 2537 3021 2536 3036 2539 3054 2540 3035 2541 3036 2539 3055 2542 3054 2540 3037 2543 3056 2544 3055 2542 3037 2543 3055 2542 3036 2539 3038 2545 3057 2546 3056 2544 3038 2545 3056 2544 3037 2543 3039 2547 3058 2548 3057 2546 3039 2547 3057 2546 3038 2545 3040 2549 3058 2548 3039 2547 3041 2550 3059 2551 3058 2548 3041 2550 3058 2548 3040 2549 3042 2552 3060 2553 3059 2551 3042 2552 3059 2551 3041 2550 3043 2554 3060 2553 3042 2552 3044 2555 3061 2556 3060 2553 3044 2555 3060 2553 3043 2554 3045 2557 3062 2558 3061 2556 3045 2557 3061 2556 3044 2555 3046 2559 3063 2560 3062 2558 3046 2559 3062 2558 3045 2557 3047 2561 3063 2560 3046 2559 3048 2562 3064 2563 3063 2560 3048 2562 3063 2560 3047 2561 3049 2564 3065 2565 3064 2563 3049 2564 3064 2563 3048 2562 3050 2566 3065 2565 3049 2564 3051 2567 3066 2568 3065 2565 3051 2567 3065 2565 3050 2566 3052 2569 3067 2570 3066 2568 3052 2569 3066 2568 3051 2567 3053 2571 3067 2570 3052 2569 3071 2572 3088 2573 3070 2574 3071 2572 3089 2575 3088 2573 3072 2576 3090 2577 3089 2575 3072 2576 3089 2575 3071 2572 3073 2578 3091 2579 3090 2577 3073 2578 3090 2577 3072 2576 3074 2580 3092 2581 3091 2579 3074 2580 3091 2579 3073 2578 3075 2582 3092 2581 3074 2580 3076 2583 3093 2584 3092 2581 3076 2583 3092 2581 3075 2582 3077 2585 3094 2586 3093 2584 3077 2585 3093 2584 3076 2583 3078 2587 3094 2586 3077 2585 3079 2588 3095 2589 3094 2586 3079 2588 3094 2586 3078 2587 3080 2590 3096 2591 3095 2589 3080 2590 3095 2589 3079 2588 3081 2592 3097 2593 3096 2591 3081 2592 3096 2591 3080 2590 3082 2594 3097 2593 3081 2592 3083 2595 3098 2596 3097 2593 3083 2595 3097 2593 3082 2594 3084 2597 3099 2598 3098 2596 3084 2597 3098 2596 3083 2595 3085 2599 3099 2598 3084 2597 3086 2600 3100 2601 3099 2598 3086 2600 3099 2598 3085 2599 3087 2602 3068 2603 3100 2601 3087 2602 3100 2601 3086 2600 3069 2604 3068 2603 3087 2602 3102 2605 3120 2606 3101 2607 3102 2605 3121 2608 3120 2606 3103 2609 3122 2610 3121 2608 3103 2609 3121 2608 3102 2605 3104 2611 3123 2612 3122 2610 3104 2611 3122 2610 3103 2609 3105 2613 3124 2614 3123 2612 3105 2613 3123 2612 3104 2611 3106 2615 3124 2614 3105 2613 3107 2616 3125 2617 3124 2614 3107 2616 3124 2614 3106 2615 3108 2618 3126 2619 3125 2617 3108 2618 3125 2617 3107 2616 3109 2620 3126 2619 3108 2618 3110 2621 3127 2622 3126 2619 3110 2621 3126 2619 3109 2620 3111 2623 3128 2624 3127 2622 3111 2623 3127 2622 3110 2621 3112 2625 3129 2626 3128 2624 3112 2625 3128 2624 3111 2623 3113 2627 3129 2626 3112 2625 3114 2628 3130 2629 3129 2626 3114 2628 3129 2626 3113 2627 3115 2630 3131 2631 3130 2629 3115 2630 3130 2629 3114 2628 3116 2632 3131 2631 3115 2630 3117 2633 3132 2634 3131 2631 3117 2633 3131 2631 3116 2632 3118 2635 3133 2636 3132 2634 3118 2635 3132 2634 3117 2633 3119 2637 3133 2636 3118 2635 3137 2638 3154 2639 3136 2640 3137 2638 3155 2641 3154 2639 3138 2642 3156 2643 3155 2641 3138 2642 3155 2641 3137 2638 3139 2644 3157 2645 3156 2643 3139 2644 3156 2643 3138 2642 3140 2646 3158 2647 3157 2645 3140 2646 3157 2645 3139 2644 3141 2648 3158 2647 3140 2646 3142 2649 3159 2650 3158 2647 3142 2649 3158 2647 3141 2648 3143 2651 3160 2652 3159 2650 3143 2651 3159 2650 3142 2649 3144 2521 3160 2652 3143 2651 3145 2522 3161 2523 3160 2652 3145 2522 3160 2652 3144 2521 3146 2653 3162 2654 3161 2523 3146 2653 3161 2523 3145 2522 3147 2655 3163 2656 3162 2654 3147 2655 3162 2654 3146 2653 3148 2657 3163 2656 3147 2655 3149 2658 3164 2659 3163 2656 3149 2658 3163 2656 3148 2657 3150 2660 3165 2661 3164 2659 3150 2660 3164 2659 3149 2658 3151 2662 3165 2661 3150 2660 3152 2663 3166 2664 3165 2661 3152 2663 3165 2661 3151 2662 3153 2665 3134 2666 3166 2664 3153 2665 3166 2664 3152 2663 3135 2667 3134 2666 3153 2665 3168 2668 3186 2669 3167 2670 3168 2668 3187 2671 3186 2669 3169 2672 3188 2673 3187 2671 3169 2672 3187 2671 3168 2668 3170 2674 3189 2675 3188 2673 3170 2674 3188 2673 3169 2672 3171 2676 3190 2677 3189 2675 3171 2676 3189 2675 3170 2674 3172 2678 3190 2677 3171 2676 3173 2679 3191 2680 3190 2677 3173 2679 3190 2677 3172 2678 3174 2681 3192 2682 3191 2680 3174 2681 3191 2680 3173 2679 3175 2554 3192 2682 3174 2681 3176 2555 3193 2556 3192 2682 3176 2555 3192 2682 3175 2554 3177 2683 3194 2684 3193 2556 3177 2683 3193 2556 3176 2555 3178 2685 3195 2686 3194 2684 3178 2685 3194 2684 3177 2683 3179 2687 3195 2686 3178 2685 3180 2688 3196 2689 3195 2686 3180 2688 3195 2686 3179 2687 3181 2690 3197 2691 3196 2689 3181 2690 3196 2689 3180 2688 3182 2692 3197 2691 3181 2690 3183 2693 3198 2694 3197 2691 3183 2693 3197 2691 3182 2692 3184 2695 3199 2696 3198 2694 3184 2695 3198 2694 3183 2693 3185 2697 3199 2696 3184 2695 3258 2698 3200 2699 3201 2700 3258 2698 3259 2701 3200 2699 3257 2702 3201 2700 3202 2703 3257 2702 3258 2698 3201 2700 3256 2704 3202 2703 3203 2705 3256 2704 3257 2702 3202 2703 3255 2706 3203 2705 3204 2707 3255 2706 3256 2704 3203 2705 3254 2708 3204 2707 3205 2709 3254 2708 3255 2706 3204 2707 3253 2710 3205 2709 3206 2711 3253 2710 3254 2708 3205 2709 3252 2712 3206 2711 3207 2713 3252 2712 3253 2710 3206 2711 3251 2714 3207 2713 3208 2715 3251 2714 3252 2712 3207 2713 3250 2716 3208 2715 3209 2717 3250 2716 3251 2714 3208 2715 3249 2718 3250 2716 3209 2717 3249 2718 3209 2717 3210 2719 3249 2718 3210 2719 3211 2720 3248 2721 3249 2718 3211 2720 3247 2722 3248 2721 3211 2720 3247 2722 3211 2720 3212 2723 3246 2724 3247 2722 3212 2723 3246 2724 3212 2723 3213 2725 3246 2724 3213 2725 3214 2726 3245 2727 3214 2726 3215 2728 3245 2727 3246 2724 3214 2726 3244 2729 3215 2728 3216 2730 3244 2729 3245 2727 3215 2728 3243 2731 3216 2730 3217 2732 3243 2731 3244 2729 3216 2730 3242 2733 3217 2732 3218 2734 3242 2733 3243 2731 3217 2732 3241 2735 3218 2734 3219 2736 3241 2735 3242 2733 3218 2734 3240 2737 3219 2736 3220 2738 3240 2737 3241 2735 3219 2736 3239 2739 3220 2738 3221 2740 3239 2739 3240 2737 3220 2738 3238 2741 3221 2740 3222 2742 3238 2741 3239 2739 3221 2740 3237 2743 3222 2742 3223 2744 3237 2743 3238 2741 3222 2742 3236 2745 3223 2744 3224 2746 3236 2745 3237 2743 3223 2744 3235 2747 3236 2745 3224 2746 3234 2748 3224 2746 3225 2749 3234 2748 3225 2749 3226 2750 3234 2748 3235 2747 3224 2746 3233 2751 3226 2750 3227 2752 3233 2751 3234 2748 3226 2750 3232 2753 3227 2752 3228 2754 3232 2753 3233 2751 3227 2752 3231 2755 3232 2753 3228 2754 3230 2756 3228 2754 3229 2757 3230 2756 3231 2755 3228 2754 3261 2758 3260 2759 3262 2760 3319 2761 3262 2760 3263 2762 3319 2761 3261 2758 3262 2760 3318 2763 3263 2762 3264 2764 3318 2763 3319 2761 3263 2762 3317 2765 3264 2764 3265 2766 3317 2765 3318 2763 3264 2764 3316 2767 3265 2766 3266 2768 3316 2767 3317 2765 3265 2766 3315 2769 3266 2768 3267 2770 3315 2769 3316 2767 3266 2768 3314 2771 3267 2770 3268 2772 3314 2771 3315 2769 3267 2770 3313 2773 3268 2772 3269 2774 3313 2773 3314 2771 3268 2772 3312 2775 3269 2774 3270 2776 3312 2775 3313 2773 3269 2774 3311 2777 3312 2775 3270 2776 3311 2777 3270 2776 3271 2778 3310 2779 3311 2777 3271 2778 3310 2779 3271 2778 3272 2780 3309 2781 3310 2779 3272 2780 3309 2781 3272 2780 3273 2782 3308 2783 3309 2781 3273 2782 3307 2784 3308 2783 3273 2782 3307 2784 3273 2782 3274 2785 3307 2784 3274 2785 3275 2786 3306 2787 3307 2784 3275 2786 3305 2788 3275 2786 3276 2789 3305 2788 3276 2789 3277 2790 3305 2788 3306 2787 3275 2786 3304 2791 3305 2788 3277 2790 3303 2792 3277 2790 3278 2793 3303 2792 3278 2793 3279 2794 3303 2792 3304 2791 3277 2790 3302 2795 3303 2792 3279 2794 3301 2796 3279 2794 3280 2797 3301 2796 3302 2795 3279 2794 3300 2798 3280 2797 3281 2799 3300 2798 3301 2796 3280 2797 3299 2800 3281 2799 3282 2801 3299 2800 3300 2798 3281 2799 3298 2802 3282 2801 3283 2803 3298 2802 3299 2800 3282 2801 3297 2804 3283 2803 3284 2805 3297 2804 3298 2802 3283 2803 3296 2806 3284 2805 3285 2807 3296 2806 3297 2804 3284 2805 3295 2808 3285 2807 3286 2809 3295 2808 3296 2806 3285 2807 3294 2810 3286 2809 3287 2811 3294 2810 3295 2808 3286 2809 3293 2812 3287 2811 3288 2813 3293 2812 3294 2810 3287 2811 3292 2814 3288 2813 3289 2815 3292 2814 3293 2812 3288 2813 3291 2816 3289 2815 3290 2817 3291 2816 3292 2814 3289 2815 3321 2818 3320 2819 3322 2820 3347 2821 3322 2820 3323 2822 3347 2821 3321 2818 3322 2820 3346 2823 3323 2822 3324 2824 3346 2823 3347 2821 3323 2822 3345 2825 3324 2824 3325 2826 3345 2825 3346 2823 3324 2824 3344 353 3325 2826 3326 2827 3344 353 3345 2825 3325 2826 3343 2828 3326 2827 3327 2829 3343 2828 3344 353 3326 2827 3342 2830 3327 2829 3328 2831 3342 2830 3343 2828 3327 2829 3341 2832 3328 2831 3329 2833 3341 2832 3342 2830 3328 2831 3340 2834 3329 2833 3330 2835 3340 2834 3341 2832 3329 2833 3339 2836 3340 2834 3330 2835 3338 2837 3330 2835 3331 2838 3338 2837 3331 2838 3332 2839 3338 2837 3339 2836 3330 2835 3337 2840 3332 2839 3333 2841 3337 2840 3338 2837 3332 2839 3336 2842 3333 2841 3334 2843 3336 2842 3337 2840 3333 2841 3335 2844 3336 2842 3334 2843 3382 2845 3381 2846 3380 2847 3388 2848 3362 2849 3363 2850 3388 2848 3369 2851 3362 2849 3389 2852 3363 2850 3364 2853 3389 2852 3388 2848 3363 2850 3390 2854 3364 2853 3365 2855 3390 2854 3389 2852 3364 2853 3391 2856 3365 2855 3366 2857 3391 2856 3390 2854 3365 2855 3392 2858 3366 2857 3367 2859 3392 2858 3391 2856 3366 2857 3393 2860 3361 2861 3360 2862 3393 2860 3367 2859 3368 2863 3393 2860 3368 2863 3361 2861 3393 2860 3392 2858 3367 2859 3394 2864 3370 2865 3369 2851 3394 2864 3369 2851 3388 2848 3395 2866 3388 2848 3389 2852 3395 2866 3394 2864 3388 2848 3396 2867 3395 2866 3389 2852 3396 2867 3389 2852 3390 2854 3397 2868 3390 2854 3391 2856 3397 2868 3396 2867 3390 2854 3398 2869 3397 2868 3391 2856 3398 2869 3391 2856 3392 2858 3398 2869 3392 2858 3393 2860 3399 2870 3360 2862 3359 2871 3399 2870 3393 2860 3360 2862 3399 2870 3398 2869 3393 2860 3400 2872 3371 2873 3370 2865 3400 2872 3370 2865 3394 2864 3401 2874 3400 2872 3394 2864 3401 2874 3394 2864 3395 2866 3402 2875 3396 2867 3397 2868 3402 2875 3401 2874 3395 2866 3402 2875 3395 2866 3396 2867 3403 2876 3397 2868 3398 2869 3403 2876 3402 2875 3397 2868 3404 2877 3403 2876 3398 2869 3405 2878 3398 2869 3399 2870 3405 2878 3359 2871 3358 2879 3405 2878 3404 2877 3398 2869 3405 2878 3399 2870 3359 2871 3406 2880 3371 2873 3400 2872 3406 2880 3372 2881 3371 2873 3407 2882 3400 2872 3401 2874 3407 2882 3406 2880 3400 2872 3408 2883 3401 2874 3402 2875 3408 2883 3407 2882 3401 2874 3409 2884 3402 2875 3403 2876 3409 2884 3408 2883 3402 2875 3410 2885 3409 2884 3403 2876 3410 2885 3403 2876 3404 2877 3411 2886 3358 2879 3357 2887 3411 2886 3405 2878 3358 2879 3411 2886 3404 2877 3405 2878 3411 2886 3410 2885 3404 2877 3412 2888 3373 2889 3372 2881 3412 2888 3372 2881 3406 2880 3413 2890 3406 2880 3407 2882 3413 2890 3412 2888 3406 2880 3414 2891 3407 2882 3408 2883 3414 2891 3413 2890 3407 2882 3415 2892 3408 2883 3409 2884 3415 2892 3414 2891 3408 2883 3416 2893 3409 2884 3410 2885 3416 2893 3415 2892 3409 2884 3417 2894 3357 2887 3356 2895 3417 2894 3411 2886 3357 2887 3417 2894 3410 2885 3411 2886 3417 2894 3416 2893 3410 2885 3418 2896 3374 2897 3373 2889 3418 2896 3375 2898 3374 2897 3418 2896 3373 2889 3412 2888 3418 2896 3412 2888 3413 2890 3419 2899 3418 2896 3413 2890 3420 2900 3413 2890 3414 2891 3420 2900 3414 2891 3415 2892 3420 2900 3419 2899 3413 2890 3421 2901 3415 2892 3416 2893 3421 2901 3420 2900 3415 2892 3422 2902 3421 2901 3416 2893 3423 2903 3356 2895 3355 2904 3423 2903 3417 2894 3356 2895 3423 2903 3416 2893 3417 2894 3423 2903 3422 2902 3416 2893 3424 2905 3375 2898 3418 2896 3425 2906 3418 2896 3419 2899 3425 2906 3419 2899 3420 2900 3425 2906 3424 2905 3418 2896 3426 2907 3425 2906 3420 2900 3427 2908 3420 2900 3421 2901 3427 2908 3426 2907 3420 2900 3428 2909 3421 2901 3422 2902 3428 2909 3427 2908 3421 2901 3429 2910 3355 2904 3354 2911 3429 2910 3423 2903 3355 2904 3429 2910 3422 2902 3423 2903 3429 2910 3428 2909 3422 2902 3430 2912 3376 2913 3375 2898 3430 2912 3377 2914 3376 2913 3430 2912 3375 2898 3424 2905 3431 2915 3424 2905 3425 2906 3431 2915 3430 2912 3424 2905 3432 2916 3431 2915 3425 2906 3432 2916 3425 2906 3426 2907 3433 2917 3432 2916 3426 2907 3433 2917 3426 2907 3427 2908 3434 2918 3433 2917 3427 2908 3434 2918 3427 2908 3428 2909 3435 2919 3428 2909 3429 2910 3435 2919 3354 2911 3353 2920 3435 2919 3434 2918 3428 2909 3435 2919 3429 2910 3354 2911 3436 2921 3377 2914 3430 2912 3437 2922 3431 2915 3432 2916 3437 2922 3436 2921 3430 2912 3437 2922 3430 2912 3431 2915 3438 2923 3437 2922 3432 2916 3439 2924 3432 2916 3433 2917 3439 2924 3433 2917 3434 2918 3439 2924 3438 2923 3432 2916 3440 2925 3439 2924 3434 2918 3441 2926 3352 2927 3351 2928 3441 2926 3353 2920 3352 2927 3441 2926 3435 2919 3353 2920 3441 2926 3434 2918 3435 2919 3441 2926 3440 2925 3434 2918 3442 2929 3377 2914 3436 2921 3442 2929 3378 2930 3377 2914 3442 2929 3379 2931 3378 2930 3443 2932 3442 2929 3436 2921 3443 2932 3436 2921 3437 2922 3444 2933 3438 2923 3439 2924 3444 2933 3443 2932 3437 2922 3444 2933 3437 2922 3438 2923 3445 2934 3444 2933 3439 2924 3446 2935 3445 2934 3439 2924 3446 2935 3439 2924 3440 2925 3446 2935 3440 2925 3441 2926 3447 2936 3441 2926 3351 2928 3447 2936 3446 2935 3441 2926 3448 2937 3379 2931 3442 2929 3449 2938 3442 2929 3443 2932 3449 2938 3443 2932 3444 2933 3449 2938 3448 2937 3442 2929 3450 2939 3449 2938 3444 2933 3451 2940 3444 2933 3445 2934 3451 2940 3450 2939 3444 2933 3452 2941 3445 2934 3446 2935 3452 2941 3451 2940 3445 2934 3453 2942 3351 2928 3350 2943 3453 2942 3447 2936 3351 2928 3453 2942 3446 2935 3447 2936 3453 2942 3452 2941 3446 2935 3454 2944 3382 2845 3380 2847 3454 2944 3380 2847 3379 2931 3454 2944 3379 2931 3448 2937 3455 2945 3383 2946 3382 2845 3455 2945 3382 2845 3454 2944 3455 2945 3448 2937 3449 2938 3455 2945 3454 2944 3448 2937 3456 2947 3383 2946 3455 2945 3456 2947 3384 2948 3383 2946 3456 2947 3385 2949 3384 2948 3456 2947 3449 2938 3450 2939 3456 2947 3455 2945 3449 2938 3457 2950 3450 2939 3451 2940 3457 2950 3385 2949 3456 2947 3457 2950 3456 2947 3450 2939 3458 2951 3457 2950 3451 2940 3458 2951 3386 2952 3385 2949 3458 2951 3387 2953 3386 2952 3458 2951 3451 2940 3452 2941 3458 2951 3452 2941 3453 2942 3458 2951 3385 2949 3457 2950 3459 2954 3349 2955 3348 2956 3459 2954 3350 2943 3349 2955 3459 2954 3348 2956 3387 2953 3459 2954 3387 2953 3458 2951 3459 2954 3453 2942 3350 2943 3459 2954 3458 2951 3453 2942 3708 819 3707 819 3492 819 3706 819 3493 819 3492 819 3706 819 3492 819 3707 819 3709 819 3492 819 3491 819 3709 819 3708 819 3492 819 3522 819 3497 819 3496 819 3522 819 3496 819 3521 819 3705 819 3493 819 3706 819 3520 819 3496 819 3495 819 3520 819 3521 819 3496 819 3710 819 3709 819 3491 819 3704 819 3493 819 3705 819 3523 819 3498 819 3497 819 3523 819 3497 819 3522 819 3711 819 3710 819 3491 819 3519 819 3495 819 3494 819 3519 819 3520 819 3495 819 3703 819 3494 819 3493 819 3703 819 3493 819 3704 819 3524 819 3499 819 3498 819 3524 819 3498 819 3523 819 3712 819 3491 819 3490 819 3712 819 3711 819 3491 819 3702 819 3494 819 3703 819 3518 819 3494 819 3702 819 3518 819 3519 819 3494 819 3713 819 3712 819 3490 819 3525 819 3499 819 3524 819 3543 819 3518 819 3702 819 3543 819 3702 819 3701 819 3714 819 3713 819 3490 819 3714 819 3490 819 3489 819 3700 819 3543 819 3701 819 3526 819 3500 819 3499 819 3526 819 3499 819 3525 819 3715 819 3714 819 3489 819 3542 819 3543 819 3700 819 3699 819 3542 819 3700 819 3716 819 3715 819 3489 819 3717 819 3489 819 3488 819 3717 819 3716 819 3489 819 3718 819 3717 819 3488 819 3635 819 3542 819 3699 819 3635 819 3541 819 3542 819 3634 819 3541 819 3635 819 3634 819 3540 819 3541 819 3636 819 3698 819 3697 819 3636 819 3699 819 3698 819 3636 819 3635 819 3699 819 3633 819 3540 819 3634 819 3633 819 3539 819 3540 819 3637 2957 3697 2957 3696 2957 3637 819 3636 819 3697 819 3632 819 3539 819 3633 819 3632 819 3538 819 3539 819 3959 819 3725 819 3724 819 3851 819 3502 819 3501 819 3852 819 3501 819 3500 819 3852 819 3851 819 3501 819 3960 819 3724 819 3723 819 3960 819 3959 819 3724 819 3958 819 3726 819 3725 819 3958 819 3725 819 3959 819 3850 819 3502 819 3851 819 3853 819 3852 819 3500 819 3853 819 3500 819 3526 819 3961 819 3960 819 3723 819 3961 819 3723 819 3722 819 3638 2958 3696 2958 3695 2958 3638 2959 3637 2959 3696 2959 3957 819 3726 819 3958 819 3957 819 3727 819 3726 819 3849 819 3503 819 3502 819 3849 819 3502 819 3850 819 3854 819 3853 819 3526 819 3854 819 3526 819 3527 819 3962 819 3722 819 3721 819 3962 819 3961 819 3722 819 3956 819 3727 819 3957 819 3956 2960 3728 2960 3727 2960 3848 819 3503 819 3849 819 3631 819 3538 819 3632 819 3631 819 3537 819 3538 819 3639 2961 3638 2961 3695 2961 3639 2962 3695 2962 3694 2962 3855 819 3854 819 3527 819 3963 819 3962 819 3721 819 3963 819 3721 819 3720 819 3955 2963 3728 2963 3956 2963 3955 2964 3729 2964 3728 2964 3847 819 3504 819 3503 819 3847 819 3503 819 3848 819 3856 819 3855 819 3527 819 3856 819 3527 819 3528 819 3964 819 3720 819 3719 819 3964 819 3963 819 3720 819 3640 2965 3639 2965 3694 2965 3640 2966 3694 2966 3729 2966 3630 819 3537 819 3631 819 3630 819 3536 819 3537 819 3954 2967 3729 2967 3955 2967 3954 2968 3640 2968 3729 2968 3846 819 3504 819 3847 819 3965 819 3964 819 3719 819 3965 819 3719 819 3718 819 3857 819 3856 819 3528 819 3857 819 3528 819 3529 819 3845 819 3505 819 3504 819 3845 819 3504 819 3846 819 3629 819 3536 819 3630 819 3629 819 3535 819 3536 819 3641 819 3640 819 3954 819 3641 819 3954 819 3953 819 3966 819 3718 819 3488 819 3966 819 3965 819 3718 819 3858 819 3857 819 3529 819 3858 819 3529 819 3530 819 3952 819 3641 819 3953 819 3844 819 3505 819 3845 819 3967 819 3488 819 3487 819 3967 819 3966 819 3488 819 3859 819 3530 819 3531 819 3859 819 3858 819 3530 819 3628 819 3534 819 3535 819 3628 819 3535 819 3629 819 3843 819 3506 819 3505 819 3843 819 3505 819 3844 819 3642 819 3641 819 3952 819 3642 819 3952 819 3951 819 3968 819 3487 819 3486 819 3968 819 3967 819 3487 819 3860 819 3859 819 3531 819 3842 819 3506 819 3843 819 3950 819 3642 819 3951 819 3627 819 3533 819 3534 819 3627 819 3534 819 3628 819 3969 819 3968 819 3486 819 3861 819 3531 819 3532 819 3861 819 3860 819 3531 819 3841 819 3506 819 3842 819 3507 819 3506 819 3841 819 3643 819 3642 819 3950 819 3643 819 3950 819 3949 819 3970 819 3969 819 3486 819 3840 2969 3507 2969 3841 2969 3948 2970 3643 2970 3949 2970 3626 819 3533 819 3627 819 3644 2971 3643 2971 3948 2971 3947 2972 3644 2972 3948 2972 3625 819 3532 819 3533 819 3625 819 3533 819 3626 819 3645 2973 3644 2973 3947 2973 3645 2974 3947 2974 3946 2974 3485 819 3970 819 3486 819 3646 2975 3981 2975 3980 2975 3646 2976 3946 2976 3981 2976 3646 2977 3645 2977 3946 2977 3647 2978 3980 2978 3979 2978 3647 2979 3646 2979 3980 2979 3648 819 3979 819 3978 819 3648 819 3647 819 3979 819 3985 2980 3623 2980 3622 2980 3985 2981 3624 2981 3623 2981 3986 2982 3624 2982 3985 2982 3986 2983 3625 2983 3624 2983 3984 2984 3985 2984 3622 2984 3984 2985 3656 2985 3655 2985 3984 2986 3657 2986 3656 2986 3984 2987 3622 2987 3657 2987 3987 2988 3861 2988 3532 2988 3987 2989 3625 2989 3986 2989 3987 2990 3532 2990 3625 2990 3987 2991 3862 2991 3861 2991 3983 2992 3984 2992 3655 2992 3983 2993 3655 2993 3654 2993 3988 2994 3864 2994 3863 2994 3988 2995 3865 2995 3864 2995 3988 2996 3862 2996 3987 2996 3988 2997 3863 2997 3862 2997 3982 2998 3983 2998 3654 2998 3982 2999 3653 2999 3652 2999 3982 3000 3654 3000 3653 3000 3989 3001 3866 3001 3865 3001 3989 3002 3867 3002 3866 3002 3989 3003 3865 3003 3988 3003 4007 3004 3982 3004 3652 3004 4007 819 3651 819 3650 819 4007 819 3652 819 3651 819 3990 3005 3868 3005 3867 3005 3990 3006 3867 3006 3989 3006 3573 819 3972 819 3971 819 3573 819 3973 819 3972 819 3547 3007 3838 3007 3873 3007 3548 3008 3839 3008 3838 3008 3548 3009 3840 3009 3839 3009 3548 3010 3838 3010 3547 3010 3574 819 3974 819 3973 819 3574 819 3973 819 3573 819 3572 819 3971 819 3970 819 3572 819 3970 819 3485 819 3572 819 3573 819 3971 819 3546 3011 3872 3011 3871 3011 3546 3012 3873 3012 3872 3012 3546 3013 3547 3013 3873 3013 3549 3014 3507 3014 3840 3014 3549 819 3508 819 3507 819 3549 3015 3840 3015 3548 3015 3575 819 3975 819 3974 819 3575 819 3976 819 3975 819 3575 819 3974 819 3574 819 3571 819 3485 819 3484 819 3571 819 3572 819 3485 819 3545 819 3871 819 3870 819 3545 819 3546 819 3871 819 3550 819 3508 819 3549 819 3576 819 3977 819 3976 819 3576 819 3976 819 3575 819 4006 819 4007 819 3650 819 4006 819 3650 819 3649 819 3570 819 3571 819 3484 819 3544 819 3869 819 3868 819 3544 819 3870 819 3869 819 3544 819 3545 819 3870 819 3551 819 3509 819 3508 819 3551 819 3508 819 3550 819 3577 819 3978 819 3977 819 3577 819 3977 819 3576 819 3577 819 3649 819 3648 819 3577 819 3648 819 3978 819 3595 819 3484 819 3483 819 3595 819 3570 819 3484 819 3569 3016 3868 3016 3990 3016 3569 819 3544 819 3868 819 3552 819 3510 819 3509 819 3552 819 3509 819 3551 819 3578 819 4006 819 3649 819 3578 819 3649 819 3577 819 3594 819 3595 819 3483 819 3594 819 3483 819 3482 819 3553 819 3510 819 3552 819 3579 819 4006 819 3578 819 4005 819 4006 819 3579 819 3593 819 3594 819 3482 819 3580 819 4005 819 3579 819 3592 819 3593 819 3482 819 3511 819 3510 819 3553 819 3511 819 3553 819 3554 819 3511 819 3554 819 3555 819 3671 819 3568 819 3569 819 3671 3017 3990 3017 3991 3017 3671 3018 3569 3018 3990 3018 3670 819 3567 819 3568 819 3670 819 3568 819 3671 819 3672 3019 3671 3019 3991 3019 3669 819 3566 819 3567 819 3669 819 3567 819 3670 819 3673 3020 3991 3020 3992 3020 3673 3021 3672 3021 3991 3021 3668 819 3565 819 3566 819 3668 819 3566 819 3669 819 3481 819 3592 819 3482 819 3481 819 3591 819 3592 819 3674 3022 3673 3022 3992 3022 3667 819 3564 819 3565 819 3667 819 3565 819 3668 819 3675 3023 3674 3023 3992 3023 3676 3024 3992 3024 3993 3024 3676 3025 3675 3025 3992 3025 3666 819 3563 819 3564 819 3666 819 3564 819 3667 819 3665 819 3562 819 3563 819 3665 819 3563 819 3666 819 3677 3026 3993 3026 3994 3026 3677 3027 3676 3027 3993 3027 3778 819 4004 819 3779 819 3778 819 4003 819 4004 819 3780 819 3779 819 4004 819 3780 819 4004 819 4005 819 3512 819 3511 819 3555 819 3512 819 3555 819 3556 819 3777 819 4003 819 3778 819 3664 819 3561 819 3562 819 3664 819 3562 819 3665 819 3781 819 4005 819 3580 819 3781 819 3780 819 4005 819 3776 819 4003 819 3777 819 3776 819 4002 819 4003 819 3678 3028 3677 3028 3994 3028 3782 819 3781 819 3580 819 3782 819 3580 819 3581 819 3775 819 4002 819 3776 819 3783 819 3782 819 3581 819 3663 819 3560 819 3561 819 3663 819 3561 819 3664 819 3784 819 3581 819 3582 819 3784 819 3783 819 3581 819 3679 3029 3994 3029 3995 3029 3679 3030 3678 3030 3994 3030 3774 819 4002 819 3775 819 3774 819 4001 819 4002 819 3662 819 3560 819 3663 819 3773 819 4001 819 3774 819 3680 3031 3679 3031 3995 3031 3785 819 3582 819 3583 819 3785 819 3784 819 3582 819 3480 819 3590 819 3591 819 3480 819 3591 819 3481 819 3661 819 3560 819 3662 819 3661 819 3559 819 3560 819 3772 819 4000 819 4001 819 3772 819 4001 819 3773 819 3681 3032 3995 3032 3996 3032 3681 3033 3680 3033 3995 3033 3786 819 3785 819 3583 819 3786 819 3583 819 3584 819 3771 819 4000 819 3772 819 3682 819 3681 819 3996 819 3787 819 3584 819 3585 819 3787 819 3786 819 3584 819 3513 819 3512 819 3556 819 3513 819 3556 819 3557 819 3770 819 3999 819 4000 819 3770 819 4000 819 3771 819 3683 819 3996 819 3997 819 3683 819 3682 819 3996 819 3769 819 3999 819 3770 819 3768 3034 3998 3034 3999 3034 3768 3035 3999 3035 3769 3035 3479 819 3590 819 3480 819 3479 819 3588 819 3589 819 3479 819 3589 819 3590 819 3743 819 3661 819 3660 819 3744 819 3743 819 3660 819 3742 819 3559 819 3661 819 3742 819 3661 819 3743 819 3745 819 3744 819 3660 819 3745 819 3660 819 3659 819 3741 819 3559 819 3742 819 3741 819 3558 819 3559 819 3746 819 3745 819 3659 819 3740 819 3558 819 3741 819 3740 819 3557 819 3558 819 3747 819 3746 819 3659 819 3747 819 3659 819 3658 819 3887 819 3691 819 3690 819 3923 819 3790 819 3789 819 3924 819 3923 819 3789 819 3924 819 3789 819 3788 819 3888 819 3690 819 3689 819 3888 819 3887 819 3690 819 3739 819 3557 819 3740 819 3739 819 3513 819 3557 819 3886 819 3691 819 3887 819 3922 819 3790 819 3923 819 3925 819 3788 819 3787 819 3925 819 3924 819 3788 819 3889 819 3888 819 3689 819 3748 819 3658 819 3693 819 3748 819 3747 819 3658 819 3885 819 3692 819 3691 819 3885 819 3691 819 3886 819 3921 819 3791 819 3790 819 3921 819 3790 819 3922 819 3926 819 3925 819 3787 819 3926 819 3787 819 3585 819 3890 819 3689 819 3688 819 3890 819 3889 819 3689 819 3738 819 3514 819 3513 819 3738 819 3513 819 3739 819 3884 819 3693 819 3692 819 3884 819 3692 819 3885 819 3920 819 3792 819 3791 819 3920 819 3791 819 3921 819 3927 819 3926 819 3585 819 3927 819 3585 819 3586 819 3891 819 3688 819 3687 819 3891 819 3890 819 3688 819 3883 819 3748 819 3693 819 3883 819 3693 819 3884 819 3883 819 3749 819 3748 819 3919 819 3792 819 3920 819 3737 819 3514 819 3738 819 3928 819 3586 819 3587 819 3928 819 3927 819 3586 819 3892 819 3891 819 3687 819 3882 819 3749 819 3883 819 3918 819 3793 819 3792 819 3918 819 3792 819 3919 819 3750 819 3749 819 3882 819 3736 819 3514 819 3737 819 3893 819 3892 819 3687 819 3893 819 3687 819 3686 819 3929 819 3928 819 3587 819 3881 819 3750 819 3882 819 3917 819 3794 819 3793 819 3917 819 3793 819 3918 819 3751 819 3750 819 3881 819 3894 819 3893 819 3686 819 3894 819 3686 819 3685 819 3880 819 3751 819 3881 819 3916 819 3794 819 3917 819 3752 819 3751 819 3880 819 3895 819 3685 819 3684 819 3895 819 3894 819 3685 819 3915 819 3794 819 3916 819 3915 819 3795 819 3794 819 3879 819 3752 819 3880 819 3753 819 3752 819 3879 819 3914 819 3795 819 3915 819 3914 819 3796 819 3795 819 3878 819 3753 819 3879 819 3754 819 3753 819 3878 819 3913 819 3796 819 3914 819 3913 819 3797 819 3796 819 3877 819 3754 819 3878 819 3755 819 3754 819 3877 819 3912 3036 3797 3036 3913 3036 3876 3037 3755 3037 3877 3037 3756 3038 3755 3038 3876 3038 3815 819 3930 819 3929 819 3814 819 3930 819 3815 819 3814 819 3931 819 3930 819 3814 819 3932 819 3931 819 3515 819 3514 819 3736 819 3515 819 3734 819 3733 819 3515 819 3735 819 3734 819 3515 819 3736 819 3735 819 3816 819 3929 819 3587 819 3816 819 3815 819 3929 819 3813 819 3933 819 3932 819 3813 819 3932 819 3814 819 3875 3039 3756 3039 3876 3039 3875 3040 3757 3040 3756 3040 3817 819 3587 819 3588 819 3817 819 3816 819 3587 819 3812 819 3933 819 3813 819 3812 819 3934 819 3933 819 3812 819 3935 819 3934 819 3874 3041 3757 3041 3875 3041 3874 3042 3758 3042 3757 3042 3818 819 3817 819 3588 819 3818 819 3588 819 3479 819 3818 819 3479 819 3478 819 3811 819 3935 819 3812 819 3811 819 3936 819 3935 819 3909 3043 3758 3043 3874 3043 3909 3044 3759 3044 3758 3044 3819 819 3818 819 3478 819 3908 3045 3759 3045 3909 3045 3908 3046 3760 3046 3759 3046 3820 819 3819 819 3478 819 3810 819 3936 819 3811 819 3810 819 3937 819 3936 819 3810 819 3938 819 3937 819 3477 819 3820 819 3478 819 3809 819 3939 819 3938 819 3809 819 3938 819 3810 819 3821 819 3820 819 3477 819 3599 3047 3768 3047 3767 3047 3599 3048 3998 3048 3768 3048 3600 819 3997 819 3998 819 3600 819 3998 819 3599 819 3598 3049 3767 3049 3766 3049 3598 3050 3599 3050 3767 3050 3601 819 3997 819 3600 819 3601 819 3683 819 3997 819 3808 819 3940 819 3939 819 3808 819 3941 819 3940 819 3808 819 3939 819 3809 819 3597 3051 3598 3051 3766 3051 3597 3052 3801 3052 3800 3052 3597 3053 3766 3053 3801 3053 3602 819 3684 819 3683 819 3602 819 3896 819 3895 819 3602 819 3895 819 3684 819 3602 819 3683 819 3601 819 3822 819 3821 819 3477 819 3596 3054 3597 3054 3800 3054 3596 3055 3800 3055 3799 3055 3603 819 3897 819 3896 819 3603 819 3896 819 3602 819 3807 819 3942 819 3941 819 3807 819 3941 819 3808 819 3516 819 3515 819 3733 819 3516 3056 3731 3056 3730 3056 3516 3057 3732 3057 3731 3057 3516 3058 3733 3058 3732 3058 3621 3059 3596 3059 3799 3059 3621 3060 3799 3060 3798 3060 3604 819 3897 819 3603 819 3604 819 3898 819 3897 819 3604 819 3899 819 3898 819 3806 819 3943 819 3942 819 3806 3061 3944 3061 3943 3061 3806 819 3942 819 3807 819 3620 819 3621 819 3798 819 3620 819 3798 819 3797 819 3620 3062 3912 3062 3911 3062 3620 3063 3797 3063 3912 3063 3605 819 3899 819 3604 819 3605 819 3900 819 3899 819 3805 3064 3944 3064 3806 3064 3805 3065 3945 3065 3944 3065 3619 3066 3620 3066 3911 3066 3619 3067 3911 3067 3910 3067 3476 819 3822 819 3477 819 3476 819 3823 819 3822 819 3476 819 3824 819 3823 819 3825 819 3824 819 3476 819 3606 819 3901 819 3900 819 3606 819 3902 819 3901 819 3606 819 3900 819 3605 819 3618 3068 3945 3068 3805 3068 3618 3069 3619 3069 3910 3069 3618 3070 3910 3070 3945 3070 3804 3071 3618 3071 3805 3071 3607 819 3902 819 3606 819 3607 819 3903 819 3902 819 3617 3072 3618 3072 3804 3072 3803 3073 3617 3073 3804 3073 3517 3074 3764 3074 3763 3074 3517 3075 3765 3075 3764 3075 3517 3076 3730 3076 3765 3076 3517 3077 3516 3077 3730 3077 3475 819 3825 819 3476 819 3475 819 3826 819 3825 819 3475 819 3827 819 3826 819 3475 819 3828 819 3827 819 3460 819 3763 819 3762 819 3460 819 3517 819 3763 819 3460 819 3761 819 3760 819 3460 819 3762 819 3761 819 3474 819 3828 819 3475 819 3474 819 3829 819 3828 819 3474 819 3830 819 3829 819 3474 819 3831 819 3830 819 3474 819 3832 819 3831 819 3461 819 3460 819 3760 819 3461 3078 3908 3078 3907 3078 3461 3079 3760 3079 3908 3079 3473 819 3832 819 3474 819 3473 819 3833 819 3832 819 3473 819 3834 819 3833 819 3473 3080 3835 3080 3834 3080 3462 819 3906 819 3905 819 3462 819 3907 819 3906 819 3462 819 3461 819 3907 819 3472 3081 3835 3081 3473 3081 3472 3082 3836 3082 3835 3082 3472 3083 3837 3083 3836 3083 3463 819 3462 819 3905 819 3463 819 3904 819 3903 819 3463 819 3905 819 3904 819 3471 3084 3837 3084 3472 3084 3471 3085 3803 3085 3802 3085 3471 3086 3802 3086 3837 3086 3464 819 3463 819 3903 819 3464 819 3903 819 3607 819 3464 819 3607 819 3608 819 3470 3087 3617 3087 3803 3087 3470 819 3615 819 3616 819 3470 819 3616 819 3617 819 3470 3088 3803 3088 3471 3088 3465 819 3464 819 3608 819 3465 819 3608 819 3609 819 3465 819 3609 819 3610 819 3469 819 3615 819 3470 819 3469 819 3614 819 3615 819 3466 819 3610 819 3611 819 3466 819 3465 819 3610 819 3468 819 3614 819 3469 819 3468 819 3613 819 3614 819 3467 819 3466 819 3611 819 3467 819 3613 819 3468 819 3467 819 3611 819 3612 819 3467 819 3612 819 3613 819 4048 3089 4029 3090 4030 3091 4048 3089 4036 3092 4029 3090 4049 3093 4048 3089 4030 3091 4049 3093 4030 3091 4031 3094 4050 3095 4031 3094 4032 3096 4050 3095 4049 3093 4031 3094 4051 3097 4032 3096 4033 3098 4051 3097 4050 3095 4032 3096 4052 3099 4033 3098 4034 3100 4052 3099 4051 3097 4033 3098 4053 3101 4052 3099 4034 3100 4053 3101 4028 3102 4027 3103 4053 3101 4034 3100 4035 3104 4053 3101 4035 3104 4028 3102 4054 3105 4036 3092 4048 3089 4054 3105 4037 3106 4036 3092 4055 3107 4054 3105 4048 3089 4055 3107 4048 3089 4049 3093 4056 3108 4049 3093 4050 3095 4056 3108 4055 3107 4049 3093 4056 3108 4050 3095 4051 3097 4057 3109 4056 3108 4051 3097 4058 3110 4051 3097 4052 3099 4058 3110 4057 3109 4051 3097 4059 3111 4027 3103 4026 3112 4059 3111 4058 3110 4052 3099 4059 3111 4052 3099 4053 3101 4059 3111 4053 3101 4027 3103 4060 3113 4038 3114 4037 3106 4060 3113 4037 3106 4054 3105 4061 3115 4060 3113 4054 3105 4061 3115 4054 3105 4055 3107 4062 3116 4055 3107 4056 3108 4062 3116 4061 3115 4055 3107 4063 3117 4062 3116 4056 3108 4063 3117 4056 3108 4057 3109 4064 3118 4063 3117 4057 3109 4064 3118 4057 3109 4058 3110 4065 3119 4026 3112 4025 3120 4065 3119 4064 3118 4058 3110 4065 3119 4059 3111 4026 3112 4065 3119 4058 3110 4059 3111 4066 3121 4039 3122 4038 3114 4066 3121 4038 3114 4060 3113 4066 3121 4060 3113 4061 3115 4067 3123 4066 3121 4061 3115 4068 3124 4067 3123 4061 3115 4068 3124 4061 3115 4062 3116 4069 3125 4063 3117 4064 3118 4069 3125 4068 3124 4062 3116 4069 3125 4062 3116 4063 3117 4070 3126 4069 3125 4064 3118 4071 3127 4025 3120 4024 3128 4071 3127 4065 3119 4025 3120 4071 3127 4064 3118 4065 3119 4071 3127 4070 3126 4064 3118 4072 3129 4040 3130 4039 3122 4072 3129 4066 3121 4067 3123 4072 3129 4039 3122 4066 3121 4073 3131 4067 3123 4068 3124 4073 3131 4072 3129 4067 3123 4074 3132 4073 3131 4068 3124 4075 3133 4068 3124 4069 3125 4075 3133 4069 3125 4070 3126 4075 3133 4074 3132 4068 3124 4076 3134 4075 3133 4070 3126 4077 3135 4024 3128 4023 3136 4077 3135 4071 3127 4024 3128 4077 3135 4070 3126 4071 3127 4077 3135 4076 3134 4070 3126 4078 3137 4041 3138 4040 3130 4078 3137 4040 3130 4072 3129 4079 3139 4072 3129 4073 3131 4079 3139 4078 3137 4072 3129 4080 3140 4073 3131 4074 3132 4080 3140 4074 3132 4075 3133 4080 3140 4079 3139 4073 3131 4081 3141 4080 3140 4075 3133 4082 3142 4075 3133 4076 3134 4082 3142 4081 3141 4075 3133 4083 3143 4023 3136 4022 3144 4083 3143 4077 3135 4023 3136 4083 3143 4076 3134 4077 3135 4083 3143 4082 3142 4076 3134 4084 3145 4042 3146 4041 3138 4084 3145 4041 3138 4078 3137 4085 3147 4078 3137 4079 3139 4085 3147 4084 3145 4078 3137 4086 3148 4079 3139 4080 3140 4086 3148 4085 3147 4079 3139 4087 3149 4080 3140 4081 3141 4087 3149 4086 3148 4080 3140 4088 3150 4081 3141 4082 3142 4088 3150 4087 3149 4081 3141 4089 3151 4022 3144 4021 3152 4089 3151 4083 3143 4022 3144 4089 3151 4082 3142 4083 3143 4089 3151 4088 3150 4082 3142 4090 3153 4043 3154 4042 3146 4090 3153 4042 3146 4084 3145 4091 3155 4090 3153 4084 3145 4091 3155 4084 3145 4085 3147 4091 3155 4085 3147 4086 3148 4092 3156 4091 3155 4086 3148 4092 3156 4086 3148 4087 3149 4093 3157 4092 3156 4087 3149 4094 3158 4088 3150 4089 3151 4094 3158 4093 3157 4087 3149 4094 3158 4087 3149 4088 3150 4095 3159 4094 3158 4089 3151 4095 3159 4021 3152 4020 3160 4095 3159 4089 3151 4021 3152 4096 3161 4044 3162 4043 3154 4096 3161 4043 3154 4090 3153 4097 3163 4090 3153 4091 3155 4097 3163 4091 3155 4092 3156 4097 3163 4096 3161 4090 3153 4098 3164 4097 3163 4092 3156 4098 3164 4092 3156 4093 3157 4099 3165 4098 3164 4093 3157 4100 3166 4093 3157 4094 3158 4100 3166 4099 3165 4093 3157 4100 3166 4094 3158 4095 3159 4101 3167 4020 3160 4019 3168 4101 3167 4100 3166 4095 3159 4101 3167 4095 3159 4020 3160 4102 3169 4044 3162 4096 3161 4102 3169 4045 3170 4044 3162 4103 3171 4096 3161 4097 3163 4103 3171 4102 3169 4096 3161 4104 3172 4097 3163 4098 3164 4104 3172 4103 3171 4097 3163 4105 3173 4098 3164 4099 3165 4105 3173 4104 3172 4098 3164 4106 3174 4099 3165 4100 3166 4106 3174 4105 3173 4099 3165 4107 3175 4019 3168 4018 3176 4107 3175 4101 3167 4019 3168 4107 3175 4100 3166 4101 3167 4107 3175 4106 3174 4100 3166 4108 3177 4046 3178 4045 3170 4108 3177 4047 3179 4046 3178 4108 3177 4045 3170 4102 3169 4109 3180 4102 3169 4103 3171 4109 3180 4108 3177 4102 3169 4110 3181 4103 3171 4104 3172 4110 3181 4109 3180 4103 3171 4111 3182 4110 3181 4104 3172 4111 3182 4104 3172 4105 3173 4112 3183 4105 3173 4106 3174 4112 3183 4106 3174 4107 3175 4112 3183 4111 3182 4105 3173 4113 3184 4018 3176 4017 3185 4113 3184 4107 3175 4018 3176 4113 3184 4112 3183 4107 3175 4114 3186 4009 3187 4008 3188 4114 3186 4047 3179 4108 3177 4114 3186 4008 3188 4047 3179 4115 3189 4010 3190 4009 3187 4115 3189 4114 3186 4108 3177 4115 3189 4108 3177 4109 3180 4115 3189 4009 3187 4114 3186 4115 3189 4109 3180 4110 3181 4116 3191 4011 3192 4010 3190 4116 3191 4010 3190 4115 3189 4116 3191 4115 3189 4110 3181 4117 3193 4012 3194 4011 3192 4117 3193 4011 3192 4116 3191 4117 3193 4110 3181 4111 3182 4117 3193 4116 3191 4110 3181 4118 3195 4013 3196 4012 3194 4118 3195 4111 3182 4112 3183 4118 3195 4012 3194 4117 3193 4118 3195 4117 3193 4111 3182 4119 3197 4014 3198 4013 3196 4119 3197 4015 3199 4014 3198 4119 3197 4016 3200 4015 3199 4119 3197 4017 3185 4016 3200 4119 3197 4013 3196 4118 3195 4119 3197 4113 3184 4017 3185 4119 3197 4112 3183 4113 3184 4119 3197 4118 3195 4112 3183</p>
        </triangles>
      </mesh>
    </geometry>
    <geometry id="_204_MECA_024_SPEC_stp-mesh" name="0204_MECA_024_SPEC.stp">
      <mesh>
        <source id="_204_MECA_024_SPEC_stp-mesh-positions">
          <float_array id="_204_MECA_024_SPEC_stp-mesh-positions-array" count="8742">0 -0.006099998 0.09224998 0 -0.006599962 0.09174996 0 -0.006599962 0.09824997 -6.85407e-4 -0.006599962 0.09817689 -0.001339972 -0.006599962 0.09796088 -0.001851499 -0.006599962 0.09767097 -0.002251923 -0.006599962 0.09734332 -0.002595245 -0.006599962 0.09695625 -0.002872824 -0.006599962 0.09651958 -0.003077566 -0.006599962 0.09604442 -0.003204286 -0.006599962 0.09554278 -0.003249883 -0.006599962 0.09502738 -0.003213047 -0.006599962 0.09451133 -0.003094732 -0.006599962 0.09400761 -0.002898037 -0.006599962 0.09352904 -0.002627909 -0.006599962 0.09308779 -0.002291142 -0.006599962 0.09269499 -0.001896321 -0.006599962 0.09236061 -0.001453459 -0.006599962 0.09209311 -9.73761e-4 -0.006599962 0.09189927 -4.92569e-4 -0.006599962 0.09178751 0 -0.006099998 0.09775 -6.25702e-4 -0.006099998 0.0976777 -0.001218557 -0.006099998 0.09746515 -0.001747548 -0.006099998 0.0971232 -0.002184748 -0.006099998 0.09666985 -0.002507507 -0.006099998 0.09612894 -0.002698481 -0.006099998 0.09552872 -0.002748191 -0.006099998 0.09490084 -0.002653419 -0.006099998 0.09427815 -0.00241959 -0.006099998 0.09369331 -0.002058863 -0.006099998 0.09317696 -0.001589953 -0.006099998 0.09275645 -0.001037836 -0.006099998 0.09245336 -5.28758e-4 -0.006099998 0.09230148 0 -0.006599962 0.09174996 6.85407e-4 -0.006599962 0.0918231 0.001339972 -0.006599962 0.0920391 0.001851499 -0.006599962 0.09232896 0.002251923 -0.006599962 0.09265667 0.002595245 -0.006599962 0.09304374 0.002872824 -0.006599962 0.09348034 0.003077566 -0.006599962 0.09395551 0.003204286 -0.006599962 0.09445714 0.003249883 -0.006599962 0.09497255 0.003213047 -0.006599962 0.0954886 0.003094732 -0.006599962 0.09599232 0.002898037 -0.006599962 0.09647089 0.002627909 -0.006599962 0.09691214 0.002291142 -0.006599962 0.09730494 0.001896321 -0.006599962 0.09763938 0.001453459 -0.006599962 0.09790682 9.73761e-4 -0.006599962 0.09810066 4.92569e-4 -0.006599962 0.09821242 0 -0.006599962 0.09824997 0 -0.006099998 0.09224998 6.58118e-4 -0.006099998 0.09232991 0.001277983 -0.006099998 0.092565 0.001823544 -0.006099998 0.09294158 0.002263188 -0.006099998 0.09343779 0.002571284 -0.006099998 0.09402483 0.002729892 -0.006099998 0.0946685 0.002729892 -0.006099998 0.09533143 0.002571284 -0.006099998 0.09597516 0.002263188 -0.006099998 0.09656214 0.001823544 -0.006099998 0.09705841 0.001277983 -0.006099998 0.09743499 6.58118e-4 -0.006099998 0.09767007 0 -0.006099998 0.09775 0.01663804 -0.002999961 0.008582532 0.01663804 -0.002999961 0.05941742 0.02535253 -0.002999961 0.05941742 0.02597367 -0.002999961 0.05629992 0.02634793 -0.002999961 0.0531432 0.02647292 -0.002999961 0.04996693 0.02647292 -0.002999961 0.008582532 0 -0.006099998 0.009249985 0 -0.006599962 0.008749961 0 -0.006599962 0.01524996 -6.85407e-4 -0.006599962 0.01517689 -0.001339972 -0.006599962 0.01496088 -0.001851499 -0.006599962 0.01467096 -0.002251923 -0.006599962 0.01434332 -0.002595245 -0.006599962 0.01395624 -0.002872824 -0.006599962 0.01351958 -0.003077566 -0.006599962 0.01304441 -0.003204286 -0.006599962 0.01254278 -0.003249883 -0.006599962 0.01202738 -0.003213047 -0.006599962 0.01151132 -0.003094732 -0.006599962 0.0110076 -0.002898037 -0.006599962 0.01052904 -0.002627909 -0.006599962 0.01008778 -0.002291142 -0.006599962 0.009694993 -0.001896321 -0.006599962 0.009360611 -0.001453459 -0.006599962 0.009093105 -9.73761e-4 -0.006599962 0.008899271 -4.92569e-4 -0.006599962 0.008787512 0 -0.006099998 0.01475 -6.25702e-4 -0.006099998 0.0146777 -0.001218557 -0.006099998 0.01446515 -0.001747548 -0.006099998 0.0141232 -0.002184748 -0.006099998 0.01366984 -0.002507507 -0.006099998 0.01312893 -0.002698481 -0.006099998 0.01252871 -0.002748191 -0.006099998 0.01190084 -0.002653419 -0.006099998 0.01127815 -0.00241959 -0.006099998 0.01069331 -0.002058863 -0.006099998 0.01017695 -0.001589953 -0.006099998 0.009756445 -0.001037836 -0.006099998 0.009453356 -5.28758e-4 -0.006099998 0.009301483 0 -0.006599962 0.008749961 6.85407e-4 -0.006599962 0.008823096 0.001339972 -0.006599962 0.009039044 0.001851499 -0.006599962 0.009328961 0.002251923 -0.006599962 0.009656608 0.002595245 -0.006599962 0.01004374 0.002872824 -0.006599962 0.01048034 0.003077566 -0.006599962 0.01095551 0.003204286 -0.006599962 0.01145714 0.003249883 -0.006599962 0.01197254 0.003213047 -0.006599962 0.0124886 0.003094732 -0.006599962 0.01299232 0.002898037 -0.006599962 0.01347088 0.002627909 -0.006599962 0.01391214 0.002291142 -0.006599962 0.01430493 0.001896321 -0.006599962 0.01463937 0.001453459 -0.006599962 0.01490682 9.73761e-4 -0.006599962 0.01510065 4.92569e-4 -0.006599962 0.01521241 0 -0.006599962 0.01524996 0 -0.006099998 0.009249985 6.58118e-4 -0.006099998 0.009329855 0.001277983 -0.006099998 0.009564995 0.001823544 -0.006099998 0.009941577 0.002263188 -0.006099998 0.01043778 0.002571284 -0.006099998 0.01102483 0.002729892 -0.006099998 0.0116685 0.002729892 -0.006099998 0.01233142 0.002571284 -0.006099998 0.01297515 0.002263188 -0.006099998 0.01356214 0.001823544 -0.006099998 0.01405835 0.001277983 -0.006099998 0.01443499 6.58118e-4 -0.006099998 0.01467007 0 -0.006099998 0.01475 0 -0.000999987 0.09224998 0 -0.006099998 0.09224998 0 -0.006099998 0.09775 -6.25702e-4 -0.006099998 0.0976777 -0.001218557 -0.006099998 0.09746515 -0.001747548 -0.006099998 0.0971232 -0.002184748 -0.006099998 0.09666985 -0.002507507 -0.006099998 0.09612894 -0.002698481 -0.006099998 0.09552872 -0.002748191 -0.006099998 0.09490084 -0.002653419 -0.006099998 0.09427815 -0.00241959 -0.006099998 0.09369331 -0.002058863 -0.006099998 0.09317696 -0.001589953 -0.006099998 0.09275645 -0.001037836 -0.006099998 0.09245336 -5.28758e-4 -0.006099998 0.09230148 0 -0.000999987 0.09775 -6.2962e-4 -0.000999987 0.09767693 -0.001225769 -0.000999987 0.09746164 -0.001683771 -0.000999987 0.09717422 -0.002033352 -0.000999987 0.0968514 -0.002322077 -0.000999987 0.09647315 -0.002541303 -0.000999987 0.09605079 -0.002684354 -0.000999987 0.09559696 -0.002747118 -0.000999987 0.09512525 -0.002727568 -0.000999987 0.09464985 -0.002626419 -0.000999987 0.09418487 -0.002446532 -0.000999987 0.09374433 -0.00219345 -0.000999987 0.09334135 -0.001874685 -0.000999987 0.09298807 -0.001499831 -0.000999987 0.09269499 -0.001079976 -0.000999987 0.09247094 -6.27892e-4 -0.000999987 0.09232264 -3.16117e-4 -0.000999987 0.09226822 0 -0.006099998 0.09224998 6.58118e-4 -0.006099998 0.09232991 0.001277983 -0.006099998 0.092565 0.001823544 -0.006099998 0.09294158 0.002263188 -0.006099998 0.09343779 0.002571284 -0.006099998 0.09402483 0.002729892 -0.006099998 0.0946685 0.002729892 -0.006099998 0.09533143 0.002571284 -0.006099998 0.09597516 0.002263188 -0.006099998 0.09656214 0.001823544 -0.006099998 0.09705841 0.001277983 -0.006099998 0.09743499 6.58118e-4 -0.006099998 0.09767007 0 -0.006099998 0.09775 0 -0.000999987 0.09224998 6.2962e-4 -0.000999987 0.092323 0.001225769 -0.000999987 0.09253829 0.001683771 -0.000999987 0.09282571 0.002033352 -0.000999987 0.09314852 0.002322077 -0.000999987 0.09352678 0.002541303 -0.000999987 0.09394913 0.002684354 -0.000999987 0.09440296 0.002747118 -0.000999987 0.09487468 0.002727568 -0.000999987 0.09535014 0.002626419 -0.000999987 0.09581506 0.002446532 -0.000999987 0.09625566 0.00219345 -0.000999987 0.09665858 0.001874685 -0.000999987 0.09701192 0.001499831 -0.000999987 0.09730494 0.001079976 -0.000999987 0.09752899 6.27892e-4 -0.000999987 0.09767735 3.16117e-4 -0.000999987 0.09773176 0 -0.000999987 0.09775 -0.01663804 -0.002999961 0.05941742 -0.01663804 -0.002999961 0.008582532 -0.02647292 -0.002999961 0.008582532 -0.02647292 -0.002999961 0.04996693 -0.02634793 -0.002999961 0.0531432 -0.02597367 -0.002999961 0.05629992 -0.02535253 -0.002999961 0.05941742 0 -0.006599962 0.1 -0.001230239 -0.006599962 0.09984612 -0.002385497 -0.006599962 0.09939414 -0.003392994 -0.006599962 0.09867244 -0.004192471 -0.006599962 0.09772425 -0.004734218 -0.006599962 0.09660834 -0.004984319 -0.006599962 0.09539461 -0.004927992 -0.006599962 0.09415537 -0.004568636 -0.006599962 0.09296846 -0.003928482 -0.006599962 0.09190714 -0.003046035 -0.006599962 0.09103506 -0.001977086 -0.006599962 0.09040749 -0.001009583 -0.006599962 0.09010297 0 -0.006599962 0.08999997 0.001196563 -0.006599962 0.09014528 0.002323567 -0.006599962 0.09057271 0.003315567 -0.006599962 0.09125745 0.004114866 -0.006599962 0.09215962 0.00467503 -0.006599962 0.09322696 0.004963517 -0.006599962 0.0943973 0.004963517 -0.006599962 0.09560269 0.00467503 -0.006599962 0.09677302 0.004114866 -0.006599962 0.0978403 0.003315567 -0.006599962 0.09874254 0.002323567 -0.006599962 0.09942728 0.001196563 -0.006599962 0.0998547 0 -0.006599962 0.09824997 -6.85407e-4 -0.006599962 0.09817689 -0.001339972 -0.006599962 0.09796088 -0.001851499 -0.006599962 0.09767097 -0.002251923 -0.006599962 0.09734332 -0.002595245 -0.006599962 0.09695625 -0.002872824 -0.006599962 0.09651958 -0.003077566 -0.006599962 0.09604442 -0.003204286 -0.006599962 0.09554278 -0.003249883 -0.006599962 0.09502738 -0.003213047 -0.006599962 0.09451133 -0.003094732 -0.006599962 0.09400761 -0.002898037 -0.006599962 0.09352904 -0.002627909 -0.006599962 0.09308779 -0.002291142 -0.006599962 0.09269499 -0.001896321 -0.006599962 0.09236061 -0.001453459 -0.006599962 0.09209311 -9.73761e-4 -0.006599962 0.09189927 -4.92569e-4 -0.006599962 0.09178751 0 -0.006599962 0.09174996 6.85407e-4 -0.006599962 0.0918231 0.001339972 -0.006599962 0.0920391 0.001851499 -0.006599962 0.09232896 0.002251923 -0.006599962 0.09265667 0.002595245 -0.006599962 0.09304374 0.002872824 -0.006599962 0.09348034 0.003077566 -0.006599962 0.09395551 0.003204286 -0.006599962 0.09445714 0.003249883 -0.006599962 0.09497255 0.003213047 -0.006599962 0.0954886 0.003094732 -0.006599962 0.09599232 0.002898037 -0.006599962 0.09647089 0.002627909 -0.006599962 0.09691214 0.002291142 -0.006599962 0.09730494 0.001896321 -0.006599962 0.09763938 0.001453459 -0.006599962 0.09790682 9.73761e-4 -0.006599962 0.09810066 4.92569e-4 -0.006599962 0.09821242 0 -0.006599962 0.01699995 -0.001230239 -0.006599962 0.01684612 -0.002385497 -0.006599962 0.01639413 -0.003392994 -0.006599962 0.01567244 -0.004192471 -0.006599962 0.01472425 -0.004734218 -0.006599962 0.01360833 -0.004984319 -0.006599962 0.0123946 -0.004927992 -0.006599962 0.01115536 -0.004568636 -0.006599962 0.009968459 -0.003928482 -0.006599962 0.008907139 -0.003046035 -0.006599962 0.008035063 -0.001977086 -0.006599962 0.007407486 -0.001009583 -0.006599962 0.007102966 0 -0.006599962 0.006999969 0.001196563 -0.006599962 0.007145285 0.002323567 -0.006599962 0.00757271 0.003315567 -0.006599962 0.008257389 0.004114866 -0.006599962 0.009159624 0.00467503 -0.006599962 0.01022696 0.004963517 -0.006599962 0.0113973 0.004963517 -0.006599962 0.01260268 0.00467503 -0.006599962 0.01377302 0.004114866 -0.006599962 0.0148403 0.003315567 -0.006599962 0.01574254 0.002323567 -0.006599962 0.01642727 0.001196563 -0.006599962 0.0168547 0 -0.006599962 0.01524996 -6.85407e-4 -0.006599962 0.01517689 -0.001339972 -0.006599962 0.01496088 -0.001851499 -0.006599962 0.01467096 -0.002251923 -0.006599962 0.01434332 -0.002595245 -0.006599962 0.01395624 -0.002872824 -0.006599962 0.01351958 -0.003077566 -0.006599962 0.01304441 -0.003204286 -0.006599962 0.01254278 -0.003249883 -0.006599962 0.01202738 -0.003213047 -0.006599962 0.01151132 -0.003094732 -0.006599962 0.0110076 -0.002898037 -0.006599962 0.01052904 -0.002627909 -0.006599962 0.01008778 -0.002291142 -0.006599962 0.009694993 -0.001896321 -0.006599962 0.009360611 -0.001453459 -0.006599962 0.009093105 -9.73761e-4 -0.006599962 0.008899271 -4.92569e-4 -0.006599962 0.008787512 0 -0.006599962 0.008749961 6.85407e-4 -0.006599962 0.008823096 0.001339972 -0.006599962 0.009039044 0.001851499 -0.006599962 0.009328961 0.002251923 -0.006599962 0.009656608 0.002595245 -0.006599962 0.01004374 0.002872824 -0.006599962 0.01048034 0.003077566 -0.006599962 0.01095551 0.003204286 -0.006599962 0.01145714 0.003249883 -0.006599962 0.01197254 0.003213047 -0.006599962 0.0124886 0.003094732 -0.006599962 0.01299232 0.002898037 -0.006599962 0.01347088 0.002627909 -0.006599962 0.01391214 0.002291142 -0.006599962 0.01430493 0.001896321 -0.006599962 0.01463937 0.001453459 -0.006599962 0.01490682 9.73761e-4 -0.006599962 0.01510065 4.92569e-4 -0.006599962 0.01521241 -0.01529997 -0.003999948 0.09694999 -0.01559913 -0.003999948 0.09691363 -0.01588088 -0.003999948 0.09680682 -0.01612889 -0.003999948 0.09663563 -0.01632869 -0.003999948 0.09641003 -0.01646876 -0.003999948 0.09614324 -0.01654088 -0.003999948 0.09585064 -0.01654088 -0.003999948 0.09554928 -0.01646876 -0.003999948 0.09525674 -0.01632869 -0.003999948 0.09498989 -0.01612889 -0.003999948 0.09476435 -0.01588088 -0.003999948 0.09459316 -0.01559913 -0.003999948 0.09448629 -0.01529997 -0.003999948 0.09444999 -0.01529997 -0.00324887 0.09569996 -0.01529997 -0.00324887 0.09569996 -0.01548075 -0.003499269 0.09607535 -0.01562571 -0.003499269 0.09595978 -0.01566153 -0.003749608 0.0964508 -0.01570618 -0.003499269 0.09579271 -0.01595151 -0.003749608 0.09621953 -0.01570618 -0.003499269 0.09560728 -0.01611238 -0.003749608 0.09588539 -0.01562571 -0.003499269 0.0954402 -0.01611238 -0.003749608 0.09551453 -0.01548075 -0.003499269 0.09532457 -0.01595151 -0.003749608 0.09518039 -0.01566153 -0.003749608 0.09494918 -0.01529997 -0.003999948 0.09444999 -0.01500082 -0.003999948 0.09448629 -0.01471906 -0.003999948 0.09459316 -0.01447105 -0.003999948 0.09476435 -0.01427125 -0.003999948 0.09498989 -0.01413118 -0.003999948 0.09525674 -0.01405906 -0.003999948 0.09554928 -0.01405906 -0.003999948 0.09585064 -0.01413118 -0.003999948 0.09614324 -0.01427125 -0.003999948 0.09641003 -0.01447105 -0.003999948 0.09663563 -0.01471906 -0.003999948 0.09680682 -0.01500082 -0.003999948 0.09691363 -0.01529997 -0.003999948 0.09694999 -0.01529997 -0.00324887 0.09569996 -0.01529997 -0.00324887 0.09569996 -0.01497423 -0.003499269 0.0954402 -0.01511919 -0.003499269 0.09532457 -0.01493841 -0.003749608 0.09494918 -0.01489377 -0.003499269 0.09560728 -0.01464843 -0.003749608 0.09518039 -0.01489377 -0.003499269 0.09579271 -0.01448756 -0.003749608 0.09551453 -0.01497423 -0.003499269 0.09595978 -0.01448756 -0.003749608 0.09588539 -0.01511919 -0.003499269 0.09607535 -0.01464843 -0.003749608 0.09621953 -0.01493841 -0.003749608 0.0964508 0.02359998 -0.003999948 0.07444995 0.02330082 -0.003999948 0.07441365 0.02301907 -0.003999948 0.07430678 0.02277106 -0.003999948 0.0741356 0.02257126 -0.003999948 0.07391005 0.02243119 -0.003999948 0.07364326 0.02235907 -0.003999948 0.07335066 0.02235907 -0.003999948 0.0730493 0.02243119 -0.003999948 0.0727567 0.02257126 -0.003999948 0.07248991 0.02277106 -0.003999948 0.07226431 0.02301907 -0.003999948 0.07209318 0.02330082 -0.003999948 0.07198631 0.02359998 -0.003999948 0.07194995 0.02359998 -0.00324887 0.07319998 0.02359998 -0.00324887 0.07319998 0.0234192 -0.003499269 0.07357537 0.02327424 -0.003499269 0.07345974 0.02323842 -0.003749608 0.07395076 0.02319377 -0.003499269 0.07329267 0.02294844 -0.003749608 0.07371956 0.02319377 -0.003499269 0.07310724 0.02278751 -0.003749608 0.07338541 0.02327424 -0.003499269 0.07294017 0.02278751 -0.003749608 0.07301455 0.0234192 -0.003499269 0.07282459 0.02294844 -0.003749608 0.07268041 0.02323842 -0.003749608 0.07244914 0.02359998 -0.003999948 0.07194995 0.02389913 -0.003999948 0.07198631 0.02418088 -0.003999948 0.07209318 0.0244289 -0.003999948 0.07226431 0.02462869 -0.003999948 0.07248991 0.02476876 -0.003999948 0.0727567 0.02484089 -0.003999948 0.0730493 0.02484089 -0.003999948 0.07335066 0.02476876 -0.003999948 0.07364326 0.02462869 -0.003999948 0.07391005 0.0244289 -0.003999948 0.0741356 0.02418088 -0.003999948 0.07430678 0.02389913 -0.003999948 0.07441365 0.02359998 -0.003999948 0.07444995 0.02359998 -0.00324887 0.07319998 0.02359998 -0.00324887 0.07319998 0.02392572 -0.003499269 0.07294017 0.02378076 -0.003499269 0.07282459 0.02396154 -0.003749608 0.07244914 0.02400618 -0.003499269 0.07310724 0.02425152 -0.003749608 0.07268041 0.02400618 -0.003499269 0.07329267 0.02441239 -0.003749608 0.07301455 0.02392572 -0.003499269 0.07345974 0.02441239 -0.003749608 0.07338541 0.02378076 -0.003499269 0.07357537 0.02425152 -0.003749608 0.07371956 0.02396154 -0.003749608 0.07395076 0.0284 -0.003999948 0.03424996 0.02810084 -0.003999948 0.03421366 0.02781909 -0.003999948 0.03410679 0.02757108 -0.003999948 0.0339356 0.02737122 -0.003999948 0.03371006 0.02723121 -0.003999948 0.03344321 0.02715909 -0.003999948 0.03315067 0.02715909 -0.003999948 0.03284931 0.02723121 -0.003999948 0.03255671 0.02737122 -0.003999948 0.03228992 0.02757108 -0.003999948 0.03206431 0.02781909 -0.003999948 0.03189313 0.02810084 -0.003999948 0.03178632 0.0284 -0.003999948 0.03174996 0.0284 -0.00324887 0.03299999 0.0284 -0.00324887 0.03299999 0.02821916 -0.003499269 0.03337538 0.0280742 -0.003499269 0.03325974 0.02803838 -0.003749608 0.03375077 0.02799373 -0.003499269 0.03309267 0.02774846 -0.003749608 0.03351956 0.02799373 -0.003499269 0.03290724 0.02758753 -0.003749608 0.03318542 0.0280742 -0.003499269 0.03274017 0.02758753 -0.003749608 0.03281456 0.02821916 -0.003499269 0.0326246 0.02774846 -0.003749608 0.03248041 0.02803838 -0.003749608 0.03224915 0.0284 -0.003999948 0.03174996 0.0286991 -0.003999948 0.03178632 0.02898085 -0.003999948 0.03189313 0.02922886 -0.003999948 0.03206431 0.02942872 -0.003999948 0.03228992 0.02956873 -0.003999948 0.03255671 0.02964085 -0.003999948 0.03284931 0.02964085 -0.003999948 0.03315067 0.02956873 -0.003999948 0.03344321 0.02942872 -0.003999948 0.03371006 0.02922886 -0.003999948 0.0339356 0.02898085 -0.003999948 0.03410679 0.0286991 -0.003999948 0.03421366 0.0284 -0.003999948 0.03424996 0.0284 -0.00324887 0.03299999 0.0284 -0.00324887 0.03299999 0.02858078 -0.003499269 0.0326246 0.02872574 -0.003499269 0.03274017 0.02876156 -0.003749608 0.03224915 0.0288062 -0.003499269 0.03290724 0.02905148 -0.003749608 0.03248041 0.0288062 -0.003499269 0.03309267 0.02921241 -0.003749608 0.03281456 0.02872574 -0.003499269 0.03325974 0.02921241 -0.003749608 0.03318542 0.02858078 -0.003499269 0.03337538 0.02905148 -0.003749608 0.03351956 0.02876156 -0.003749608 0.03375077 -0.02109998 -0.003999948 0.02724999 -0.02139914 -0.003999948 0.02721363 -0.02168089 -0.003999948 0.02710682 -0.0219289 -0.003999948 0.02693563 -0.0221287 -0.003999948 0.02671003 -0.02226877 -0.003999948 0.02644324 -0.02234083 -0.003999948 0.02615064 -0.02234083 -0.003999948 0.02584928 -0.02226877 -0.003999948 0.02555674 -0.0221287 -0.003999948 0.02528989 -0.0219289 -0.003999948 0.02506434 -0.02168089 -0.003999948 0.02489316 -0.02139914 -0.003999948 0.02478629 -0.02109998 -0.003999948 0.02474999 -0.02109998 -0.00324887 0.02599996 -0.02109998 -0.00324887 0.02599996 -0.02128076 -0.003499269 0.02637535 -0.02142572 -0.003499269 0.02625977 -0.02146154 -0.003749608 0.0267508 -0.02150619 -0.003499269 0.0260927 -0.02175152 -0.003749608 0.02651953 -0.02150619 -0.003499269 0.02590727 -0.02191239 -0.003749608 0.02618539 -0.02142572 -0.003499269 0.0257402 -0.02191239 -0.003749608 0.02581453 -0.02128076 -0.003499269 0.02562457 -0.02175152 -0.003749608 0.02548038 -0.02146154 -0.003749608 0.02524918 -0.02109998 -0.003999948 0.02474999 -0.02080082 -0.003999948 0.02478629 -0.02051907 -0.003999948 0.02489316 -0.02027106 -0.003999948 0.02506434 -0.02007126 -0.003999948 0.02528989 -0.01993119 -0.003999948 0.02555674 -0.01985907 -0.003999948 0.02584928 -0.01985907 -0.003999948 0.02615064 -0.01993119 -0.003999948 0.02644324 -0.02007126 -0.003999948 0.02671003 -0.02027106 -0.003999948 0.02693563 -0.02051907 -0.003999948 0.02710682 -0.02080082 -0.003999948 0.02721363 -0.02109998 -0.003999948 0.02724999 -0.02109998 -0.00324887 0.02599996 -0.02109998 -0.00324887 0.02599996 -0.02077418 -0.003499269 0.0257402 -0.0209192 -0.003499269 0.02562457 -0.02073842 -0.003749608 0.02524918 -0.02069377 -0.003499269 0.02590727 -0.02044844 -0.003749608 0.02548038 -0.02069377 -0.003499269 0.0260927 -0.02028751 -0.003749608 0.02581453 -0.02077418 -0.003499269 0.02625977 -0.02028751 -0.003749608 0.02618539 -0.0209192 -0.003499269 0.02637535 -0.02044844 -0.003749608 0.02651953 -0.02073842 -0.003749608 0.0267508 -0.00575 -0.000999987 0.1299999 -0.007749974 -0.000999987 0.1276906 -0.00575 -0.01049995 0.1299999 -0.007749974 -0.01049995 0.1276906 0.007749974 -0.000999987 0.1276906 0.00575 -0.000999987 0.1299999 0.007749974 -0.01049995 0.1276906 0.00575 -0.01049995 0.1299999 -0.02699995 -0.005999982 0.007999956 -0.02708715 -0.00671792 0.007999956 -0.02734363 -0.007394134 0.007999956 -0.02775442 -0.007989346 0.007999956 -0.02829575 -0.008468925 0.007999956 -0.02893614 -0.008805036 0.007999956 -0.02963835 -0.008978068 0.007999956 -0.03036159 -0.008978068 0.007999956 -0.03106379 -0.008805036 0.007999956 -0.03170418 -0.008468925 0.007999956 -0.03224551 -0.007989346 0.007999956 -0.03265637 -0.007394134 0.007999956 -0.03291279 -0.00671792 0.007999956 -0.03299999 -0.005999982 0.007999956 -0.02999997 -0.005999982 0.009802579 -0.02999997 -0.005999982 0.009802579 -0.02909898 -0.006433844 0.009201705 -0.0293765 -0.006781816 0.009201705 -0.02819806 -0.006867766 0.008600831 -0.02977746 -0.006974875 0.009201705 -0.02875298 -0.00756365 0.008600831 -0.03022247 -0.006974875 0.009201705 -0.02955496 -0.007949829 0.008600831 -0.03062349 -0.006781816 0.009201705 -0.03044503 -0.007949829 0.008600831 -0.03090095 -0.006433844 0.009201705 -0.03124696 -0.00756365 0.008600831 -0.03180193 -0.006867766 0.008600831 -0.03299999 -0.005999982 0.007999956 -0.03291279 -0.005282044 0.007999956 -0.03265637 -0.004605829 0.007999956 -0.03224551 -0.004010617 0.007999956 -0.03170418 -0.003531038 0.007999956 -0.03106379 -0.003194928 0.007999956 -0.03036159 -0.003021836 0.007999956 -0.02963835 -0.003021836 0.007999956 -0.02893614 -0.003194928 0.007999956 -0.02829575 -0.003531038 0.007999956 -0.02775442 -0.004010617 0.007999956 -0.02734363 -0.004605829 0.007999956 -0.02708715 -0.005282044 0.007999956 -0.02699995 -0.005999982 0.007999956 -0.02999997 -0.005999982 0.009802579 -0.02999997 -0.005999982 0.009802579 -0.03062349 -0.005218148 0.009201705 -0.03090095 -0.00556606 0.009201705 -0.03180193 -0.005132198 0.008600831 -0.03022247 -0.005025029 0.009201705 -0.03124696 -0.004436314 0.008600831 -0.02977746 -0.005025029 0.009201705 -0.03044503 -0.004050135 0.008600831 -0.0293765 -0.005218148 0.009201705 -0.02955496 -0.004050135 0.008600831 -0.02909898 -0.00556606 0.009201705 -0.02875298 -0.004436314 0.008600831 -0.02819806 -0.005132198 0.008600831 0.03299999 -0.005999982 0.007999956 0.03291279 -0.00671792 0.007999956 0.03265637 -0.007394134 0.007999956 0.03224551 -0.007989346 0.007999956 0.03170418 -0.008468925 0.007999956 0.03106379 -0.008805036 0.007999956 0.03036159 -0.008978068 0.007999956 0.02963835 -0.008978068 0.007999956 0.02893614 -0.008805036 0.007999956 0.02829575 -0.008468925 0.007999956 0.02775442 -0.007989346 0.007999956 0.02734363 -0.007394134 0.007999956 0.02708715 -0.00671792 0.007999956 0.02699995 -0.005999982 0.007999956 0.02999997 -0.005999982 0.009802579 0.02999997 -0.005999982 0.009802579 0.03090095 -0.006433844 0.009201705 0.03062349 -0.006781816 0.009201705 0.03180193 -0.006867766 0.008600831 0.03022247 -0.006974875 0.009201705 0.03124696 -0.00756365 0.008600831 0.02977746 -0.006974875 0.009201705 0.03044503 -0.007949829 0.008600831 0.0293765 -0.006781816 0.009201705 0.02955496 -0.007949829 0.008600831 0.02909898 -0.006433844 0.009201705 0.02875298 -0.00756365 0.008600831 0.02819806 -0.006867766 0.008600831 0.02699995 -0.005999982 0.007999956 0.02708715 -0.005282044 0.007999956 0.02734363 -0.004605829 0.007999956 0.02775442 -0.004010617 0.007999956 0.02829575 -0.003531038 0.007999956 0.02893614 -0.003194928 0.007999956 0.02963835 -0.003021836 0.007999956 0.03036159 -0.003021836 0.007999956 0.03106379 -0.003194928 0.007999956 0.03170418 -0.003531038 0.007999956 0.03224551 -0.004010617 0.007999956 0.03265637 -0.004605829 0.007999956 0.03291279 -0.005282044 0.007999956 0.03299999 -0.005999982 0.007999956 0.02999997 -0.005999982 0.009802579 0.02999997 -0.005999982 0.009802579 0.0293765 -0.005218148 0.009201705 0.02909898 -0.00556606 0.009201705 0.02819806 -0.005132198 0.008600831 0.02977746 -0.005025029 0.009201705 0.02875298 -0.004436314 0.008600831 0.03022247 -0.005025029 0.009201705 0.02955496 -0.004050135 0.008600831 0.03062349 -0.005218148 0.009201705 0.03044503 -0.004050135 0.008600831 0.03090095 -0.00556606 0.009201705 0.03124696 -0.004436314 0.008600831 0.03180193 -0.005132198 0.008600831 -0.01489996 -0.005999982 0.00999999 -0.014961 -0.006502509 0.00999999 -0.01514053 -0.006975889 0.00999999 -0.01542812 -0.007392525 0.00999999 -0.01580703 -0.007728219 0.00999999 -0.01625531 -0.007963478 0.00999999 -0.01674687 -0.008084654 0.00999999 -0.0172531 -0.008084654 0.00999999 -0.01774466 -0.007963478 0.00999999 -0.01819288 -0.007728219 0.00999999 -0.01857185 -0.007392525 0.00999999 -0.01885944 -0.006975889 0.00999999 -0.01903897 -0.006502509 0.00999999 -0.01909995 -0.005999982 0.00999999 -0.01699995 -0.005999982 0.01126176 -0.01699995 -0.005999982 0.01126176 -0.01636928 -0.006303668 0.01084119 -0.01656353 -0.006547272 0.01084119 -0.0157386 -0.006607413 0.01042056 -0.01684421 -0.006682395 0.01084119 -0.0161271 -0.007094562 0.01042056 -0.01715576 -0.006682395 0.01084119 -0.01668846 -0.007364869 0.01042056 -0.01743644 -0.006547272 0.01084119 -0.01731151 -0.007364869 0.01042056 -0.01763063 -0.006303668 0.01084119 -0.01787286 -0.007094562 0.01042056 -0.01826131 -0.006607413 0.01042056 -0.01909995 -0.005999982 0.00999999 -0.01903897 -0.005497395 0.00999999 -0.01885944 -0.005024075 0.00999999 -0.01857185 -0.004607439 0.00999999 -0.01819288 -0.004271686 0.00999999 -0.01774466 -0.004036426 0.00999999 -0.0172531 -0.003915309 0.00999999 -0.01674687 -0.003915309 0.00999999 -0.01625531 -0.004036426 0.00999999 -0.01580703 -0.004271686 0.00999999 -0.01542812 -0.004607439 0.00999999 -0.01514053 -0.005024075 0.00999999 -0.014961 -0.005497395 0.00999999 -0.01489996 -0.005999982 0.00999999 -0.01699995 -0.005999982 0.01126176 -0.01699995 -0.005999982 0.01126176 -0.01743644 -0.005452692 0.01084119 -0.01763063 -0.005696237 0.01084119 -0.01826131 -0.005392551 0.01042056 -0.01715576 -0.005317509 0.01084119 -0.01787286 -0.004905402 0.01042056 -0.01684421 -0.005317509 0.01084119 -0.01731151 -0.004635095 0.01042056 -0.01656353 -0.005452692 0.01084119 -0.01668846 -0.004635095 0.01042056 -0.01636928 -0.005696237 0.01084119 -0.0161271 -0.004905402 0.01042056 -0.0157386 -0.005392551 0.01042056 0.03105551 0 0.006999969 0.03105551 0 0.04996693 0.03047329 -9.99487e-4 0.04996693 0.02967703 -0.001838445 0.04996693 0.02870929 -0.002471983 0.04996693 0.0276218 -0.002866208 0.04996693 0.02647292 -0.002999961 0.04996693 0.02647292 -0.002999961 0.008582532 0.02790194 -0.002791404 0.008089065 0.02719366 -0.002947747 0.008333981 0.02921164 -0.002183198 0.007636725 0.02857834 -0.002535104 0.007855415 0.03029286 -0.001226067 0.007263362 0.029787 -0.001743793 0.007438063 0.03071874 -6.40482e-4 0.007116258 0.02647292 -0.002999961 0.008582532 0.02647292 -0.002999961 0.008582532 0.02790194 -0.002791404 0.008089065 0.02719366 -0.002947747 0.008333981 0.02921164 -0.002183198 0.007636725 0.02857834 -0.002535104 0.007855415 0.03029286 -0.001226067 0.007263362 0.029787 -0.001743793 0.007438063 0.03105551 0 0.006999969 0.03071874 -6.40482e-4 0.007116258 0.0309832 0 0.006346106 0.03077042 0 0.005723714 0.03042691 0 0.005162715 0.02996951 0 0.004689991 0.02941995 0 0.00432831 0.02880489 0 0.004095256 0.0284332 0 0.004023969 0.02805548 0 0.003999948 0.02779215 -0.001226067 0.004762589 0.0279392 -6.40498e-4 0.004336714 0.02741873 -0.002183198 0.005843877 0.02761739 -0.001743853 0.005268514 0.02696645 -0.002791404 0.007153511 0.02720022 -0.002534806 0.006476461 0.02676326 -0.002928614 0.007740676 0.02900433 -6.77571e-4 0.004562795 0.02989625 -6.8985e-4 0.005159258 0.02873772 -0.001280665 0.004987359 0.03049266 -6.77571e-4 0.006051123 0.02952998 -0.001298785 0.005525469 0.03006809 -0.001280665 0.006317734 0.02806043 -0.002226889 0.00604099 0.02861565 -0.002241432 0.006439805 0.02901446 -0.002226889 0.006995022 0.02728188 -0.002804696 0.007270991 0.02756744 -0.002809107 0.007488012 0.02778446 -0.002804696 0.007773578 0.0268796 -0.002950966 0.007922053 0.0271334 -0.002950966 0.00817579 0.02647292 -0.002999961 0.008582532 0.01663804 -0.002999961 0.008582532 0.0162127 -0.002845883 0.007350862 0.01581358 -0.002393126 0.006195127 0.01546525 -0.001669585 0.005186557 0.01523053 -8.96239e-4 0.004506886 0.01505547 0 0.003999948 0.02805548 0 0.003999948 0.02779215 -0.001226067 0.004762589 0.0279392 -6.40498e-4 0.004336714 0.02741873 -0.002183198 0.005843877 0.02761739 -0.001743853 0.005268514 0.02696645 -0.002791404 0.007153511 0.02720022 -0.002534806 0.006476461 0.02676326 -0.002928614 0.007740676 0.01663804 -0.002999961 0.008582532 0.01663804 -0.002999961 0.008582532 0.0162127 -0.002845883 0.007350862 0.01581358 -0.002393126 0.006195127 0.01546525 -0.001669585 0.005186557 0.01523053 -8.96239e-4 0.004506886 0.01505547 0 0.003999948 0.01205551 0 0.006999969 0.01212751 0 0.006347417 0.01233941 0 0.005726277 0.01268154 0 0.005166053 0.01313567 0 0.0046947 0.01368194 0 0.004333019 0.01429539 0 0.004097819 0.0146721 0 0.004024565 0.01281809 -0.001226067 0.007263362 0.01239222 -6.40498e-4 0.007116258 0.01389938 -0.002183198 0.007636725 0.01332402 -0.001743853 0.007438063 0.01520901 -0.002791404 0.008089065 0.01453197 -0.002534806 0.007855236 0.01579618 -0.002928614 0.008292198 0.0126183 -6.77571e-4 0.006051123 0.01321476 -6.8985e-4 0.005159258 0.01304286 -0.001280665 0.006317734 0.01410663 -6.77571e-4 0.004562795 0.01358097 -0.001298785 0.005525469 0.0143733 -0.001280665 0.004987359 0.01409649 -0.002226889 0.006995022 0.01449531 -0.002241432 0.006439805 0.01505053 -0.002226889 0.00604099 0.01532655 -0.002804696 0.007773578 0.01554352 -0.002809107 0.007488012 0.01582908 -0.002804696 0.007270991 0.01597756 -0.002950966 0.008175849 0.01623129 -0.002950966 0.007922053 0.01663804 -0.002999961 0.008582532 0.01663804 -0.002999961 0.05941742 0.01540637 -0.002845883 0.05984276 0.01425063 -0.002393126 0.06024187 0.01324206 -0.001669585 0.0605902 0.01256239 -8.96239e-4 0.06082493 0.01205551 0 0.06099998 0.01205551 0 0.006999969 0.01281809 -0.001226067 0.007263362 0.01239222 -6.40498e-4 0.007116258 0.01389938 -0.002183198 0.007636725 0.01332402 -0.001743853 0.007438063 0.01520901 -0.002791404 0.008089065 0.01453197 -0.002534806 0.007855236 0.01579618 -0.002928614 0.008292198 0.01663804 -0.002999961 0.05941742 0.01663804 -0.002999961 0.05941742 0.01540637 -0.002845883 0.05984276 0.01425063 -0.002393126 0.06024187 0.01324206 -0.001669585 0.0605902 0.01256239 -8.96239e-4 0.06082493 0.01205551 0 0.06099998 0.01505547 0 0.06400001 0.01440298 0 0.06392794 0.01378178 0 0.06371605 0.01322156 0 0.06337392 0.01275026 0 0.06291979 0.01238852 0 0.06237351 0.01215338 0 0.06176006 0.01208007 0 0.06138336 0.01531887 -0.001226067 0.06323736 0.01517176 -6.40498e-4 0.06366324 0.01569229 -0.002183198 0.06215608 0.01549357 -0.001743853 0.06273144 0.01614457 -0.002791404 0.06084644 0.01591074 -0.002534806 0.06152349 0.0163477 -0.002928614 0.06025928 0.01410663 -6.77571e-4 0.06343716 0.01321476 -6.8985e-4 0.0628407 0.0143733 -0.001280665 0.06301259 0.0126183 -6.77571e-4 0.06194883 0.01358097 -0.001298785 0.06247448 0.01304286 -0.001280665 0.06168216 0.01505053 -0.002226889 0.06195896 0.01449531 -0.002241432 0.06156015 0.01409649 -0.002226889 0.06100493 0.01582908 -0.002804696 0.0607289 0.01554352 -0.002809107 0.06051194 0.01532655 -0.002804696 0.06022638 0.01623135 -0.002950966 0.0600779 0.01597756 -0.002950966 0.05982416 0.02658045 0 0.06400001 0.01505547 0 0.06400001 0.01531887 -0.001226067 0.06323736 0.01517176 -6.40498e-4 0.06366324 0.01569229 -0.002183198 0.06215608 0.01549357 -0.001743853 0.06273144 0.01614457 -0.002791404 0.06084644 0.01591074 -0.002534806 0.06152349 0.01663804 -0.002999961 0.05941742 0.0163477 -0.002928614 0.06025928 0.02535253 -0.002999961 0.05941742 0.02573543 -0.002791404 0.06084644 0.02557748 -0.002928793 0.06025797 0.02608633 -0.002183198 0.06215608 0.02591669 -0.002535104 0.0615229 0.02637606 -0.001226067 0.0632373 0.02624052 -0.001743793 0.0627315 0.02649015 -6.40521e-4 0.06366318 0.02658045 0 0.06400001 0.02722197 0 0.06393045 0.02783405 0 0.06372505 0.0283882 0 0.06339466 0.02885776 0 0.06295228 0.02922296 0 0.06241989 0.02936732 0 0.06211125 0.02947509 0 0.06178808 0.028934 -0.001027941 0.06147688 0.0282008 -0.001872658 0.0610553 0.02731925 -0.002499043 0.06054836 0.02635812 -0.002874433 0.05999565 0.02535253 -0.002999961 0.05941742 0.02535253 -0.002999961 0.05941742 0.02573543 -0.002791404 0.06084644 0.02557748 -0.002928793 0.06025797 0.02608633 -0.002183198 0.06215608 0.02591669 -0.002535104 0.0615229 0.02637606 -0.001226067 0.0632373 0.02624052 -0.001743793 0.0627315 0.02649015 -6.40521e-4 0.06366318 0.02816718 -6.80406e-4 0.06308233 0.02751672 -0.001802623 0.06224066 0.02732366 -0.002029359 0.06199121 0.02670335 -0.002566695 0.06118255 0.02626132 -0.002807557 0.06060659 0.02829533 -0.001447379 0.06200438 0.02591806 -0.002951741 0.05990952 0.02568268 -0.00295037 0.06009584 0.03105551 0 0.04996693 0.03087896 0 0.05394887 0.0303508 0 0.05789959 0.02947509 0 0.06178808 0.028934 -0.001027941 0.06147688 0.0282008 -0.001872658 0.0610553 0.02731925 -0.002499043 0.06054836 0.02635812 -0.002874433 0.05999565 0.02535253 -0.002999961 0.05941742 0.02597367 -0.002999961 0.05629992 0.02634793 -0.002999961 0.0531432 0.02647292 -0.002999961 0.04996693 0.03047329 -9.99487e-4 0.04996693 0.02967703 -0.001838445 0.04996693 0.02870929 -0.002471983 0.04996693 0.0276218 -0.002866208 0.04996693 0.0303359 -9.99487e-4 0.05345761 0.02954208 -0.001838445 0.05339503 0.02857732 -0.002471983 0.05331897 0.02992463 -9.99487e-4 0.05692672 0.02749329 -0.002866208 0.0532335 0.0297777 -9.99487e-4 0.05779695 0.0291382 -0.001838445 0.05680197 0.0289939 -0.001838445 0.05765658 0.02818238 -0.002471983 0.05665034 0.0280413 -0.002471983 0.05748599 0.02924197 -9.99487e-4 0.0603528 0.02710843 -0.002866208 0.05647993 0.02908116 -9.99487e-4 0.06100016 0.02697092 -0.002866208 0.0572943 0.02846777 -0.001838445 0.06016659 0.02830982 -0.001838445 0.0608024 0.02752685 -0.002471983 0.05994033 0.02737241 -0.002471983 0.06056201 0.02646958 -0.002866208 0.05968606 0.03218483 -0.01049995 0.06925636 0.03218483 0 0.06925636 0.03386574 -0.01049995 0.06460183 0.03507828 -0.01049995 0.0598039 0.03581058 -0.01049995 0.05490958 0.0360555 -0.01049995 0.04996693 0.0360555 0 0.04996693 0.03400021 0 0.06415498 0.03525334 0 0.05888718 0.03585451 0 0.05444502 0.007749974 -0.01049995 0.1276906 0.007749974 -0.000999987 0.1276906 0.03218483 -0.01049995 0.06925636 0.03218483 0 0.06925636 0.007799983 0 0.127571 0.007799983 -0.000999987 0.127571 0 -0.000999987 0.009249985 0 -0.006099998 0.009249985 0 -0.006099998 0.01475 -6.25702e-4 -0.006099998 0.0146777 -0.001218557 -0.006099998 0.01446515 -0.001747548 -0.006099998 0.0141232 -0.002184748 -0.006099998 0.01366984 -0.002507507 -0.006099998 0.01312893 -0.002698481 -0.006099998 0.01252871 -0.002748191 -0.006099998 0.01190084 -0.002653419 -0.006099998 0.01127815 -0.00241959 -0.006099998 0.01069331 -0.002058863 -0.006099998 0.01017695 -0.001589953 -0.006099998 0.009756445 -0.001037836 -0.006099998 0.009453356 -5.28758e-4 -0.006099998 0.009301483 0 -0.000999987 0.01475 -6.2962e-4 -0.000999987 0.01467692 -0.001225769 -0.000999987 0.01446163 -0.001683771 -0.000999987 0.01417422 -0.002033352 -0.000999987 0.0138514 -0.002322077 -0.000999987 0.01347315 -0.002541303 -0.000999987 0.01305079 -0.002684354 -0.000999987 0.01259696 -0.002747118 -0.000999987 0.01212525 -0.002727568 -0.000999987 0.01164984 -0.002626419 -0.000999987 0.01118487 -0.002446532 -0.000999987 0.01074433 -0.00219345 -0.000999987 0.01034134 -0.001874685 -0.000999987 0.009988069 -0.001499831 -0.000999987 0.009694993 -0.001079976 -0.000999987 0.009470939 -6.27892e-4 -0.000999987 0.009322583 -3.16117e-4 -0.000999987 0.009268224 0 -0.006099998 0.009249985 6.58118e-4 -0.006099998 0.009329855 0.001277983 -0.006099998 0.009564995 0.001823544 -0.006099998 0.009941577 0.002263188 -0.006099998 0.01043778 0.002571284 -0.006099998 0.01102483 0.002729892 -0.006099998 0.0116685 0.002729892 -0.006099998 0.01233142 0.002571284 -0.006099998 0.01297515 0.002263188 -0.006099998 0.01356214 0.001823544 -0.006099998 0.01405835 0.001277983 -0.006099998 0.01443499 6.58118e-4 -0.006099998 0.01467007 0 -0.006099998 0.01475 0 -0.000999987 0.009249985 6.2962e-4 -0.000999987 0.009323 0.001225769 -0.000999987 0.009538292 0.001683771 -0.000999987 0.009825706 0.002033352 -0.000999987 0.01014852 0.002322077 -0.000999987 0.01052677 0.002541303 -0.000999987 0.01094913 0.002684354 -0.000999987 0.01140296 0.002747118 -0.000999987 0.01187467 0.002727568 -0.000999987 0.01235014 0.002626419 -0.000999987 0.01281505 0.002446532 -0.000999987 0.01325565 0.00219345 -0.000999987 0.01365858 0.001874685 -0.000999987 0.01401191 0.001499831 -0.000999987 0.01430493 0.001079976 -0.000999987 0.01452898 6.27892e-4 -0.000999987 0.01467734 3.16117e-4 -0.000999987 0.01473176 0 -0.000999987 0.01475 0.006299972 -0.000999987 0.08599996 0.006633758 -0.000999987 0.08596235 0.006950795 -0.000999987 0.08585143 0.007235229 -0.000999987 0.08567273 0.007472693 -0.000999987 0.08543521 0.007651448 -0.000999987 0.08515077 0.007762372 -0.000999987 0.08483374 0.007799983 -0.000999987 0.08449995 -0.006299972 -0.000999987 0.08599996 -0.007799983 -0.000999987 0.08449995 -0.007762372 -0.000999987 0.08483374 -0.007651448 -0.000999987 0.08515077 -0.007472693 -0.000999987 0.08543521 -0.007235229 -0.000999987 0.08567273 -0.006950795 -0.000999987 0.08585143 -0.006633758 -0.000999987 0.08596235 -0.007799983 -0.000999987 0.127571 -0.007749974 -0.000999987 0.1276906 -0.00575 -0.000999987 0.1299999 0.00575 -0.000999987 0.1299999 0.007749974 -0.000999987 0.1276906 0.007799983 -0.000999987 0.127571 0 -0.000999987 0.1109585 -6.65268e-4 -0.001000106 0.1110323 -0.001314938 -0.001000046 0.1112546 -0.001880288 -0.001000165 0.1115914 -0.002394914 -0.001000046 0.1120529 -0.002798199 -0.001000165 0.1125725 -0.003123104 -0.001000106 0.1131758 -0.003350436 -0.000999987 0.1138312 -0.003469586 -10e-4 0.1144655 -0.003493189 -9.99944e-4 0.1152516 -0.003413677 -9.99989e-4 0.1158918 -0.003234148 -9.99991e-4 0.1165449 -0.002937316 -9.99734e-4 0.1171974 -0.002581655 -9.99997e-4 0.1177288 -0.002095162 -9.99825e-4 0.1182372 -0.001554429 -9.99956e-4 0.1186209 -9.32293e-4 -9.99979e-4 0.1188951 -4.68133e-4 -9.99992e-4 0.1190049 0 -0.000999987 0.1190415 6.65268e-4 -9.99839e-4 0.1189677 0.001314938 -9.99945e-4 0.1187453 0.001880288 -9.99814e-4 0.1184086 0.002394914 -9.99941e-4 0.1179471 0.002798199 -9.99833e-4 0.1174274 0.003123104 -9.9985e-4 0.1168241 0.003350436 -9.9997e-4 0.1161687 0.003469586 -0.000999987 0.1155344 0.003493189 -0.001000046 0.1147484 0.003413677 -0.000999987 0.1141082 0.003234148 -0.000999987 0.1134551 0.002937316 -0.001000225 0.1128025 0.002581655 -0.000999987 0.1122711 0.002095162 -0.001000165 0.1117628 0.001554429 -0.000999987 0.111379 9.32293e-4 -0.000999987 0.1111048 4.68133e-4 -0.000999987 0.1109951 0 -0.000999987 0.09224998 6.2962e-4 -0.000999987 0.092323 0.001225769 -0.000999987 0.09253829 0.001683771 -0.000999987 0.09282571 0.002033352 -0.000999987 0.09314852 0.002322077 -0.000999987 0.09352678 0.002541303 -0.000999987 0.09394913 0.002684354 -0.000999987 0.09440296 0.002747118 -0.000999987 0.09487468 0.002727568 -0.000999987 0.09535014 0.002626419 -0.000999987 0.09581506 0.002446532 -0.000999987 0.09625566 0.00219345 -0.000999987 0.09665858 0.001874685 -0.000999987 0.09701192 0.001499831 -0.000999987 0.09730494 0.001079976 -0.000999987 0.09752899 6.27892e-4 -0.000999987 0.09767735 3.16117e-4 -0.000999987 0.09773176 0 -0.000999987 0.09775 -6.2962e-4 -0.000999987 0.09767693 -0.001225769 -0.000999987 0.09746164 -0.001683771 -0.000999987 0.09717422 -0.002033352 -0.000999987 0.0968514 -0.002322077 -0.000999987 0.09647315 -0.002541303 -0.000999987 0.09605079 -0.002684354 -0.000999987 0.09559696 -0.002747118 -0.000999987 0.09512525 -0.002727568 -0.000999987 0.09464985 -0.002626419 -0.000999987 0.09418487 -0.002446532 -0.000999987 0.09374433 -0.00219345 -0.000999987 0.09334135 -0.001874685 -0.000999987 0.09298807 -0.001499831 -0.000999987 0.09269499 -0.001079976 -0.000999987 0.09247094 -6.27892e-4 -0.000999987 0.09232264 -3.16117e-4 -0.000999987 0.09226822 -0.02535253 -0.002999961 0.05941742 -0.02535253 -0.002999961 0.05941742 -0.02662211 -0.002797842 0.06014746 -0.02599447 -0.002949178 0.05978655 -0.02779597 -0.00220102 0.06082248 -0.02722853 -0.002546429 0.06049621 -0.02947509 0 0.06178808 -0.0290597 -8.34039e-4 0.06154894 -0.02849578 -0.001579761 0.06122469 -0.02906984 0 0.06267416 -0.0292859 0 0.06229692 -0.0293917 0 0.06204771 -0.02840197 0 0.06338369 -0.02872741 0 0.06309568 -0.02890759 0 0.0628935 -0.02754187 0 0.06384176 -0.02794253 0 0.06367325 -0.02817797 0 0.06353944 -0.02658045 0 0.06400001 -0.02701401 0 0.06396871 -0.02727991 0 0.06391745 -0.02637606 -0.001226067 0.0632373 -0.02649021 -6.40538e-4 0.06366318 -0.02608633 -0.002183198 0.06215608 -0.02624052 -0.001743793 0.0627315 -0.02573543 -0.002791404 0.06084644 -0.02591687 -0.002534806 0.06152349 -0.02557778 -0.002928614 0.06025928 -0.02816718 -6.80406e-4 0.06308233 -0.02732366 -0.002029359 0.06199121 -0.02751672 -0.001802623 0.06224066 -0.02670335 -0.002566695 0.06118255 -0.02626132 -0.002807557 0.06060659 -0.0284909 -0.001173734 0.06217688 -0.02568268 -0.00295037 0.06009584 -0.02755945 -0.001224458 0.06295663 -0.02756631 -0.001429021 0.06272578 -0.02535253 -0.002999961 0.05941742 -0.01663804 -0.002999961 0.05941742 -0.0162127 -0.002845883 0.06064909 -0.01581358 -0.002393126 0.06180483 -0.01546525 -0.001669585 0.0628134 -0.01523053 -8.96239e-4 0.06349307 -0.01505547 0 0.06400001 -0.02658045 0 0.06400001 -0.02637606 -0.001226067 0.0632373 -0.02649021 -6.40538e-4 0.06366318 -0.02608633 -0.002183198 0.06215608 -0.02624052 -0.001743793 0.0627315 -0.02573543 -0.002791404 0.06084644 -0.02591687 -0.002534806 0.06152349 -0.02557778 -0.002928614 0.06025928 -0.01663804 -0.002999961 0.05941742 -0.01663804 -0.002999961 0.05941742 -0.0162127 -0.002845883 0.06064909 -0.01581358 -0.002393126 0.06180483 -0.01546525 -0.001669585 0.0628134 -0.01523053 -8.96239e-4 0.06349307 -0.01505547 0 0.06400001 -0.01440161 0 0.06392765 -0.01377922 0 0.06371492 -0.01321822 0 0.06337136 -0.01274549 0 0.06291401 -0.01238381 0 0.06236445 -0.01215076 0 0.06174939 -0.01207947 0 0.0613777 -0.01205551 0 0.06099998 -0.01281809 -0.001226067 0.06073659 -0.01239222 -6.40498e-4 0.0608837 -0.01389938 -0.002183198 0.06036317 -0.01332402 -0.001743853 0.06056189 -0.01520901 -0.002791404 0.05991089 -0.01453197 -0.002534806 0.06014472 -0.01579618 -0.002928614 0.05970776 -0.0126183 -6.77571e-4 0.06194883 -0.01321476 -6.8985e-4 0.0628407 -0.01304286 -0.001280665 0.06168216 -0.01410663 -6.77571e-4 0.06343716 -0.01358097 -0.001298785 0.06247448 -0.0143733 -0.001280665 0.06301259 -0.01409649 -0.002226889 0.06100493 -0.01449531 -0.002241432 0.06156015 -0.01505053 -0.002226889 0.06195896 -0.01532655 -0.002804696 0.06022638 -0.01554352 -0.002809107 0.06051194 -0.01582908 -0.002804696 0.0607289 -0.01597756 -0.002950966 0.0598241 -0.01623129 -0.002950966 0.0600779 -0.01663804 -0.002999961 0.05941742 -0.01663804 -0.002999961 0.008582532 -0.01540637 -0.002845883 0.008157193 -0.01425063 -0.002393126 0.00775808 -0.01324206 -0.001669585 0.007409751 -0.01256239 -8.96239e-4 0.007175028 -0.01205551 0 0.006999969 -0.01205551 0 0.06099998 -0.01281809 -0.001226067 0.06073659 -0.01239222 -6.40498e-4 0.0608837 -0.01389938 -0.002183198 0.06036317 -0.01332402 -0.001743853 0.06056189 -0.01520901 -0.002791404 0.05991089 -0.01453197 -0.002534806 0.06014472 -0.01579618 -0.002928614 0.05970776 -0.01663804 -0.002999961 0.008582532 -0.01663804 -0.002999961 0.008582532 -0.01540637 -0.002845883 0.008157193 -0.01425063 -0.002393126 0.00775808 -0.01324206 -0.001669585 0.007409751 -0.01256239 -8.96239e-4 0.007175028 -0.01205551 0 0.006999969 -0.01212781 0 0.006346106 -0.01234054 0 0.005723714 -0.0126841 0 0.005162715 -0.01314145 0 0.004689991 -0.013691 0 0.00432831 -0.01430606 0 0.004095256 -0.01467776 0 0.004023969 -0.01505547 0 0.003999948 -0.01531887 -0.001226067 0.004762589 -0.01517176 -6.40498e-4 0.004336714 -0.01569229 -0.002183198 0.005843877 -0.01549357 -0.001743853 0.005268514 -0.01614457 -0.002791404 0.007153511 -0.01591074 -0.002534806 0.006476461 -0.0163477 -0.002928614 0.007740676 -0.01410663 -6.77571e-4 0.004562795 -0.01321476 -6.8985e-4 0.005159258 -0.0143733 -0.001280665 0.004987359 -0.0126183 -6.77571e-4 0.006051123 -0.01358097 -0.001298785 0.005525469 -0.01304286 -0.001280665 0.006317734 -0.01505053 -0.002226889 0.00604099 -0.01449531 -0.002241432 0.006439805 -0.01409649 -0.002226889 0.006995022 -0.01582908 -0.002804696 0.007270991 -0.01554352 -0.002809107 0.007488012 -0.01532655 -0.002804696 0.007773578 -0.01623135 -0.002950966 0.007922053 -0.01597756 -0.002950966 0.00817579 -0.02805548 0 0.003999948 -0.01505547 0 0.003999948 -0.01531887 -0.001226067 0.004762589 -0.01517176 -6.40498e-4 0.004336714 -0.01569229 -0.002183198 0.005843877 -0.01549357 -0.001743853 0.005268514 -0.01614457 -0.002791404 0.007153511 -0.01591074 -0.002534806 0.006476461 -0.01663804 -0.002999961 0.008582532 -0.0163477 -0.002928614 0.007740676 -0.02647292 -0.002999961 0.008582532 -0.02696645 -0.002791404 0.007153511 -0.02672147 -0.002947747 0.007861793 -0.02741873 -0.002183198 0.005843877 -0.02720004 -0.002535104 0.006477117 -0.02779215 -0.001226067 0.004762589 -0.02761739 -0.001743793 0.005268454 -0.0279392 -6.40482e-4 0.004336714 -0.03105551 0 0.006999969 -0.03098344 0 0.006347417 -0.03077155 0 0.005726277 -0.03042942 0 0.005166053 -0.02997529 0 0.0046947 -0.02942901 0 0.004333019 -0.02881562 0 0.004097819 -0.02843886 0 0.004024565 -0.02805548 0 0.003999948 -0.03043913 -0.001044452 0.007212817 -0.02958941 -0.001909792 0.007506251 -0.02855634 -0.002545118 0.007863044 -0.02753919 -0.002884924 0.008214294 -0.02647292 -0.002999961 0.008582532 -0.02647292 -0.002999961 0.008582532 -0.02696645 -0.002791404 0.007153511 -0.02672147 -0.002947747 0.007861793 -0.02741873 -0.002183198 0.005843877 -0.02720004 -0.002535104 0.006477117 -0.02779215 -0.001226067 0.004762589 -0.02761739 -0.001743793 0.005268454 -0.0279392 -6.40482e-4 0.004336714 -0.03049266 -6.77571e-4 0.006051123 -0.02989625 -6.8985e-4 0.005159258 -0.03006809 -0.001280665 0.006317734 -0.02900433 -6.77571e-4 0.004562795 -0.02952998 -0.001298785 0.005525469 -0.02873772 -0.001280665 0.004987359 -0.02901446 -0.002226889 0.006995022 -0.02861565 -0.002241432 0.006439805 -0.02806043 -0.002226889 0.00604099 -0.02778446 -0.002804696 0.007773578 -0.02756744 -0.002809107 0.007488012 -0.02728188 -0.002804696 0.007270991 -0.0271334 -0.002950966 0.00817579 -0.02687966 -0.002950966 0.007922053 -0.03105551 0 0.006999969 -0.03105551 0 0.04996693 -0.03043913 -0.001044452 0.007212817 -0.02958941 -0.001909792 0.007506251 -0.02855634 -0.002545118 0.007863044 -0.02753919 -0.002884924 0.008214294 -0.02647292 -0.002999961 0.008582532 -0.02647292 -0.002999961 0.04996693 -0.03047329 -9.99487e-4 0.04996693 -0.02967703 -0.001838445 0.04996693 -0.02870929 -0.002471983 0.04996693 -0.0276218 -0.002866208 0.04996693 -0.03105551 0 0.04996693 -0.03087896 0 0.05394887 -0.0303508 0 0.05789959 -0.02947509 0 0.06178808 -0.03047329 -9.99487e-4 0.04996693 -0.02967703 -0.001838445 0.04996693 -0.02870929 -0.002471983 0.04996693 -0.0276218 -0.002866208 0.04996693 -0.02647292 -0.002999961 0.04996693 -0.02634793 -0.002999961 0.0531432 -0.02597367 -0.002999961 0.05629992 -0.02535253 -0.002999961 0.05941742 -0.02662211 -0.002797842 0.06014746 -0.02599447 -0.002949178 0.05978655 -0.02779597 -0.00220102 0.06082248 -0.02722853 -0.002546429 0.06049621 -0.0290597 -8.34039e-4 0.06154894 -0.02849578 -0.001579761 0.06122469 -0.02908843 -9.99487e-4 0.06097185 -0.02924197 -9.99487e-4 0.0603528 -0.02831697 -0.001838445 0.06077456 -0.02846777 -0.001838445 0.06016659 -0.02752685 -0.002471983 0.05994033 -0.0297777 -9.99487e-4 0.05779695 -0.02992463 -9.99487e-4 0.05692672 -0.02646958 -0.002866208 0.05968606 -0.0289939 -0.001838445 0.05765658 -0.0291382 -0.001838445 0.05680197 -0.0280413 -0.002471983 0.05748599 -0.02818238 -0.002471983 0.05665034 -0.02697092 -0.002866208 0.0572943 -0.03029906 -9.99487e-4 0.05389732 -0.02710843 -0.002866208 0.05647993 -0.0295059 -0.001838445 0.05382686 -0.02854192 -0.002471983 0.05374121 -0.02745878 -0.002866208 0.05364501 -0.03218483 0 0.06925636 -0.03218483 -0.01049995 0.06925636 -0.007749974 -0.01049995 0.1276906 -0.007749974 -0.000999987 0.1276906 -0.007799983 -0.000999987 0.127571 -0.007799983 0 0.127571 -0.0360555 -0.01049995 0.04996693 -0.0360555 0 0.04996693 -0.03581058 -0.01049995 0.05490958 -0.03507828 -0.01049995 0.0598039 -0.03386574 -0.01049995 0.06460183 -0.03218483 -0.01049995 0.06925636 -0.03218483 0 0.06925636 -0.03576231 0 0.05537372 -0.03488612 0 0.06071716 -0.03372704 0 0.06504738 0 -0.006599962 0.08999997 0 -0.01199996 0.08999997 0 -0.01199996 0.1 -0.001235902 -0.01199996 0.09984481 -0.002395153 -0.01199996 0.09938895 -0.003152191 -0.01199996 0.09888112 -0.003819882 -0.01199996 0.09822613 -0.00435388 -0.01199996 0.0974583 -0.00472784 -0.01199996 0.09662693 -0.004941165 -0.01199996 0.09576439 -0.004998505 -0.01199996 0.09487777 -0.004897952 -0.01199996 0.09399497 -0.004642724 -0.01199996 0.09314388 -0.00424087 -0.01199996 0.09235143 -0.003705143 -0.01199996 0.09164261 -0.003052413 -0.01199996 0.09103983 -0.002303242 -0.01199996 0.0905621 -0.001481413 -0.01199996 0.0902245 -7.49171e-4 -0.01199996 0.09005641 0 -0.006599962 0.1 -0.001230239 -0.006599962 0.09984612 -0.002385497 -0.006599962 0.09939414 -0.003392994 -0.006599962 0.09867244 -0.004192471 -0.006599962 0.09772425 -0.004734218 -0.006599962 0.09660834 -0.004984319 -0.006599962 0.09539461 -0.004927992 -0.006599962 0.09415537 -0.004568636 -0.006599962 0.09296846 -0.003928482 -0.006599962 0.09190714 -0.003046035 -0.006599962 0.09103506 -0.001977086 -0.006599962 0.09040749 -0.001009583 -0.006599962 0.09010297 0 -0.01199996 0.08999997 0.001235902 -0.01199996 0.09015512 0.002395153 -0.01199996 0.09061098 0.003152191 -0.01199996 0.09111881 0.003819882 -0.01199996 0.0917738 0.00435388 -0.01199996 0.09254169 0.00472784 -0.01199996 0.093373 0.004941165 -0.01199996 0.09423553 0.004998505 -0.01199996 0.09512221 0.004897952 -0.01199996 0.09600502 0.004642724 -0.01199996 0.09685605 0.00424087 -0.01199996 0.0976485 0.003705143 -0.01199996 0.09835731 0.003052413 -0.01199996 0.0989601 0.002303242 -0.01199996 0.09943789 0.001481413 -0.01199996 0.09977549 7.49171e-4 -0.01199996 0.09994351 0 -0.01199996 0.1 0 -0.006599962 0.08999997 0.001196563 -0.006599962 0.09014528 0.002323567 -0.006599962 0.09057271 0.003315567 -0.006599962 0.09125745 0.004114866 -0.006599962 0.09215962 0.00467503 -0.006599962 0.09322696 0.004963517 -0.006599962 0.0943973 0.004963517 -0.006599962 0.09560269 0.00467503 -0.006599962 0.09677302 0.004114866 -0.006599962 0.0978403 0.003315567 -0.006599962 0.09874254 0.002323567 -0.006599962 0.09942728 0.001196563 -0.006599962 0.0998547 0 -0.006599962 0.1 0 -0.006599962 0.006999969 0 -0.01199996 0.006999969 0 -0.01199996 0.01699995 -0.001235902 -0.01199996 0.0168448 -0.002395153 -0.01199996 0.01638895 -0.003152191 -0.01199996 0.01588112 -0.003819882 -0.01199996 0.01522612 -0.00435388 -0.01199996 0.01445829 -0.00472784 -0.01199996 0.01362693 -0.004941165 -0.01199996 0.01276439 -0.004998505 -0.01199996 0.01187777 -0.004897952 -0.01199996 0.01099497 -0.004642724 -0.01199996 0.01014387 -0.00424087 -0.01199996 0.009351432 -0.003705143 -0.01199996 0.008642613 -0.003052413 -0.01199996 0.008039832 -0.002303242 -0.01199996 0.0075621 -0.001481413 -0.01199996 0.0072245 -7.49171e-4 -0.01199996 0.007056415 0 -0.006599962 0.01699995 -0.001230239 -0.006599962 0.01684612 -0.002385497 -0.006599962 0.01639413 -0.003392994 -0.006599962 0.01567244 -0.004192471 -0.006599962 0.01472425 -0.004734218 -0.006599962 0.01360833 -0.004984319 -0.006599962 0.0123946 -0.004927992 -0.006599962 0.01115536 -0.004568636 -0.006599962 0.009968459 -0.003928482 -0.006599962 0.008907139 -0.003046035 -0.006599962 0.008035063 -0.001977086 -0.006599962 0.007407486 -0.001009583 -0.006599962 0.007102966 0 -0.01199996 0.006999969 0.001235902 -0.01199996 0.00715512 0.002395153 -0.01199996 0.007610976 0.003152191 -0.01199996 0.008118808 0.003819882 -0.01199996 0.008773803 0.00435388 -0.01199996 0.00954169 0.00472784 -0.01199996 0.01037299 0.004941165 -0.01199996 0.01123553 0.004998505 -0.01199996 0.01212221 0.004897952 -0.01199996 0.01300501 0.004642724 -0.01199996 0.01385605 0.00424087 -0.01199996 0.01464849 0.003705143 -0.01199996 0.01535731 0.003052413 -0.01199996 0.01596009 0.002303242 -0.01199996 0.01643788 0.001481413 -0.01199996 0.01677548 7.49171e-4 -0.01199996 0.01694351 0 -0.01199996 0.01699995 0 -0.006599962 0.006999969 0.001196563 -0.006599962 0.007145285 0.002323567 -0.006599962 0.00757271 0.003315567 -0.006599962 0.008257389 0.004114866 -0.006599962 0.009159624 0.00467503 -0.006599962 0.01022696 0.004963517 -0.006599962 0.0113973 0.004963517 -0.006599962 0.01260268 0.00467503 -0.006599962 0.01377302 0.004114866 -0.006599962 0.0148403 0.003315567 -0.006599962 0.01574254 0.002323567 -0.006599962 0.01642727 0.001196563 -0.006599962 0.0168547 0 -0.006599962 0.01699995 0 -0.01199996 0.1253923 6.61544e-4 -0.01199996 0.1253194 0.001292228 -0.01199996 0.1251067 0.001866459 -0.01199996 0.1247696 0.002366006 -0.01199996 0.124329 0.002726852 -0.01199996 0.1238843 0.00306195 -0.01199996 0.1233084 0.003326535 -0.01199996 0.1226072 0.003457069 -0.01199996 0.1219815 0.003498494 -0.01199996 0.121233 0.003400802 -0.01199996 0.1203956 0.003160536 -0.01199996 0.1196147 0.002792 -0.01199996 0.1189138 0.002293884 -0.01199996 0.1182984 0.001777529 -0.01199996 0.1178694 0.001258969 -0.01199996 0.1175799 6.96353e-4 -0.01199996 0.1173902 3.50513e-4 -0.01199996 0.1173297 0 -0.01199996 0.1173094 0 -0.000999987 0.1109585 0 -0.000999987 0.1190415 6.65268e-4 -9.99839e-4 0.1189677 0.001314938 -9.99945e-4 0.1187453 0.001880288 -9.99814e-4 0.1184086 0.002394914 -9.99941e-4 0.1179471 0.002798199 -9.99833e-4 0.1174274 0.003123104 -9.9985e-4 0.1168241 0.003350436 -9.9997e-4 0.1161687 0.003469586 -0.000999987 0.1155344 0.003493189 -0.001000046 0.1147484 0.003413677 -0.000999987 0.1141082 0.003234148 -0.000999987 0.1134551 0.002937316 -0.001000225 0.1128025 0.002581655 -0.000999987 0.1122711 0.002095162 -0.001000165 0.1117628 0.001554429 -0.000999987 0.111379 9.32293e-4 -0.000999987 0.1111048 4.68133e-4 -0.000999987 0.1109951 0 -0.000999987 0.1109585 0 -0.01199996 0.1173094 -6.61544e-4 -0.01199996 0.1173822 -0.001292228 -0.01199996 0.117595 -0.001866459 -0.01199996 0.117932 -0.002366006 -0.01199996 0.1183727 -0.002726852 -0.01199996 0.1188173 -0.00306195 -0.01199996 0.1193932 -0.003326535 -0.01199996 0.1200944 -0.003457069 -0.01199996 0.1207202 -0.003498494 -0.01199996 0.1214686 -0.003400802 -0.01199996 0.1223061 -0.003160536 -0.01199996 0.123087 -0.002792 -0.01199996 0.1237879 -0.002293884 -0.01199996 0.1244032 -0.001777529 -0.01199996 0.1248323 -0.001258969 -0.01199996 0.1251218 -6.96353e-4 -0.01199996 0.1253115 -3.50513e-4 -0.01199996 0.1253719 0 -0.01199996 0.1253923 0 -0.000999987 0.1190415 -6.65268e-4 -0.001000106 0.1110323 -0.001314938 -0.001000046 0.1112546 -0.001880288 -0.001000165 0.1115914 -0.002394914 -0.001000046 0.1120529 -0.002798199 -0.001000165 0.1125725 -0.003123104 -0.001000106 0.1131758 -0.003350436 -0.000999987 0.1138312 -0.003469586 -10e-4 0.1144655 -0.003493189 -9.99944e-4 0.1152516 -0.003413677 -9.99989e-4 0.1158918 -0.003234148 -9.99991e-4 0.1165449 -0.002937316 -9.99734e-4 0.1171974 -0.002581655 -9.99997e-4 0.1177288 -0.002095162 -9.99825e-4 0.1182372 -0.001554429 -9.99956e-4 0.1186209 -9.32293e-4 -9.99979e-4 0.1188951 -4.68133e-4 -9.99992e-4 0.1190049 -0.01529997 -0.003999948 0.09444999 -0.01529997 -0.01199996 0.09444999 -0.01529997 -0.01199996 0.09694999 -0.01560896 -0.01199996 0.09691119 -0.01589876 -0.01199996 0.09679722 -0.01612293 -0.01199996 0.09664082 -0.0162875 -0.01199996 0.09646636 -0.01641565 -0.01199996 0.09626364 -0.01650279 -0.01199996 0.09604018 -0.01654559 -0.01199996 0.09580421 -0.01654261 -0.01199996 0.09556436 -0.01649385 -0.01199996 0.09532952 -0.01640111 -0.01199996 0.09510838 -0.01626783 -0.01199996 0.09490895 -0.01609897 -0.01199996 0.09473866 -0.01590067 -0.01199996 0.09460377 -0.01568025 -0.01199996 0.09450924 -0.01549237 -0.01199996 0.09446489 -0.01529997 -0.003999948 0.09694999 -0.01559913 -0.003999948 0.09691363 -0.01588088 -0.003999948 0.09680682 -0.01612889 -0.003999948 0.09663563 -0.01632869 -0.003999948 0.09641003 -0.01646876 -0.003999948 0.09614324 -0.01654088 -0.003999948 0.09585064 -0.01654088 -0.003999948 0.09554928 -0.01646876 -0.003999948 0.09525674 -0.01632869 -0.003999948 0.09498989 -0.01612889 -0.003999948 0.09476435 -0.01588088 -0.003999948 0.09459316 -0.01559913 -0.003999948 0.09448629 -0.01529997 -0.01199996 0.09444999 -0.01499098 -0.01199996 0.09448879 -0.01470118 -0.01199996 0.09460276 -0.01447701 -0.01199996 0.0947591 -0.01431244 -0.01199996 0.09493362 -0.01418429 -0.01199996 0.09513634 -0.01409715 -0.01199996 0.0953598 -0.01405435 -0.01199996 0.09559577 -0.01405733 -0.01199996 0.09583556 -0.01410615 -0.01199996 0.0960704 -0.01419883 -0.01199996 0.0962916 -0.01433211 -0.01199996 0.09649097 -0.01450097 -0.01199996 0.09666132 -0.01469928 -0.01199996 0.09679621 -0.01491969 -0.01199996 0.09689074 -0.01510757 -0.01199996 0.09693509 -0.01529997 -0.01199996 0.09694999 -0.01529997 -0.003999948 0.09444999 -0.01500082 -0.003999948 0.09448629 -0.01471906 -0.003999948 0.09459316 -0.01447105 -0.003999948 0.09476435 -0.01427125 -0.003999948 0.09498989 -0.01413118 -0.003999948 0.09525674 -0.01405906 -0.003999948 0.09554928 -0.01405906 -0.003999948 0.09585064 -0.01413118 -0.003999948 0.09614324 -0.01427125 -0.003999948 0.09641003 -0.01447105 -0.003999948 0.09663563 -0.01471906 -0.003999948 0.09680682 -0.01500082 -0.003999948 0.09691363 -0.01529997 -0.003999948 0.09694999 0.02359998 -0.003999948 0.07194995 0.02359998 -0.01199996 0.07194995 0.02359998 -0.01199996 0.07444995 0.02329099 -0.01199996 0.07441121 0.02300119 -0.01199996 0.07429718 0.02277702 -0.01199996 0.07414084 0.02261245 -0.01199996 0.07396632 0.0224843 -0.01199996 0.07376366 0.02239716 -0.01199996 0.07354021 0.0223543 -0.01199996 0.07330417 0.02235734 -0.01199996 0.07306438 0.0224061 -0.01199996 0.07282954 0.02249884 -0.01199996 0.07260835 0.02263212 -0.01199996 0.07240897 0.02280098 -0.01199996 0.07223868 0.02299928 -0.01199996 0.07210373 0.0232197 -0.01199996 0.0720092 0.02340757 -0.01199996 0.07196485 0.02359998 -0.003999948 0.07444995 0.02330082 -0.003999948 0.07441365 0.02301907 -0.003999948 0.07430678 0.02277106 -0.003999948 0.0741356 0.02257126 -0.003999948 0.07391005 0.02243119 -0.003999948 0.07364326 0.02235907 -0.003999948 0.07335066 0.02235907 -0.003999948 0.0730493 0.02243119 -0.003999948 0.0727567 0.02257126 -0.003999948 0.07248991 0.02277106 -0.003999948 0.07226431 0.02301907 -0.003999948 0.07209318 0.02330082 -0.003999948 0.07198631 0.02359998 -0.01199996 0.07194995 0.02390897 -0.01199996 0.07198876 0.02419877 -0.01199996 0.07210272 0.02442294 -0.01199996 0.07225912 0.02458745 -0.01199996 0.07243359 0.02471566 -0.01199996 0.0726363 0.0248028 -0.01199996 0.07285976 0.0248456 -0.01199996 0.07309573 0.02484261 -0.01199996 0.07333558 0.0247938 -0.01199996 0.07357043 0.02470111 -0.01199996 0.07379162 0.02456784 -0.01199996 0.073991 0.02439892 -0.01199996 0.07416129 0.02420061 -0.01199996 0.07429617 0.02398025 -0.01199996 0.07439076 0.02379238 -0.01199996 0.07443505 0.02359998 -0.01199996 0.07444995 0.02359998 -0.003999948 0.07194995 0.02389913 -0.003999948 0.07198631 0.02418088 -0.003999948 0.07209318 0.0244289 -0.003999948 0.07226431 0.02462869 -0.003999948 0.07248991 0.02476876 -0.003999948 0.0727567 0.02484089 -0.003999948 0.0730493 0.02484089 -0.003999948 0.07335066 0.02476876 -0.003999948 0.07364326 0.02462869 -0.003999948 0.07391005 0.0244289 -0.003999948 0.0741356 0.02418088 -0.003999948 0.07430678 0.02389913 -0.003999948 0.07441365 0.02359998 -0.003999948 0.07444995 0.0284 -0.003999948 0.03174996 0.0284 -0.01199996 0.03174996 0.0284 -0.01199996 0.03424996 0.02809101 -0.01199996 0.03421115 0.02780115 -0.01199996 0.03409719 0.02757704 -0.01199996 0.03394085 0.02741247 -0.01199996 0.03376632 0.02728426 -0.01199996 0.03356361 0.02719718 -0.01199996 0.03334015 0.02715432 -0.01199996 0.03310418 0.02715736 -0.01199996 0.03286439 0.02720612 -0.01199996 0.03262954 0.02729886 -0.01199996 0.03240835 0.02743208 -0.01199996 0.03220891 0.027601 -0.01199996 0.03203862 0.0277993 -0.01199996 0.03190374 0.02801972 -0.01199996 0.03180921 0.02820754 -0.01199996 0.03176486 0.0284 -0.003999948 0.03424996 0.02810084 -0.003999948 0.03421366 0.02781909 -0.003999948 0.03410679 0.02757108 -0.003999948 0.0339356 0.02737122 -0.003999948 0.03371006 0.02723121 -0.003999948 0.03344321 0.02715909 -0.003999948 0.03315067 0.02715909 -0.003999948 0.03284931 0.02723121 -0.003999948 0.03255671 0.02737122 -0.003999948 0.03228992 0.02757108 -0.003999948 0.03206431 0.02781909 -0.003999948 0.03189313 0.02810084 -0.003999948 0.03178632 0.0284 -0.01199996 0.03174996 0.02870893 -0.01199996 0.03178876 0.02899879 -0.01199996 0.03190273 0.02922296 -0.01199996 0.03205913 0.02938747 -0.01199996 0.03223359 0.02951568 -0.01199996 0.03243631 0.02960276 -0.01199996 0.03265976 0.02964562 -0.01199996 0.03289574 0.02964258 -0.01199996 0.03313559 0.02959382 -0.01199996 0.03337043 0.02950108 -0.01199996 0.03359156 0.02936786 -0.01199996 0.033791 0.02919894 -0.01199996 0.03396129 0.02900063 -0.01199996 0.03409618 0.02878022 -0.01199996 0.03419071 0.0285924 -0.01199996 0.03423506 0.0284 -0.01199996 0.03424996 0.0284 -0.003999948 0.03174996 0.0286991 -0.003999948 0.03178632 0.02898085 -0.003999948 0.03189313 0.02922886 -0.003999948 0.03206431 0.02942872 -0.003999948 0.03228992 0.02956873 -0.003999948 0.03255671 0.02964085 -0.003999948 0.03284931 0.02964085 -0.003999948 0.03315067 0.02956873 -0.003999948 0.03344321 0.02942872 -0.003999948 0.03371006 0.02922886 -0.003999948 0.0339356 0.02898085 -0.003999948 0.03410679 0.0286991 -0.003999948 0.03421366 0.0284 -0.003999948 0.03424996 -0.02109998 -0.003999948 0.02474999 -0.02109998 -0.01199996 0.02474999 -0.02109998 -0.01199996 0.02724999 -0.02140897 -0.01199996 0.02721118 -0.02169877 -0.01199996 0.02709722 -0.02192294 -0.01199996 0.02694082 -0.02208745 -0.01199996 0.02676635 -0.02221566 -0.01199996 0.02656364 -0.0223028 -0.01199996 0.02634018 -0.0223456 -0.01199996 0.02610421 -0.02234262 -0.01199996 0.02586436 -0.0222938 -0.01199996 0.02562952 -0.02220112 -0.01199996 0.02540838 -0.02206784 -0.01199996 0.02520895 -0.02189892 -0.01199996 0.02503865 -0.02170062 -0.01199996 0.02490377 -0.0214802 -0.01199996 0.02480924 -0.02129238 -0.01199996 0.02476489 -0.02109998 -0.003999948 0.02724999 -0.02139914 -0.003999948 0.02721363 -0.02168089 -0.003999948 0.02710682 -0.0219289 -0.003999948 0.02693563 -0.0221287 -0.003999948 0.02671003 -0.02226877 -0.003999948 0.02644324 -0.02234083 -0.003999948 0.02615064 -0.02234083 -0.003999948 0.02584928 -0.02226877 -0.003999948 0.02555674 -0.0221287 -0.003999948 0.02528989 -0.0219289 -0.003999948 0.02506434 -0.02168089 -0.003999948 0.02489316 -0.02139914 -0.003999948 0.02478629 -0.02109998 -0.01199996 0.02474999 -0.02079099 -0.01199996 0.02478879 -0.02050119 -0.01199996 0.02490276 -0.02027702 -0.01199996 0.0250591 -0.02011245 -0.01199996 0.02523362 -0.0199843 -0.01199996 0.02543634 -0.01989716 -0.01199996 0.02565979 -0.0198543 -0.01199996 0.02589577 -0.01985734 -0.01199996 0.02613556 -0.0199061 -0.01199996 0.0263704 -0.01999884 -0.01199996 0.02659159 -0.02013212 -0.01199996 0.02679097 -0.02030098 -0.01199996 0.02696132 -0.02049928 -0.01199996 0.02709621 -0.0207197 -0.01199996 0.02719074 -0.02090758 -0.01199996 0.02723509 -0.02109998 -0.01199996 0.02724999 -0.02109998 -0.003999948 0.02474999 -0.02080082 -0.003999948 0.02478629 -0.02051907 -0.003999948 0.02489316 -0.02027106 -0.003999948 0.02506434 -0.02007126 -0.003999948 0.02528989 -0.01993119 -0.003999948 0.02555674 -0.01985907 -0.003999948 0.02584928 -0.01985907 -0.003999948 0.02615064 -0.01993119 -0.003999948 0.02644324 -0.02007126 -0.003999948 0.02671003 -0.02027106 -0.003999948 0.02693563 -0.02051907 -0.003999948 0.02710682 -0.02080082 -0.003999948 0.02721363 -0.02109998 -0.003999948 0.02724999 -0.007799983 -0.01199996 0.08449995 -0.007799983 -0.000999987 0.08449995 -0.007762372 -0.01199996 0.08483374 -0.007651448 -0.01199996 0.08515077 -0.007472693 -0.01199996 0.08543521 -0.007235229 -0.01199996 0.08567273 -0.006950795 -0.01199996 0.08585143 -0.006633758 -0.01199996 0.08596235 -0.006299972 -0.01199996 0.08599996 -0.006299972 -0.000999987 0.08599996 -0.007762372 -0.000999987 0.08483374 -0.007651448 -0.000999987 0.08515077 -0.007472693 -0.000999987 0.08543521 -0.007235229 -0.000999987 0.08567273 -0.006950795 -0.000999987 0.08585143 -0.006633758 -0.000999987 0.08596235 -0.006299972 -0.01199996 0.01999998 -0.006299972 -0.000999987 0.01999998 -0.006633758 -0.01199996 0.02003759 -0.006950795 -0.01199996 0.02014851 -0.007235229 -0.01199996 0.02032721 -0.007472693 -0.01199996 0.02056473 -0.007651448 -0.01199996 0.02084916 -0.007762372 -0.01199996 0.0211662 -0.007799983 -0.01199996 0.02149999 -0.007799983 -0.000999987 0.02149999 -0.006633758 -0.000999987 0.02003759 -0.006950795 -0.000999987 0.02014851 -0.007235229 -0.000999987 0.02032721 -0.007472693 -0.000999987 0.02056473 -0.007651448 -0.000999987 0.02084916 -0.007762372 -0.000999987 0.0211662 0.006299972 -0.01199996 0.01999998 0.006299972 -0.000999987 0.01999998 -0.006299972 -0.01199996 0.01999998 -0.006299972 -0.000999987 0.01999998 0.007799983 -0.01199996 0.02149999 0.007799983 -0.000999987 0.02149999 0.007762372 -0.01199996 0.0211662 0.007651448 -0.01199996 0.02084916 0.007472693 -0.01199996 0.02056473 0.007235229 -0.01199996 0.02032721 0.006950795 -0.01199996 0.02014851 0.006633758 -0.01199996 0.02003759 0.006299972 -0.01199996 0.01999998 0.006299972 -0.000999987 0.01999998 0.007762372 -0.000999987 0.0211662 0.007651448 -0.000999987 0.02084916 0.007472693 -0.000999987 0.02056473 0.007235229 -0.000999987 0.02032721 0.006950795 -0.000999987 0.02014851 0.006633758 -0.000999987 0.02003759 0.006299972 -0.01199996 0.08599996 0.006299972 -0.000999987 0.08599996 0.006633758 -0.01199996 0.08596235 0.006950795 -0.01199996 0.08585143 0.007235229 -0.01199996 0.08567273 0.007472693 -0.01199996 0.08543521 0.007651448 -0.01199996 0.08515077 0.007762372 -0.01199996 0.08483374 0.007799983 -0.01199996 0.08449995 0.007799983 -0.000999987 0.08449995 0.006633758 -0.000999987 0.08596235 0.006950795 -0.000999987 0.08585143 0.007235229 -0.000999987 0.08567273 0.007472693 -0.000999987 0.08543521 0.007651448 -0.000999987 0.08515077 0.007762372 -0.000999987 0.08483374 -0.006299972 -0.01199996 0.08599996 -0.006299972 -0.000999987 0.08599996 0.006299972 -0.01199996 0.08599996 0.006299972 -0.000999987 0.08599996 -0.006458759 -0.01199996 0.1268902 -0.03080093 -0.01199996 0.06867766 -0.007749974 -0.01049995 0.1276906 -0.03218483 -0.01049995 0.06925636 -0.003765642 -0.01199996 0.1299999 -0.006458759 -0.01199996 0.1268902 -0.007749974 -0.01049995 0.1276906 -0.00575 -0.01049995 0.1299999 -0.00575 -0.01049995 0.1299999 -0.00575 -0.000999987 0.1299999 -0.003765642 -0.01199996 0.1299999 0.003765642 -0.01199996 0.1299999 0.00575 -0.01049995 0.1299999 0.00575 -0.000999987 0.1299999 0.00575 -0.01049995 0.1299999 0.007749974 -0.01049995 0.1276906 0.006458759 -0.01199996 0.1268902 0.003765642 -0.01199996 0.1299999 0.007749974 -0.01049995 0.1276906 0.03218483 -0.01049995 0.06925636 0.006458759 -0.01199996 0.1268902 0.03080093 -0.01199996 0.06867766 0.03218483 -0.01049995 0.06925636 0.03080093 -0.01199996 0.06867766 0.03455549 -0.01199996 0.04996693 0.03426229 -0.01199996 0.05529165 0.03338629 -0.01199996 0.06055212 0.03227251 -0.01199996 0.06467181 0.0360555 -0.01049995 0.04996693 0.03386574 -0.01049995 0.06460183 0.03507828 -0.01049995 0.0598039 0.03581058 -0.01049995 0.05490958 -0.03080093 -0.01199996 0.06867766 -0.03218483 -0.01049995 0.06925636 -0.0360555 -0.01049995 0.04996693 -0.03581058 -0.01049995 0.05490958 -0.03507828 -0.01049995 0.0598039 -0.03386574 -0.01049995 0.06460183 -0.03455549 -0.01199996 0.04996693 -0.03258472 -0.01199996 0.06365203 -0.0338059 -0.01199996 0.05846083 -0.03436774 -0.01199996 0.05423039 -0.03299999 -0.005999982 0.007999956 -0.03299999 -0.005999982 0 -0.02699995 -0.005999982 0 -0.02707302 -0.006658077 0 -0.02728873 -0.007284104 0 -0.02757745 -0.007769584 0 -0.0279029 -0.008145272 0 -0.02828592 -0.008462071 0 -0.02871602 -0.008711338 0 -0.0291813 -0.008886098 0 -0.0296691 -0.008981645 0 -0.03016597 -0.008995354 0 -0.0306583 -0.008926868 0 -0.03113251 -0.008777976 0 -0.03157567 -0.008552849 0 -0.03197556 -0.008257627 0 -0.03232121 -0.007900476 0 -0.03260314 -0.007491052 0 -0.03281366 -0.007040798 0 -0.03294688 -0.006561934 0 -0.03298664 -0.00628221 0 -0.02699995 -0.005999982 0.007999956 -0.02708715 -0.00671792 0.007999956 -0.02734363 -0.007394134 0.007999956 -0.02775442 -0.007989346 0.007999956 -0.02829575 -0.008468925 0.007999956 -0.02893614 -0.008805036 0.007999956 -0.02963835 -0.008978068 0.007999956 -0.03036159 -0.008978068 0.007999956 -0.03106379 -0.008805036 0.007999956 -0.03170418 -0.008468925 0.007999956 -0.03224551 -0.007989346 0.007999956 -0.03265637 -0.007394134 0.007999956 -0.03291279 -0.00671792 0.007999956 -0.03299999 -0.005999982 0 -0.03292691 -0.005341887 0 -0.0327112 -0.0047158 0 -0.03242248 -0.00423038 0 -0.03209704 -0.003854632 0 -0.03171402 -0.003537833 0 -0.03128397 -0.003288626 0 -0.03081864 -0.003113865 0 -0.03033083 -0.00301826 0 -0.02983397 -0.00300455 0 -0.02934169 -0.003073096 0 -0.02886742 -0.003221988 0 -0.02842426 -0.003447115 0 -0.02802437 -0.003742277 0 -0.02767872 -0.004099488 0 -0.02739679 -0.004508852 0 -0.02718633 -0.004959166 0 -0.02705305 -0.005438029 0 -0.0270133 -0.005717754 0 -0.02699995 -0.005999982 0 -0.03299999 -0.005999982 0.007999956 -0.03291279 -0.005282044 0.007999956 -0.03265637 -0.004605829 0.007999956 -0.03224551 -0.004010617 0.007999956 -0.03170418 -0.003531038 0.007999956 -0.03106379 -0.003194928 0.007999956 -0.03036159 -0.003021836 0.007999956 -0.02963835 -0.003021836 0.007999956 -0.02893614 -0.003194928 0.007999956 -0.02829575 -0.003531038 0.007999956 -0.02775442 -0.004010617 0.007999956 -0.02734363 -0.004605829 0.007999956 -0.02708715 -0.005282044 0.007999956 -0.02699995 -0.005999982 0.007999956 0.02699995 -0.005999982 0.007999956 0.02699995 -0.005999982 0 0.03299999 -0.005999982 0 0.03292691 -0.006658077 0 0.0327112 -0.007284104 0 0.03242248 -0.007769584 0 0.03209704 -0.008145272 0 0.03171402 -0.008462071 0 0.03128397 -0.008711338 0 0.03081864 -0.008886098 0 0.03033083 -0.008981645 0 0.02983397 -0.008995354 0 0.02934169 -0.008926868 0 0.02886742 -0.008777976 0 0.02842426 -0.008552849 0 0.02802437 -0.008257627 0 0.02767872 -0.007900476 0 0.02739679 -0.007491052 0 0.02718633 -0.007040798 0 0.02705305 -0.006561934 0 0.0270133 -0.00628221 0 0.03299999 -0.005999982 0.007999956 0.03291279 -0.00671792 0.007999956 0.03265637 -0.007394134 0.007999956 0.03224551 -0.007989346 0.007999956 0.03170418 -0.008468925 0.007999956 0.03106379 -0.008805036 0.007999956 0.03036159 -0.008978068 0.007999956 0.02963835 -0.008978068 0.007999956 0.02893614 -0.008805036 0.007999956 0.02829575 -0.008468925 0.007999956 0.02775442 -0.007989346 0.007999956 0.02734363 -0.007394134 0.007999956 0.02708715 -0.00671792 0.007999956 0.02699995 -0.005999982 0 0.02707302 -0.005341887 0 0.02728873 -0.0047158 0 0.02757745 -0.00423038 0 0.0279029 -0.003854632 0 0.02828592 -0.003537833 0 0.02871602 -0.003288626 0 0.0291813 -0.003113865 0 0.0296691 -0.00301826 0 0.03016597 -0.00300455 0 0.0306583 -0.003073096 0 0.03113251 -0.003221988 0 0.03157567 -0.003447115 0 0.03197556 -0.003742277 0 0.03232121 -0.004099488 0 0.03260314 -0.004508852 0 0.03281366 -0.004959166 0 0.03294688 -0.005438029 0 0.03298664 -0.005717754 0 0.03299999 -0.005999982 0 0.02699995 -0.005999982 0.007999956 0.02708715 -0.005282044 0.007999956 0.02734363 -0.004605829 0.007999956 0.02775442 -0.004010617 0.007999956 0.02829575 -0.003531038 0.007999956 0.02893614 -0.003194928 0.007999956 0.02963835 -0.003021836 0.007999956 0.03036159 -0.003021836 0.007999956 0.03106379 -0.003194928 0.007999956 0.03170418 -0.003531038 0.007999956 0.03224551 -0.004010617 0.007999956 0.03265637 -0.004605829 0.007999956 0.03291279 -0.005282044 0.007999956 0.03299999 -0.005999982 0.007999956 -0.01909995 -0.005999982 0.00999999 -0.01909995 -0.005999982 0 -0.01489996 -0.005999982 0 -0.01495915 -0.006494879 0 -0.01513326 -0.006961941 0 -0.01532167 -0.007262229 0 -0.01557236 -0.007540047 0 -0.01586836 -0.007768988 0 -0.01618212 -0.007934153 0 -0.01650094 -0.008039832 0 -0.01683259 -0.008093297 0 -0.01716846 -0.008093178 0 -0.01750004 -0.008039534 0 -0.01781886 -0.007933735 0 -0.01811671 -0.007778406 0 -0.018386 -0.007577598 0 -0.01861977 -0.007336437 0 -0.01881217 -0.007061123 0 -0.01895815 -0.00675857 0 -0.01905405 -0.006436645 0 -0.01908844 -0.006219565 0 -0.01489996 -0.005999982 0.00999999 -0.014961 -0.006502509 0.00999999 -0.01514053 -0.006975889 0.00999999 -0.01542812 -0.007392525 0.00999999 -0.01580703 -0.007728219 0.00999999 -0.01625531 -0.007963478 0.00999999 -0.01674687 -0.008084654 0.00999999 -0.0172531 -0.008084654 0.00999999 -0.01774466 -0.007963478 0.00999999 -0.01819288 -0.007728219 0.00999999 -0.01857185 -0.007392525 0.00999999 -0.01885944 -0.006975889 0.00999999 -0.01903897 -0.006502509 0.00999999 -0.01909995 -0.005999982 0 -0.01904082 -0.005505084 0 -0.01886671 -0.005038022 0 -0.01867824 -0.004737734 0 -0.01842761 -0.004459857 0 -0.01813155 -0.004230916 0 -0.01781785 -0.004065811 0 -0.01749897 -0.003960132 0 -0.01716738 -0.003906667 0 -0.01683145 -0.003906726 0 -0.01649987 -0.003960371 0 -0.01618111 -0.004066228 0 -0.01588326 -0.004221498 0 -0.01561397 -0.004422307 0 -0.01538014 -0.004663467 0 -0.01518779 -0.00493884 0 -0.01504176 -0.005241334 0 -0.01494586 -0.005563259 0 -0.01491147 -0.005780398 0 -0.01489996 -0.005999982 0 -0.01909995 -0.005999982 0.00999999 -0.01903897 -0.005497395 0.00999999 -0.01885944 -0.005024075 0.00999999 -0.01857185 -0.004607439 0.00999999 -0.01819288 -0.004271686 0.00999999 -0.01774466 -0.004036426 0.00999999 -0.0172531 -0.003915309 0.00999999 -0.01674687 -0.003915309 0.00999999 -0.01625531 -0.004036426 0.00999999 -0.01580703 -0.004271686 0.00999999 -0.01542812 -0.004607439 0.00999999 -0.01514053 -0.005024075 0.00999999 -0.014961 -0.005497395 0.00999999 -0.01489996 -0.005999982 0.00999999 0.0360555 -0.01049995 0.04996693 0.0360555 -0.01049995 0 0.03455549 -0.01199996 0 0.03455549 -0.01199996 0.04996693 0.0360555 0 0.04996693 0.0360555 0 0 0.0360555 -0.01049995 0 0.0360555 -0.01049995 0.04996693 0.0360555 0 0.04996693 0.0360555 0 0 0.03218483 0 0.06925636 0.03400021 0 0.06415498 0.03525334 0 0.05888718 0.03585451 0 0.05444502 0.007799983 0 0.127571 0.007799983 0 0 0.03105551 0 0.006999969 0.03105551 0 0.04996693 0.0309832 0 0.006346106 0.03077042 0 0.005723714 0.03042691 0 0.005162715 0.02996951 0 0.004689991 0.02941995 0 0.00432831 0.02880489 0 0.004095256 0.0284332 0 0.004023969 0.02805548 0 0.003999948 0.01505547 0 0.003999948 0.01205551 0 0.006999969 0.01212751 0 0.006347417 0.01233941 0 0.005726277 0.01268154 0 0.005166053 0.01313567 0 0.0046947 0.01368194 0 0.004333019 0.01429539 0 0.004097819 0.0146721 0 0.004024565 0.01205551 0 0.06099998 0.01505547 0 0.06400001 0.01440298 0 0.06392794 0.01378178 0 0.06371605 0.01322156 0 0.06337392 0.01275026 0 0.06291979 0.01238852 0 0.06237351 0.01215338 0 0.06176006 0.01208007 0 0.06138336 0.02658045 0 0.06400001 0.02722197 0 0.06393045 0.02783405 0 0.06372505 0.0283882 0 0.06339466 0.02885776 0 0.06295228 0.02922296 0 0.06241989 0.02936732 0 0.06211125 0.02947509 0 0.06178808 0.03087896 0 0.05394887 0.0303508 0 0.05789959 0.007799983 -0.000999987 0.127571 0.007799983 -0.000999987 0.08449995 0.007799983 -0.01199996 0.08449995 0.007799983 -0.01199996 0.02149999 0.007799983 -0.000999987 0.02149999 0.007799983 -0.000999987 0 0.007799983 0 0 0.007799983 0 0.127571 -0.006299972 -0.000999987 0.01999998 -0.006633758 -0.000999987 0.02003759 -0.006950795 -0.000999987 0.02014851 -0.007235229 -0.000999987 0.02032721 -0.007472693 -0.000999987 0.02056473 -0.007651448 -0.000999987 0.02084916 -0.007762372 -0.000999987 0.0211662 -0.007799983 -0.000999987 0.02149999 0.006299972 -0.000999987 0.01999998 0.007799983 -0.000999987 0.02149999 0.007762372 -0.000999987 0.0211662 0.007651448 -0.000999987 0.02084916 0.007472693 -0.000999987 0.02056473 0.007235229 -0.000999987 0.02032721 0.006950795 -0.000999987 0.02014851 0.006633758 -0.000999987 0.02003759 0.007799983 -0.000999987 0 -0.007799983 -0.000999987 0 0 -0.000999987 0.009249985 6.2962e-4 -0.000999987 0.009323 0.001225769 -0.000999987 0.009538292 0.001683771 -0.000999987 0.009825706 0.002033352 -0.000999987 0.01014852 0.002322077 -0.000999987 0.01052677 0.002541303 -0.000999987 0.01094913 0.002684354 -0.000999987 0.01140296 0.002747118 -0.000999987 0.01187467 0.002727568 -0.000999987 0.01235014 0.002626419 -0.000999987 0.01281505 0.002446532 -0.000999987 0.01325565 0.00219345 -0.000999987 0.01365858 0.001874685 -0.000999987 0.01401191 0.001499831 -0.000999987 0.01430493 0.001079976 -0.000999987 0.01452898 6.27892e-4 -0.000999987 0.01467734 3.16117e-4 -0.000999987 0.01473176 0 -0.000999987 0.01475 -6.2962e-4 -0.000999987 0.01467692 -0.001225769 -0.000999987 0.01446163 -0.001683771 -0.000999987 0.01417422 -0.002033352 -0.000999987 0.0138514 -0.002322077 -0.000999987 0.01347315 -0.002541303 -0.000999987 0.01305079 -0.002684354 -0.000999987 0.01259696 -0.002747118 -0.000999987 0.01212525 -0.002727568 -0.000999987 0.01164984 -0.002626419 -0.000999987 0.01118487 -0.002446532 -0.000999987 0.01074433 -0.00219345 -0.000999987 0.01034134 -0.001874685 -0.000999987 0.009988069 -0.001499831 -0.000999987 0.009694993 -0.001079976 -0.000999987 0.009470939 -6.27892e-4 -0.000999987 0.009322583 -3.16117e-4 -0.000999987 0.009268224 -0.007799983 0 0 -0.007799983 0 0.127571 -0.007799983 -0.000999987 0 -0.007799983 -0.000999987 0.02149999 -0.007799983 -0.01199996 0.02149999 -0.007799983 -0.01199996 0.08449995 -0.007799983 -0.000999987 0.08449995 -0.007799983 -0.000999987 0.127571 -0.0360555 0 0.04996693 -0.03576231 0 0.05537372 -0.03488612 0 0.06071716 -0.03372704 0 0.06504738 -0.03218483 0 0.06925636 -0.0360555 0 0 -0.007799983 0 0 -0.007799983 0 0.127571 -0.02906984 0 0.06267416 -0.0292859 0 0.06229692 -0.0293917 0 0.06204771 -0.02947509 0 0.06178808 -0.02840197 0 0.06338369 -0.02872741 0 0.06309568 -0.02890759 0 0.0628935 -0.02754187 0 0.06384176 -0.02794253 0 0.06367325 -0.02817797 0 0.06353944 -0.02658045 0 0.06400001 -0.02701401 0 0.06396871 -0.02727991 0 0.06391745 -0.01505547 0 0.06400001 -0.01440161 0 0.06392765 -0.01377922 0 0.06371492 -0.01321822 0 0.06337136 -0.01274549 0 0.06291401 -0.01238381 0 0.06236445 -0.01215076 0 0.06174939 -0.01207947 0 0.0613777 -0.01205551 0 0.06099998 -0.01205551 0 0.006999969 -0.01212781 0 0.006346106 -0.01234054 0 0.005723714 -0.0126841 0 0.005162715 -0.01314145 0 0.004689991 -0.013691 0 0.00432831 -0.01430606 0 0.004095256 -0.01467776 0 0.004023969 -0.01505547 0 0.003999948 -0.02805548 0 0.003999948 -0.03105551 0 0.006999969 -0.03098344 0 0.006347417 -0.03077155 0 0.005726277 -0.03042942 0 0.005166053 -0.02997529 0 0.0046947 -0.02942901 0 0.004333019 -0.02881562 0 0.004097819 -0.02843886 0 0.004024565 -0.03105551 0 0.04996693 -0.03087896 0 0.05394887 -0.0303508 0 0.05789959 -0.0360555 0 0.04996693 -0.0360555 0 0 -0.0360555 -0.01049995 0.04996693 -0.0360555 -0.01049995 0 -0.03455549 -0.01199996 0.04996693 -0.03455549 -0.01199996 0 -0.0360555 -0.01049995 0 -0.0360555 -0.01049995 0.04996693 -0.006458759 -0.01199996 0.1268902 -0.03080093 -0.01199996 0.06867766 -0.003765642 -0.01199996 0.1299999 0.003765642 -0.01199996 0.1299999 0.006458759 -0.01199996 0.1268902 0.03080093 -0.01199996 0.06867766 0.03455549 -0.01199996 0.04996693 0.03426229 -0.01199996 0.05529165 0.03338629 -0.01199996 0.06055212 0.03227251 -0.01199996 0.06467181 0.03455549 -0.01199996 0 -0.03455549 -0.01199996 0 -0.03455549 -0.01199996 0.04996693 -0.03258472 -0.01199996 0.06365203 -0.0338059 -0.01199996 0.05846083 -0.03436774 -0.01199996 0.05423039 0 -0.01199996 0.1 -0.001235902 -0.01199996 0.09984481 -0.002395153 -0.01199996 0.09938895 -0.003152191 -0.01199996 0.09888112 -0.003819882 -0.01199996 0.09822613 -0.00435388 -0.01199996 0.0974583 -0.00472784 -0.01199996 0.09662693 -0.004941165 -0.01199996 0.09576439 -0.004998505 -0.01199996 0.09487777 -0.004897952 -0.01199996 0.09399497 -0.004642724 -0.01199996 0.09314388 -0.00424087 -0.01199996 0.09235143 -0.003705143 -0.01199996 0.09164261 -0.003052413 -0.01199996 0.09103983 -0.002303242 -0.01199996 0.0905621 -0.001481413 -0.01199996 0.0902245 -7.49171e-4 -0.01199996 0.09005641 0 -0.01199996 0.08999997 0.001235902 -0.01199996 0.09015512 0.002395153 -0.01199996 0.09061098 0.003152191 -0.01199996 0.09111881 0.003819882 -0.01199996 0.0917738 0.00435388 -0.01199996 0.09254169 0.00472784 -0.01199996 0.093373 0.004941165 -0.01199996 0.09423553 0.004998505 -0.01199996 0.09512221 0.004897952 -0.01199996 0.09600502 0.004642724 -0.01199996 0.09685605 0.00424087 -0.01199996 0.0976485 0.003705143 -0.01199996 0.09835731 0.003052413 -0.01199996 0.0989601 0.002303242 -0.01199996 0.09943789 0.001481413 -0.01199996 0.09977549 7.49171e-4 -0.01199996 0.09994351 0 -0.01199996 0.01699995 -0.001235902 -0.01199996 0.0168448 -0.002395153 -0.01199996 0.01638895 -0.003152191 -0.01199996 0.01588112 -0.003819882 -0.01199996 0.01522612 -0.00435388 -0.01199996 0.01445829 -0.00472784 -0.01199996 0.01362693 -0.004941165 -0.01199996 0.01276439 -0.004998505 -0.01199996 0.01187777 -0.004897952 -0.01199996 0.01099497 -0.004642724 -0.01199996 0.01014387 -0.00424087 -0.01199996 0.009351432 -0.003705143 -0.01199996 0.008642613 -0.003052413 -0.01199996 0.008039832 -0.002303242 -0.01199996 0.0075621 -0.001481413 -0.01199996 0.0072245 -7.49171e-4 -0.01199996 0.007056415 0 -0.01199996 0.006999969 0.001235902 -0.01199996 0.00715512 0.002395153 -0.01199996 0.007610976 0.003152191 -0.01199996 0.008118808 0.003819882 -0.01199996 0.008773803 0.00435388 -0.01199996 0.00954169 0.00472784 -0.01199996 0.01037299 0.004941165 -0.01199996 0.01123553 0.004998505 -0.01199996 0.01212221 0.004897952 -0.01199996 0.01300501 0.004642724 -0.01199996 0.01385605 0.00424087 -0.01199996 0.01464849 0.003705143 -0.01199996 0.01535731 0.003052413 -0.01199996 0.01596009 0.002303242 -0.01199996 0.01643788 0.001481413 -0.01199996 0.01677548 7.49171e-4 -0.01199996 0.01694351 0 -0.01199996 0.1253923 6.61544e-4 -0.01199996 0.1253194 0.001292228 -0.01199996 0.1251067 0.001866459 -0.01199996 0.1247696 0.002366006 -0.01199996 0.124329 0.002726852 -0.01199996 0.1238843 0.00306195 -0.01199996 0.1233084 0.003326535 -0.01199996 0.1226072 0.003457069 -0.01199996 0.1219815 0.003498494 -0.01199996 0.121233 0.003400802 -0.01199996 0.1203956 0.003160536 -0.01199996 0.1196147 0.002792 -0.01199996 0.1189138 0.002293884 -0.01199996 0.1182984 0.001777529 -0.01199996 0.1178694 0.001258969 -0.01199996 0.1175799 6.96353e-4 -0.01199996 0.1173902 3.50513e-4 -0.01199996 0.1173297 0 -0.01199996 0.1173094 -6.61544e-4 -0.01199996 0.1173822 -0.001292228 -0.01199996 0.117595 -0.001866459 -0.01199996 0.117932 -0.002366006 -0.01199996 0.1183727 -0.002726852 -0.01199996 0.1188173 -0.00306195 -0.01199996 0.1193932 -0.003326535 -0.01199996 0.1200944 -0.003457069 -0.01199996 0.1207202 -0.003498494 -0.01199996 0.1214686 -0.003400802 -0.01199996 0.1223061 -0.003160536 -0.01199996 0.123087 -0.002792 -0.01199996 0.1237879 -0.002293884 -0.01199996 0.1244032 -0.001777529 -0.01199996 0.1248323 -0.001258969 -0.01199996 0.1251218 -6.96353e-4 -0.01199996 0.1253115 -3.50513e-4 -0.01199996 0.1253719 -0.01529997 -0.01199996 0.09694999 -0.01560896 -0.01199996 0.09691119 -0.01589876 -0.01199996 0.09679722 -0.01612293 -0.01199996 0.09664082 -0.0162875 -0.01199996 0.09646636 -0.01641565 -0.01199996 0.09626364 -0.01650279 -0.01199996 0.09604018 -0.01654559 -0.01199996 0.09580421 -0.01654261 -0.01199996 0.09556436 -0.01649385 -0.01199996 0.09532952 -0.01640111 -0.01199996 0.09510838 -0.01626783 -0.01199996 0.09490895 -0.01609897 -0.01199996 0.09473866 -0.01590067 -0.01199996 0.09460377 -0.01568025 -0.01199996 0.09450924 -0.01549237 -0.01199996 0.09446489 -0.01529997 -0.01199996 0.09444999 -0.01499098 -0.01199996 0.09448879 -0.01470118 -0.01199996 0.09460276 -0.01447701 -0.01199996 0.0947591 -0.01431244 -0.01199996 0.09493362 -0.01418429 -0.01199996 0.09513634 -0.01409715 -0.01199996 0.0953598 -0.01405435 -0.01199996 0.09559577 -0.01405733 -0.01199996 0.09583556 -0.01410615 -0.01199996 0.0960704 -0.01419883 -0.01199996 0.0962916 -0.01433211 -0.01199996 0.09649097 -0.01450097 -0.01199996 0.09666132 -0.01469928 -0.01199996 0.09679621 -0.01491969 -0.01199996 0.09689074 -0.01510757 -0.01199996 0.09693509 0.02359998 -0.01199996 0.07444995 0.02329099 -0.01199996 0.07441121 0.02300119 -0.01199996 0.07429718 0.02277702 -0.01199996 0.07414084 0.02261245 -0.01199996 0.07396632 0.0224843 -0.01199996 0.07376366 0.02239716 -0.01199996 0.07354021 0.0223543 -0.01199996 0.07330417 0.02235734 -0.01199996 0.07306438 0.0224061 -0.01199996 0.07282954 0.02249884 -0.01199996 0.07260835 0.02263212 -0.01199996 0.07240897 0.02280098 -0.01199996 0.07223868 0.02299928 -0.01199996 0.07210373 0.0232197 -0.01199996 0.0720092 0.02340757 -0.01199996 0.07196485 0.02359998 -0.01199996 0.07194995 0.02390897 -0.01199996 0.07198876 0.02419877 -0.01199996 0.07210272 0.02442294 -0.01199996 0.07225912 0.02458745 -0.01199996 0.07243359 0.02471566 -0.01199996 0.0726363 0.0248028 -0.01199996 0.07285976 0.0248456 -0.01199996 0.07309573 0.02484261 -0.01199996 0.07333558 0.0247938 -0.01199996 0.07357043 0.02470111 -0.01199996 0.07379162 0.02456784 -0.01199996 0.073991 0.02439892 -0.01199996 0.07416129 0.02420061 -0.01199996 0.07429617 0.02398025 -0.01199996 0.07439076 0.02379238 -0.01199996 0.07443505 0.0284 -0.01199996 0.03424996 0.02809101 -0.01199996 0.03421115 0.02780115 -0.01199996 0.03409719 0.02757704 -0.01199996 0.03394085 0.02741247 -0.01199996 0.03376632 0.02728426 -0.01199996 0.03356361 0.02719718 -0.01199996 0.03334015 0.02715432 -0.01199996 0.03310418 0.02715736 -0.01199996 0.03286439 0.02720612 -0.01199996 0.03262954 0.02729886 -0.01199996 0.03240835 0.02743208 -0.01199996 0.03220891 0.027601 -0.01199996 0.03203862 0.0277993 -0.01199996 0.03190374 0.02801972 -0.01199996 0.03180921 0.02820754 -0.01199996 0.03176486 0.0284 -0.01199996 0.03174996 0.02870893 -0.01199996 0.03178876 0.02899879 -0.01199996 0.03190273 0.02922296 -0.01199996 0.03205913 0.02938747 -0.01199996 0.03223359 0.02951568 -0.01199996 0.03243631 0.02960276 -0.01199996 0.03265976 0.02964562 -0.01199996 0.03289574 0.02964258 -0.01199996 0.03313559 0.02959382 -0.01199996 0.03337043 0.02950108 -0.01199996 0.03359156 0.02936786 -0.01199996 0.033791 0.02919894 -0.01199996 0.03396129 0.02900063 -0.01199996 0.03409618 0.02878022 -0.01199996 0.03419071 0.0285924 -0.01199996 0.03423506 -0.02109998 -0.01199996 0.02724999 -0.02140897 -0.01199996 0.02721118 -0.02169877 -0.01199996 0.02709722 -0.02192294 -0.01199996 0.02694082 -0.02208745 -0.01199996 0.02676635 -0.02221566 -0.01199996 0.02656364 -0.0223028 -0.01199996 0.02634018 -0.0223456 -0.01199996 0.02610421 -0.02234262 -0.01199996 0.02586436 -0.0222938 -0.01199996 0.02562952 -0.02220112 -0.01199996 0.02540838 -0.02206784 -0.01199996 0.02520895 -0.02189892 -0.01199996 0.02503865 -0.02170062 -0.01199996 0.02490377 -0.0214802 -0.01199996 0.02480924 -0.02129238 -0.01199996 0.02476489 -0.02109998 -0.01199996 0.02474999 -0.02079099 -0.01199996 0.02478879 -0.02050119 -0.01199996 0.02490276 -0.02027702 -0.01199996 0.0250591 -0.02011245 -0.01199996 0.02523362 -0.0199843 -0.01199996 0.02543634 -0.01989716 -0.01199996 0.02565979 -0.0198543 -0.01199996 0.02589577 -0.01985734 -0.01199996 0.02613556 -0.0199061 -0.01199996 0.0263704 -0.01999884 -0.01199996 0.02659159 -0.02013212 -0.01199996 0.02679097 -0.02030098 -0.01199996 0.02696132 -0.02049928 -0.01199996 0.02709621 -0.0207197 -0.01199996 0.02719074 -0.02090758 -0.01199996 0.02723509 -0.007799983 -0.01199996 0.08449995 -0.007762372 -0.01199996 0.08483374 -0.007651448 -0.01199996 0.08515077 -0.007472693 -0.01199996 0.08543521 -0.007235229 -0.01199996 0.08567273 -0.006950795 -0.01199996 0.08585143 -0.006633758 -0.01199996 0.08596235 -0.006299972 -0.01199996 0.08599996 -0.007799983 -0.01199996 0.02149999 -0.006299972 -0.01199996 0.01999998 -0.006633758 -0.01199996 0.02003759 -0.006950795 -0.01199996 0.02014851 -0.007235229 -0.01199996 0.02032721 -0.007472693 -0.01199996 0.02056473 -0.007651448 -0.01199996 0.02084916 -0.007762372 -0.01199996 0.0211662 0.006299972 -0.01199996 0.01999998 0.007799983 -0.01199996 0.02149999 0.007762372 -0.01199996 0.0211662 0.007651448 -0.01199996 0.02084916 0.007472693 -0.01199996 0.02056473 0.007235229 -0.01199996 0.02032721 0.006950795 -0.01199996 0.02014851 0.006633758 -0.01199996 0.02003759 0.007799983 -0.01199996 0.08449995 0.006299972 -0.01199996 0.08599996 0.006633758 -0.01199996 0.08596235 0.006950795 -0.01199996 0.08585143 0.007235229 -0.01199996 0.08567273 0.007472693 -0.01199996 0.08543521 0.007651448 -0.01199996 0.08515077 0.007762372 -0.01199996 0.08483374 0.01489996 -0.005999982 0.00999999 0.014961 -0.005497395 0.00999999 0.01514053 -0.005024075 0.00999999 0.01542812 -0.004607439 0.00999999 0.01580703 -0.004271686 0.00999999 0.01625531 -0.004036426 0.00999999 0.01674687 -0.003915309 0.00999999 0.0172531 -0.003915309 0.00999999 0.01774466 -0.004036426 0.00999999 0.01819288 -0.004271686 0.00999999 0.01857185 -0.004607439 0.00999999 0.01885944 -0.005024075 0.00999999 0.01903897 -0.005497395 0.00999999 0.01909995 -0.005999982 0.00999999 0.01699995 -0.005999982 0.01126176 0.01699995 -0.005999982 0.01126176 0.01636928 -0.005696237 0.01084119 0.01656353 -0.005452692 0.01084119 0.0157386 -0.005392551 0.01042056 0.01684421 -0.005317509 0.01084119 0.0161271 -0.004905402 0.01042056 0.01715576 -0.005317509 0.01084119 0.01668846 -0.004635095 0.01042056 0.01743644 -0.005452692 0.01084119 0.01731151 -0.004635095 0.01042056 0.01763063 -0.005696237 0.01084119 0.01787286 -0.004905402 0.01042056 0.01826131 -0.005392551 0.01042056 0.0360555 -0.01049995 0 0.03455549 -0.01199996 0 0.0360555 0 0 0.007799983 0 0 0.007799983 -0.000999987 0 -0.007799983 -0.000999987 0 -0.007799983 0 0 -0.0360555 0 0 -0.0360555 -0.01049995 0 -0.03455549 -0.01199996 0 -0.02699995 -0.005999982 0 -0.02707302 -0.006658077 0 -0.02728873 -0.007284104 0 -0.02757745 -0.007769584 0 -0.0279029 -0.008145272 0 -0.02828592 -0.008462071 0 -0.02871602 -0.008711338 0 -0.0291813 -0.008886098 0 -0.0296691 -0.008981645 0 -0.03016597 -0.008995354 0 -0.0306583 -0.008926868 0 -0.03113251 -0.008777976 0 -0.03157567 -0.008552849 0 -0.03197556 -0.008257627 0 -0.03232121 -0.007900476 0 -0.03260314 -0.007491052 0 -0.03281366 -0.007040798 0 -0.03294688 -0.006561934 0 -0.03298664 -0.00628221 0 -0.03299999 -0.005999982 0 -0.03292691 -0.005341887 0 -0.0327112 -0.0047158 0 -0.03242248 -0.00423038 0 -0.03209704 -0.003854632 0 -0.03171402 -0.003537833 0 -0.03128397 -0.003288626 0 -0.03081864 -0.003113865 0 -0.03033083 -0.00301826 0 -0.02983397 -0.00300455 0 -0.02934169 -0.003073096 0 -0.02886742 -0.003221988 0 -0.02842426 -0.003447115 0 -0.02802437 -0.003742277 0 -0.02767872 -0.004099488 0 -0.02739679 -0.004508852 0 -0.02718633 -0.004959166 0 -0.02705305 -0.005438029 0 -0.0270133 -0.005717754 0 0.03299999 -0.005999982 0 0.03292691 -0.006658077 0 0.0327112 -0.007284104 0 0.03242248 -0.007769584 0 0.03209704 -0.008145272 0 0.03171402 -0.008462071 0 0.03128397 -0.008711338 0 0.03081864 -0.008886098 0 0.03033083 -0.008981645 0 0.02983397 -0.008995354 0 0.02934169 -0.008926868 0 0.02886742 -0.008777976 0 0.02842426 -0.008552849 0 0.02802437 -0.008257627 0 0.02767872 -0.007900476 0 0.02739679 -0.007491052 0 0.02718633 -0.007040798 0 0.02705305 -0.006561934 0 0.0270133 -0.00628221 0 0.02699995 -0.005999982 0 0.02707302 -0.005341887 0 0.02728873 -0.0047158 0 0.02757745 -0.00423038 0 0.0279029 -0.003854632 0 0.02828592 -0.003537833 0 0.02871602 -0.003288626 0 0.0291813 -0.003113865 0 0.0296691 -0.00301826 0 0.03016597 -0.00300455 0 0.0306583 -0.003073096 0 0.03113251 -0.003221988 0 0.03157567 -0.003447115 0 0.03197556 -0.003742277 0 0.03232121 -0.004099488 0 0.03260314 -0.004508852 0 0.03281366 -0.004959166 0 0.03294688 -0.005438029 0 0.03298664 -0.005717754 0 -0.01489996 -0.005999982 0 -0.01495915 -0.006494879 0 -0.01513326 -0.006961941 0 -0.01532167 -0.007262229 0 -0.01557236 -0.007540047 0 -0.01586836 -0.007768988 0 -0.01618212 -0.007934153 0 -0.01650094 -0.008039832 0 -0.01683259 -0.008093297 0 -0.01716846 -0.008093178 0 -0.01750004 -0.008039534 0 -0.01781886 -0.007933735 0 -0.01811671 -0.007778406 0 -0.018386 -0.007577598 0 -0.01861977 -0.007336437 0 -0.01881217 -0.007061123 0 -0.01895815 -0.00675857 0 -0.01905405 -0.006436645 0 -0.01908844 -0.006219565 0 -0.01909995 -0.005999982 0 -0.01904082 -0.005505084 0 -0.01886671 -0.005038022 0 -0.01867824 -0.004737734 0 -0.01842761 -0.004459857 0 -0.01813155 -0.004230916 0 -0.01781785 -0.004065811 0 -0.01749897 -0.003960132 0 -0.01716738 -0.003906667 0 -0.01683145 -0.003906726 0 -0.01649987 -0.003960371 0 -0.01618111 -0.004066228 0 -0.01588326 -0.004221498 0 -0.01561397 -0.004422307 0 -0.01538014 -0.004663467 0 -0.01518779 -0.00493884 0 -0.01504176 -0.005241334 0 -0.01494586 -0.005563259 0 -0.01491147 -0.005780398 0 0.01909995 -0.005999982 0 0.01903897 -0.006502509 0 0.01885944 -0.006975889 0 0.01857185 -0.007392525 0 0.01819288 -0.007728219 0 0.01774466 -0.007963478 0 0.0172531 -0.008084654 0 0.01674687 -0.008084654 0 0.01625531 -0.007963478 0 0.01580703 -0.007728219 0 0.01542812 -0.007392525 0 0.01514053 -0.006975889 0 0.014961 -0.006502509 0 0.01489996 -0.005999982 0 0.014961 -0.005497395 0 0.01514053 -0.005024075 0 0.01542812 -0.004607439 0 0.01580703 -0.004271686 0 0.01625531 -0.004036426 0 0.01674687 -0.003915309 0 0.0172531 -0.003915309 0 0.01774466 -0.004036426 0 0.01819288 -0.004271686 0 0.01857185 -0.004607439 0 0.01885944 -0.005024075 0 0.01903897 -0.005497395 0 0.01489996 -0.005999982 0 0.014961 -0.005497395 0 0.01514053 -0.005024075 0 0.01542812 -0.004607439 0 0.01580703 -0.004271686 0 0.01625531 -0.004036426 0 0.01674687 -0.003915309 0 0.0172531 -0.003915309 0 0.01774466 -0.004036426 0 0.01819288 -0.004271686 0 0.01857185 -0.004607439 0 0.01885944 -0.005024075 0 0.01903897 -0.005497395 0 0.01909995 -0.005999982 0 0.01489996 -0.005999982 0.00999999 0.014961 -0.005497395 0.00999999 0.01514053 -0.005024075 0.00999999 0.01542812 -0.004607439 0.00999999 0.01580703 -0.004271686 0.00999999 0.01625531 -0.004036426 0.00999999 0.01674687 -0.003915309 0.00999999 0.0172531 -0.003915309 0.00999999 0.01774466 -0.004036426 0.00999999 0.01819288 -0.004271686 0.00999999 0.01857185 -0.004607439 0.00999999 0.01885944 -0.005024075 0.00999999 0.01903897 -0.005497395 0.00999999 0.01909995 -0.005999982 0.00999999 0.01909995 -0.005999982 0.00999999 0.01903897 -0.006502509 0.00999999 0.01885944 -0.006975889 0.00999999 0.01857185 -0.007392525 0.00999999 0.01819288 -0.007728219 0.00999999 0.01774466 -0.007963478 0.00999999 0.0172531 -0.008084654 0.00999999 0.01674687 -0.008084654 0.00999999 0.01625531 -0.007963478 0.00999999 0.01580703 -0.007728219 0.00999999 0.01542812 -0.007392525 0.00999999 0.01514053 -0.006975889 0.00999999 0.014961 -0.006502509 0.00999999 0.01489996 -0.005999982 0.00999999 0.01699995 -0.005999982 0.01126176 0.01699995 -0.005999982 0.01126176 0.01743644 -0.006547272 0.01084119 0.01763063 -0.006303668 0.01084119 0.01826131 -0.006607413 0.01042056 0.01715576 -0.006682395 0.01084119 0.01787286 -0.007094562 0.01042056 0.01684421 -0.006682395 0.01084119 0.01731151 -0.007364869 0.01042056 0.01656353 -0.006547272 0.01084119 0.01668846 -0.007364869 0.01042056 0.01636928 -0.006303668 0.01084119 0.0161271 -0.007094562 0.01042056 0.0157386 -0.006607413 0.01042056 0.01489996 -0.005999982 0.00999999 0.01489996 -0.005999982 0 0.01909995 -0.005999982 0 0.01903897 -0.006502509 0 0.01885944 -0.006975889 0 0.01857185 -0.007392525 0 0.01819288 -0.007728219 0 0.01774466 -0.007963478 0 0.0172531 -0.008084654 0 0.01674687 -0.008084654 0 0.01625531 -0.007963478 0 0.01580703 -0.007728219 0 0.01542812 -0.007392525 0 0.01514053 -0.006975889 0 0.014961 -0.006502509 0 0.01909995 -0.005999982 0.00999999 0.01903897 -0.006502509 0.00999999 0.01885944 -0.006975889 0.00999999 0.01857185 -0.007392525 0.00999999 0.01819288 -0.007728219 0.00999999 0.01774466 -0.007963478 0.00999999 0.0172531 -0.008084654 0.00999999 0.01674687 -0.008084654 0.00999999 0.01625531 -0.007963478 0.00999999 0.01580703 -0.007728219 0.00999999 0.01542812 -0.007392525 0.00999999 0.01514053 -0.006975889 0.00999999 0.014961 -0.006502509 0.00999999</float_array>
          <technique_common>
            <accessor source="#_204_MECA_024_SPEC_stp-mesh-positions-array" count="2914" stride="3">
              <param name="X" type="float"/>
              <param name="Y" type="float"/>
              <param name="Z" type="float"/>
            </accessor>
          </technique_common>
        </source>
        <source id="_204_MECA_024_SPEC_stp-mesh-normals">
          <float_array id="_204_MECA_024_SPEC_stp-mesh-normals-array" count="7557">0.1491323 -0.7071099 -0.6911984 4.40329e-5 -0.7071094 -0.7071042 2.72092e-6 -0.7071091 -0.7071045 0.1608976 -0.7071011 -0.6885637 0.2915424 -0.7071062 -0.644208 0.3133414 -0.7071182 -0.6338779 0.4028313 -0.7071037 -0.5811467 0.4493559 -0.7071197 -0.5459497 0.4899514 -0.7071057 -0.5098521 0.5617968 -0.7071166 -0.4293841 0.5646892 -0.7071179 -0.4255707 0.6250479 -0.7071071 -0.3306277 0.6447575 -0.7071207 -0.2902898 0.6696323 -0.7071011 -0.227158 0.6939129 -0.7071049 -0.1359686 0.6971722 -0.7071107 -0.1180914 0.7070741 -0.7071141 -0.005994558 0.706629 -0.7071251 0.02548664 0.699014 -0.7071636 0.1062975 0.682316 -0.7071017 0.1856132 0.67332 -0.7071161 0.215933 0.6221764 -0.7071095 0.3359951 0.6305436 -0.7071083 0.3200199 0.5717819 -0.7071051 0.4160143 0.5294062 -0.7071057 0.4687544 0.498499 -0.7071068 0.5014966 0.4088526 -0.7071181 0.5769086 0.4126358 -0.7071179 0.5742092 0.3162208 -0.7071054 0.6324607 0.266863 -0.7071171 0.654805 0.211885 -0.7070611 0.6746624 0.1359663 -0.7071101 0.6939081 0.1071687 -0.7071064 0.6989389 4.91936e-6 -0.7071064 0.7071073 3.70592e-5 -0.7071063 0.7071074 -0.1491144 -0.7071025 0.6912097 -3.83183e-5 -0.7071099 0.7071037 -3.28294e-6 -0.7071039 0.7071098 -0.1692171 -0.707117 0.6865502 -0.2915292 -0.7071022 0.6442182 -0.3286088 -0.7071064 0.6261124 -0.4028241 -0.7071049 0.5811502 -0.4688963 -0.707113 0.5292708 -0.4899578 -0.7071051 0.5098469 -0.5646414 -0.7071148 0.4256393 -0.5819425 -0.7071019 0.4016838 -0.6250348 -0.7071267 0.3306105 -0.6611547 -0.7071087 0.2507424 -0.6695967 -0.7071055 0.2272492 -0.6971592 -0.7071171 0.1181285 -0.7019373 -0.7071204 0.08523321 -0.707008 -0.707181 0.005898416 -0.7019633 -0.7070949 -0.08523207 -0.6990687 -0.7071069 -0.106315 -0.6733369 -0.7071168 -0.2158779 -0.6611356 -0.7071306 -0.2507311 -0.6305068 -0.7071295 -0.3200454 -0.5819329 -0.7071113 -0.4016812 -0.5717533 -0.7071108 -0.4160438 -0.4984951 -0.7071041 -0.5015044 -0.4688982 -0.7071081 -0.5292755 -0.4125876 -0.7071109 -0.5742524 -0.3286009 -0.7071204 -0.6261008 -0.3162496 -0.7071045 -0.6324473 -0.2118838 -0.7071139 -0.6746075 -0.1692215 -0.7071148 -0.6865514 -0.1071604 -0.7071118 -0.6989346 -2.3568e-5 -0.7071135 -0.7071001 -9.19402e-6 -0.707106 -0.7071077 0 1 1.3391e-7 0 1 0 0.1491287 -0.7071082 -0.6912009 3.95104e-5 -0.707111 -0.7071027 1.01159e-5 -0.7071084 -0.7071053 0.1608976 -0.707101 -0.6885638 0.2915415 -0.7071061 -0.6442086 0.3133415 -0.7071183 -0.6338776 0.4028286 -0.7071031 -0.5811492 0.449355 -0.7071207 -0.5459492 0.4899542 -0.7071061 -0.509849 0.561797 -0.7071162 -0.4293844 0.5646899 -0.7071183 -0.4255692 0.625046 -0.7071077 -0.3306301 0.6447563 -0.7071219 -0.2902896 0.6696312 -0.7071015 -0.2271602 0.6939119 -0.707106 -0.135968 0.6971725 -0.7071101 -0.1180925 0.7070751 -0.7071131 -0.005991995 0.7066594 -0.7070944 0.02549481 0.69924 -0.7069293 0.1063698 0.6823179 -0.7070997 0.1856133 0.6733195 -0.7071164 0.2159336 0.6221753 -0.7071106 0.3359948 0.6305431 -0.7071077 0.3200222 0.5717523 -0.7071081 0.41605 0.5294081 -0.7071037 0.4687551 0.4984975 -0.707107 0.5014978 0.4088534 -0.7071166 0.5769099 0.4126283 -0.7071159 0.5742169 0.3162623 -0.7071091 0.6324357 0.2668625 -0.7071147 0.6548078 0.211871 -0.7070917 0.6746347 0.135966 -0.707111 0.6939074 0.1071747 -0.7071081 0.6989362 1.75356e-6 -0.7071086 0.7071051 1.18315e-5 -0.7071053 0.7071084 -0.1491551 -0.707118 0.6911852 -3.59714e-5 -0.7071095 0.7071041 -1.01159e-5 -0.7071084 0.7071053 -0.1692171 -0.7071181 0.6865491 -0.2915303 -0.7071025 0.6442176 -0.3286092 -0.7071062 0.6261124 -0.4027879 -0.7071011 0.5811799 -0.4688964 -0.7071131 0.5292706 -0.4899578 -0.7071052 0.5098467 -0.5646439 -0.7071137 0.4256379 -0.5819401 -0.7071043 0.4016831 -0.6249664 -0.707223 0.3305339 -0.6611562 -0.7071075 0.2507421 -0.6695969 -0.7071049 0.2272506 -0.6971619 -0.7071152 0.1181243 -0.7019401 -0.7071177 0.08523344 -0.7069815 -0.7072077 0.005872607 -0.7019296 -0.7071279 -0.08523559 -0.6990669 -0.707108 -0.1063191 -0.6733372 -0.7071169 -0.2158769 -0.6611648 -0.7070969 -0.2507491 -0.6305441 -0.7071057 -0.3200244 -0.581934 -0.7071104 -0.4016813 -0.5717536 -0.7071108 -0.4160434 -0.4984936 -0.7071032 -0.5015071 -0.4688977 -0.7071077 -0.5292765 -0.4125393 -0.7071331 -0.5742596 -0.3286003 -0.7071211 -0.6261003 -0.3162554 -0.7071033 -0.6324456 -0.2118826 -0.7071135 -0.6746083 -0.1692207 -0.7071159 -0.6865504 -0.1071591 -0.7071126 -0.698934 -2.81114e-5 -0.7071132 -0.7071005 -1.18315e-5 -0.7071053 -0.7071084 0.2275298 5.74505e-5 -0.9737712 1.22488e-5 -4.7475e-6 -1 2.27019e-5 0 -1 0.2289279 -1.03425e-4 -0.9734434 0.443142 1.00676e-6 -0.8964515 0.4457573 -7.12598e-7 -0.8951539 0.6123049 -7.53091e-7 -0.7906218 0.6355005 -2.30854e-5 -0.7721006 0.7394385 -2.06356e-5 -0.6732241 0.7945109 3.4553e-5 -0.6072499 0.844432 -2.32012e-5 -0.5356628 0.9118461 2.34563e-5 -0.4105323 0.9241634 1.3015e-5 -0.3819976 0.9813372 3.70638e-5 -0.1922952 0.9761333 3.76385e-5 -0.2171725 0.9989653 6.27142e-5 -0.04548144 0.99935 -2.45371e-5 0.03605061 0.9918516 -2.46513e-5 0.1273993 0.9649301 5.09231e-5 0.2625071 0.9550399 0 0.2964772 0.8798969 3.8804e-5 0.4751647 0.8896442 6.55609e-6 0.4566546 0.7975867 -2.84482e-5 0.6032043 0.748692 6.79679e-6 0.662918 0.6816461 -5.71652e-5 0.731682 0.5782061 4.79629e-5 0.8158908 0.5451596 -5.99968e-5 0.8383324 0.3774217 5.49655e-6 0.9260414 0.3926448 1.555e-6 0.9196903 0.2282091 -4.50876e-7 0.9736121 0.1922861 -1.13295e-5 0.9813389 0.1148717 2.06796e-5 0.9933804 8.62777e-6 9.24873e-6 1 -3.29688e-6 0 1 -4.38318e-5 6.05545e-4 0.9999999 -0.2290495 1.28464e-4 0.9734148 -4.93526e-5 0 1 -0.2392958 8.88605e-5 0.9709467 -0.445761 -7.57398e-7 0.8951521 -0.4647248 -6.17048e-6 0.8854553 -0.6123119 -1.87429e-7 0.7906163 -0.6631219 1.13437e-5 0.7485114 -0.7394447 -4.47405e-5 0.6732174 -0.8229869 2.8583e-5 0.5680603 -0.8444755 1.35668e-5 0.5355942 -0.9350133 4.51712e-5 0.3546129 -0.9241858 -3.68768e-5 0.3819436 -0.9761617 -4.02742e-5 0.2170442 -0.9927089 -9.49181e-6 0.1205371 -0.9989655 -5.46449e-5 0.04547429 -0.9927089 4.57396e-6 -0.120537 -0.9918769 -2.06448e-5 -0.1272023 -0.9550546 -4.16103e-5 -0.2964301 -0.9350167 8.98657e-6 -0.354604 -0.889629 -6.31494e-5 -0.4566838 -0.8229806 3.37872e-5 -0.5680696 -0.7975192 -3.30571e-6 -0.6032937 -0.6631222 -5.04358e-6 -0.7485112 -0.6816735 7.24032e-6 -0.7316566 -0.5453211 -5.84868e-5 -0.8382273 -0.4647231 9.50298e-6 -0.8854562 -0.3926149 -5.98562e-5 -0.919703 -0.2393163 1.64972e-5 -0.9709417 -0.228195 -5.31974e-5 -0.9736155 -0.1148269 -6.65599e-5 -0.9933856 -1.11535e-5 2.41236e-6 -1 -9.31323e-6 0 -1 0 1 0 0 -1 0 0 -1 -4.27947e-7 0 -1 0 0 -1 5.35406e-7 0 -1 -1.99749e-6 0 -1 2.02519e-6 0 -1 0 0 -1 1.04669e-6 0 -1 4.38929e-7 0 -1 1.00372e-6 0 -1 2.20094e-7 0 -1 8.56761e-7 0 -1 -4.38666e-7 0 -1 5.07159e-7 0 -1 2.00574e-6 0 -1 -1.01663e-6 0 -1 8.53785e-7 0 -1 -1.7494e-6 0 -1 -5.23678e-7 0 -1 -5.20059e-7 0 -1 -1.37788e-6 0 -1 1.90491e-6 0 -1 -3.75036e-7 0 -1 -4.36858e-7 0 -1 -1.00139e-6 0 -1 8.90456e-7 0 -1 -4.3926e-7 0 -1 0 0 -1 -2.20168e-7 0 -1 -4.27947e-7 0 -1 5.35409e-7 0 -1 -1.99747e-6 0 -1 0 0 -1 1.04669e-6 0 -1 4.38928e-7 0 -1 1.00372e-6 0 -1 2.20094e-7 0 -1 8.56761e-7 0 -1 -4.38665e-7 0 -1 5.07163e-7 0 -1 -1.01664e-6 0 -1 8.53784e-7 0 -1 -1.74938e-6 0 -1 -5.23676e-7 0 -1 -5.20058e-7 0 -1 -1.37788e-6 0 -1 1.90491e-6 0 -1 -3.75038e-7 0 -1 -4.36858e-7 0 -1 -1.00139e-6 0 -1 8.90458e-7 0 -1 0 0 -1 -2.20168e-7 0.2234832 -0.8571624 -0.4640346 9.70662e-5 0.857165 0.515042 3.0178e-5 -0.8571745 -0.5150264 0.4026851 -0.8571615 -0.3211215 0.2234507 -0.857178 -0.4640212 0.1232609 -0.8571652 -0.5000745 0.2393712 -0.8571717 -0.4560243 0.3415392 -0.8571648 -0.3855124 0.5021275 -0.8571662 -0.1146053 0.4026547 -0.8571825 -0.3211035 0.423868 -0.8571668 -0.2925764 0.4815562 -0.857173 -0.1826416 0.5021249 -0.857167 0.1146099 -0.1552729 0.4326604 -0.8880853 0.5021145 -0.857174 -0.1146034 0.5112832 -0.8571671 -0.06208115 0.5112884 -0.8571634 0.06208956 0.4026669 -0.8571695 0.3211228 0.5020999 -0.8571832 0.1145986 0.4815564 -0.857173 0.1826418 0.2234489 -0.8571514 0.4640713 0.4026529 -0.8571832 0.3211036 0.4238683 -0.8571673 0.2925749 0.3415364 -0.8571659 0.3855121 0.2234624 -0.8571704 0.4640299 0.239377 -0.8571729 0.4560191 0.1232484 -0.8571737 0.5000632 1.06394e-5 -0.8571687 0.515036 -0.4026669 -0.8571704 0.3211204 -3.06964e-6 0.8571978 -0.5149874 -0.2234042 -0.8571773 0.464045 -0.223457 -0.8571736 0.4640264 -9.72243e-6 -0.85717 0.5150336 -0.1232491 -0.8571735 0.5000635 -0.2393436 -0.8571661 0.4560494 -0.3415377 -0.8571653 0.3855122 -0.502133 -0.8571625 0.1146078 0.3049635 0.720502 -0.6227955 -0.4026825 -0.8571594 0.3211303 -0.4238677 -0.8571669 0.2925767 -0.481557 -0.8571727 0.1826412 -0.5021207 -0.8571699 -0.1146069 -0.5021142 -0.8571742 0.1146034 -0.511286 -0.8571652 0.06208503 -0.5112887 -0.8571633 -0.06208974 -0.4026724 -0.8571667 -0.3211237 -0.5020964 -0.8571853 -0.1145976 -0.4815572 -0.8571726 -0.1826417 -0.2235008 -0.8571625 -0.4640257 -0.4026545 -0.8571818 -0.3211058 -0.4238677 -0.8571664 -0.2925782 -0.3415408 -0.8571637 -0.3855132 -0.2234682 -0.857167 -0.4640329 -0.2393376 -0.8571648 -0.4560548 -0.1232601 -0.8571646 -0.5000761 -8.12113e-6 -0.8571673 -0.5150381 0.2234591 -0.8571677 -0.4640361 -4.39286e-5 0.8572174 0.5149546 3.62754e-5 -0.857175 -0.5150253 0.4026665 -0.8571681 -0.3211271 0.2234787 -0.8571583 -0.4640442 0.1232647 -0.8571618 -0.5000797 0.2393381 -0.8571649 -0.4560544 0.3415064 -0.8571805 -0.3855065 0.5021314 -0.8571641 -0.1146039 0.402684 -0.8571587 -0.3211303 0.4238682 -0.8571675 -0.2925742 0.4815493 -0.8571762 -0.1826457 0.502122 -0.8571686 0.1146104 -0.1552804 0.4326589 -0.8880847 0.5021128 -0.8571749 -0.1146034 0.5112857 -0.8571653 -0.06208491 0.5112898 -0.8571624 0.06209135 0.4026752 -0.8571659 0.3211218 0.5021302 -0.8571641 0.114608 0.4815605 -0.8571711 0.1826396 0.223488 -0.8571795 0.4640007 0.4026814 -0.8571596 0.3211309 0.423869 -0.8571685 0.2925703 0.3415361 -0.857166 0.3855122 0.2234675 -0.8571675 0.4640327 0.2393707 -0.8571715 0.4560249 0.1232391 -0.857181 0.5000532 1.56164e-5 -0.8571681 0.5150367 -0.4026747 -0.8571663 0.3211216 7.6741e-6 0.8571962 -0.51499 -0.2234514 -0.8572091 0.4639634 -0.2234585 -0.8571725 0.4640275 -1.42875e-5 -0.8571702 0.5150334 -0.1232421 -0.8571795 0.5000547 -0.2393709 -0.8571717 0.4560246 -0.3414955 -0.8571854 0.3855049 -0.5021115 -0.8571746 0.1146118 0.3049438 0.7205109 -0.6227948 -0.4026543 -0.8571823 0.3211045 -0.4238681 -0.8571678 0.2925736 -0.4815615 -0.8571707 0.182639 -0.502126 -0.857167 -0.1146049 -0.5021159 -0.8571729 0.1146047 -0.5112834 -0.8571671 0.06208097 -0.5112642 -0.8571809 -0.06204968 -0.4026662 -0.857169 -0.3211251 -0.5021158 -0.8571733 -0.1146026 -0.4815508 -0.8571755 -0.1826447 -0.2234368 -0.8571506 -0.4640786 -0.4026671 -0.8571715 -0.3211172 -0.4238678 -0.8571666 -0.2925774 -0.3415071 -0.8571799 -0.3855069 -0.2234619 -0.8571714 -0.4640281 -0.2393723 -0.857172 -0.456023 -0.1232367 -0.8571813 -0.500053 -1.06618e-5 -0.8571683 -0.5150367 0.2234746 -0.8571636 -0.4640364 1.05113e-4 0.8571643 0.5150433 3.85249e-5 -0.8571739 -0.5150271 0.4026785 -0.8571646 -0.3211213 0.223452 -0.8571782 -0.4640203 0.1232411 -0.8571789 -0.500056 0.2393344 -0.8571642 -0.4560578 0.3415334 -0.8571674 -0.3855116 0.5021219 -0.8571691 -0.1146076 0.4026545 -0.8571817 -0.3211059 0.4238677 -0.8571664 -0.2925782 0.4815555 -0.8571734 -0.1826422 0.5021222 -0.8571618 0.1146607 -0.1552793 0.4326617 -0.8880835 0.502115 -0.8571736 -0.1146038 0.5112839 -0.8571665 -0.0620827 0.5112884 -0.8571635 0.06208926 0.4026763 -0.8571658 0.3211213 0.5021336 -0.8571619 0.1146096 0.4815569 -0.8571727 0.1826417 0.2234604 -0.8571668 0.4640372 4.16115e-5 -0.857172 0.5150305 0.4026544 -0.8571819 0.3211055 0.4238674 -0.8571656 0.2925809 0.3415336 -0.8571672 0.3855118 0.2234658 -0.8571677 0.464033 0.2393411 -0.8571656 0.4560517 0.1232433 -0.8571776 0.5000576 -0.2234643 -0.8571681 0.4640328 5.72205e-6 0.8571869 -0.5150056 -4.02259e-5 -0.8571746 0.515026 -0.4026763 -0.8571655 0.3211216 -0.2234515 -0.8571775 0.4640217 -0.1232442 -0.8571782 0.5000565 -0.2393745 -0.8571724 0.4560211 -0.341534 -0.8571673 0.3855114 -0.5021243 -0.8571682 0.1146044 -0.402683 -0.8571586 0.321132 -0.4238671 -0.8571658 0.2925809 -0.4815589 -0.8571719 0.1826406 -0.5021324 -0.8571733 -0.1145306 0.2289613 0.6379459 -0.7352563 -0.5021138 -0.8571743 0.1146041 -0.5112853 -0.8571656 0.06208419 -0.5112897 -0.8571627 -0.06209075 -0.4026784 -0.857165 -0.3211203 -0.5020968 -0.857185 -0.1145978 -0.4815574 -0.8571725 -0.1826415 -0.2234461 -0.8571685 -0.4640411 -0.4026557 -0.8571814 -0.3211051 -0.4238676 -0.8571661 -0.2925791 -0.341534 -0.857167 -0.3855119 -0.223463 -0.85717 -0.46403 -0.239368 -0.857171 -0.4560271 -0.1232404 -0.8571789 -0.5000561 -1.3791e-5 -0.8571674 -0.5150381 0.223468 -0.8571674 -0.4640324 -6.16312e-5 0.8572183 0.5149533 3.32345e-5 -0.8571744 -0.5150265 0.4026776 -0.8571665 -0.3211174 0.2234514 -0.8571776 -0.4640218 0.1232392 -0.8571817 -0.5000518 0.2393724 -0.857172 -0.456023 0.341538 -0.8571652 -0.3855123 0.5021271 -0.8571664 -0.1146041 0.402656 -0.8571814 -0.3211048 0.4238675 -0.8571667 -0.2925775 0.4815533 -0.8571743 -0.1826434 0.5021259 -0.8571668 0.1146063 -0.1552808 0.432662 -0.888083 0.5021154 -0.8571733 -0.1146038 0.5112835 -0.857167 -0.06208145 0.5112894 -0.8571628 0.06209045 0.4026761 -0.8571665 0.3211196 0.5021344 -0.8571615 0.1146088 0.4815582 -0.8571722 0.1826411 0.223504 -0.8571614 0.4640265 0.4026677 -0.857171 0.3211176 0.4238677 -0.8571659 0.2925797 0.3415402 -0.8571641 0.3855128 0.2234585 -0.8571735 0.4640259 0.2393401 -0.8571653 0.4560526 0.1232382 -0.8571811 0.500053 6.58631e-6 -0.8571678 0.5150373 -0.4026762 -0.857166 0.3211205 4.7043e-5 0.8571479 -0.5150704 -0.2235109 -0.8571587 0.4640281 -0.2234579 -0.8571733 0.4640266 -5.66512e-6 -0.8571697 0.5150341 -0.1232401 -0.8571807 0.5000534 -0.2393387 -0.857165 0.4560539 -0.341538 -0.8571653 0.3855122 -0.5021225 -0.8571689 0.114606 -0.4026549 -0.8571821 0.3211043 -0.4238673 -0.8571657 0.2925807 -0.4815595 -0.8571716 0.1826403 -0.5021266 -0.8571664 -0.1146067 0.2290867 0.6378213 -0.7353253 -0.5021139 -0.8571743 0.1146035 -0.5112847 -0.8571661 0.06208348 -0.5112652 -0.8571801 -0.06205129 -0.4026739 -0.8571673 -0.3211201 -0.5021365 -0.8571603 -0.1146096 -0.4815545 -0.8571739 -0.1826429 -0.2235234 -0.8571687 -0.4640033 -0.402656 -0.8571808 -0.3211066 -0.4238731 -0.8571785 -0.2925349 -0.3414946 -0.8571857 -0.3855051 -0.2234665 -0.8571682 -0.4640319 -0.2393374 -0.8571647 -0.4560552 -0.1232395 -0.8571802 -0.5000544 -9.13441e-6 -0.8571679 -0.5150372 -0.7559303 0 0.6546522 -0.7559235 0 0.6546601 0.7559303 0 0.6546521 0.7559235 0 0.6546601 -0.4640328 0.2234674 -0.8571674 -0.5150547 -1.36365e-5 -0.8571573 -0.5150271 3.42762e-5 -0.8571739 -0.32112 0.4026717 -0.8571684 -0.4640204 0.2234514 -0.8571782 -0.5000541 0.1232411 -0.8571801 -0.456055 0.2393375 -0.8571648 -0.3855122 0.3415383 -0.8571651 -0.1146062 0.502124 -0.857168 -0.321132 0.4026834 -0.8571584 -0.2925778 0.4238675 -0.8571665 -0.1826431 0.4815535 -0.8571743 0.1146134 0.5021579 -0.8571472 -0.5400555 -0.4306819 -0.7230859 -0.1146104 0.5021315 -0.8571631 -0.06208515 0.5112859 -0.8571652 0.06205421 0.5112669 -0.8571788 0.3211206 0.4026721 -0.8571679 0.1146029 0.5021131 -0.8571748 0.1826424 0.4815556 -0.8571733 0.4639904 0.2234348 -0.8571988 0.3211311 0.4026844 -0.8571583 0.292578 0.4238678 -0.8571665 0.3855125 0.3415378 -0.8571652 0.4640318 0.2234655 -0.8571684 0.456055 0.2393375 -0.8571649 0.5000553 0.1232413 -0.8571792 0.5150355 1.25691e-5 -0.8571689 0.32112 -0.4026749 -0.8571668 0.5150557 9.94478e-6 -0.8571568 0.464057 -0.2234594 -0.8571563 0.4640265 -0.2234593 -0.857173 0.5150325 -1.14617e-5 -0.8571707 0.5000548 -0.123242 -0.8571794 0.4560549 -0.2393375 -0.8571648 0.3855122 -0.3415384 -0.8571651 0.1146061 -0.5021253 -0.8571673 0.321104 -0.4026544 -0.8571824 0.292578 -0.4238675 -0.8571667 0.1826423 -0.4815557 -0.8571732 -0.114607 -0.5021241 -0.8571679 0.5400563 0.4306794 -0.7230868 0.1146041 -0.5021151 -0.8571735 0.06208539 -0.5112856 -0.8571655 -0.06205356 -0.5112666 -0.8571791 -0.3211213 -0.402671 -0.8571681 -0.11461 -0.5021358 -0.8571607 -0.1826435 -0.4815536 -0.8571742 -0.4640079 -0.2234773 -0.8571782 -0.321106 -0.4026547 -0.8571815 -0.2925777 -0.423868 -0.8571664 -0.3855125 -0.3415387 -0.8571649 -0.4640368 -0.223473 -0.8571638 -0.4560239 -0.2393717 -0.8571718 -0.500055 -0.1232402 -0.8571797 -0.5150384 -1.10418e-5 -0.8571671 -0.4640325 0.2234694 -0.8571671 -0.5150545 -1.17887e-5 -0.8571574 -0.5150278 3.68613e-5 -0.8571735 -0.3211189 0.4026749 -0.8571672 -0.4640207 0.2234505 -0.8571784 -0.5000547 0.1232421 -0.8571795 -0.4560549 0.2393374 -0.8571648 -0.3855121 0.3415378 -0.8571653 -0.114605 0.5021252 -0.8571675 -0.3211038 0.4026544 -0.8571825 -0.2925779 0.4238676 -0.8571665 -0.182642 0.4815555 -0.8571734 0.1146143 0.5021576 -0.8571473 -0.5399227 -0.4309095 -0.7230495 -0.1146037 0.5021151 -0.8571736 -0.06208533 0.5112861 -0.857165 0.06209129 0.5112897 -0.8571626 0.3211214 0.4026709 -0.8571682 0.1146095 0.5021357 -0.8571608 0.1826436 0.4815536 -0.8571742 0.4640589 0.2234767 -0.8571509 0.3211055 0.4026548 -0.8571817 0.2925778 0.4238678 -0.8571664 0.3855125 0.3415381 -0.857165 0.4640316 0.2234659 -0.8571684 0.4560549 0.2393375 -0.8571648 0.5000547 0.1232403 -0.8571798 0.515038 1.10492e-5 -0.8571674 0.3211211 -0.4026716 -0.857168 0.5150558 1.12988e-5 -0.8571566 0.4640108 -0.2234522 -0.8571832 0.4640328 -0.2234658 -0.8571678 0.515032 -8.90601e-6 -0.8571711 0.5000544 -0.1232411 -0.8571799 0.4560239 -0.2393716 -0.8571718 0.3855122 -0.3415387 -0.8571649 0.1146067 -0.5021246 -0.8571677 0.3211054 -0.4026541 -0.857182 0.2925777 -0.4238678 -0.8571665 0.1826433 -0.4815535 -0.8571743 -0.1146063 -0.5021248 -0.8571675 0.5400547 0.4306817 -0.7230865 0.1146043 -0.5021156 -0.8571732 0.06208467 -0.5112857 -0.8571654 -0.06209152 -0.5112895 -0.8571627 -0.3211197 -0.402675 -0.8571668 -0.1146031 -0.5021122 -0.8571754 -0.182642 -0.4815557 -0.8571733 -0.4640604 -0.2234553 -0.8571556 -0.3211036 -0.4026548 -0.8571825 -0.2925779 -0.4238677 -0.8571665 -0.3855127 -0.3415381 -0.8571649 -0.4640271 -0.2234585 -0.8571728 -0.456055 -0.2393375 -0.8571648 -0.5000555 -0.1232413 -0.8571792 -0.5150357 -1.25244e-5 -0.8571687 -0.4640337 0.2234659 -0.8571673 -0.5150542 -1.22363e-5 -0.8571577 -0.5150267 3.4901e-5 -0.8571742 -0.3211219 0.4026724 -0.8571673 -0.4640205 0.2234512 -0.8571782 -0.5000535 0.1232408 -0.8571805 -0.4560546 0.239338 -0.8571649 -0.3855121 0.3415368 -0.8571657 -0.1146066 0.5021263 -0.8571666 -0.3211053 0.4026536 -0.8571823 -0.2925778 0.4238676 -0.8571667 -0.1826417 0.4815561 -0.8571732 0.1146068 0.5021255 -0.857167 -0.5400569 -0.4306805 -0.7230857 -0.114604 0.5021156 -0.8571733 -0.06208431 0.511285 -0.8571658 0.0620529 0.5112658 -0.8571796 0.3211215 0.4026721 -0.8571676 0.1146101 0.5021356 -0.8571606 0.1826425 0.4815554 -0.8571735 0.4640676 0.2234526 -0.8571525 0.3211048 0.4026559 -0.8571814 0.2925776 0.4238681 -0.8571664 0.3855048 0.341494 -0.8571861 0.4640318 0.223466 -0.8571684 0.4560231 0.2393725 -0.857172 0.5000544 0.1232405 -0.8571799 0.5150373 1.13025e-5 -0.8571678 0.3211221 -0.4026738 -0.8571665 0.5149927 -1.79112e-5 -0.8571947 0.4640592 -0.2234572 -0.8571558 0.4640278 -0.2234584 -0.8571726 0.5150313 -9.27015e-6 -0.8571714 0.5000545 -0.1232413 -0.8571797 0.4560546 -0.239338 -0.8571649 0.385512 -0.3415356 -0.8571663 0.1146069 -0.5021247 -0.8571676 -0.5841774 -0.7325314 0.3494775 0.3211038 -0.4026549 -0.8571823 0.2925776 -0.4238677 -0.8571666 0.1826425 -0.4815555 -0.8571734 -0.1146072 -0.5021249 -0.8571674 0.1146041 -0.5021152 -0.8571735 0.06208473 -0.5112854 -0.8571655 -0.06205433 -0.5112668 -0.8571788 -0.3211223 -0.4026733 -0.8571667 -0.1146095 -0.5021357 -0.8571607 -0.1826416 -0.4815562 -0.8571731 -0.4640337 -0.2234667 -0.8571672 -0.51503 -3.60459e-5 -0.8571722 -0.3211316 -0.4026849 -0.8571577 -0.2925778 -0.423868 -0.8571664 -0.3855123 -0.3415369 -0.8571656 -0.4640309 -0.2234646 -0.8571692 -0.4560551 -0.2393375 -0.8571648 -0.5000545 -0.1232398 -0.8571799 -4.04716e-5 0.9999998 -7.43718e-4 -0.144155 0.9895552 0 -6.04987e-6 1 1.07313e-6 -0.2297962 0.9732388 -1.71717e-4 -0.2857973 0.9582902 -4.37722e-7 -0.4472635 0.8944023 -9.27364e-5 -0.5477321 0.8366538 -8.65664e-7 -0.4211128 0.9070083 -7.05477e-7 -0.640821 0.7676904 5.43514e-6 -0.7639932 0.6452243 -1.2666e-7 -0.662808 0.7487894 0 -0.800071 0.5999053 -1.53384e-4 -0.8491886 0.5280897 0 -0.9165122 0.4000068 -7.45407e-6 -0.9165107 0.4000103 -2.29944e-6 1.17421e-5 0.5281198 0.84917 -0.2267123 0.4175874 0.8798991 -0.1151247 0.411445 0.9041346 2.18898e-5 0.4000096 0.916511 -0.8491799 0.5281038 -2.18898e-5 -0.9165083 0.4000159 -1.86777e-6 -0.8873531 0.4163906 0.1980487 -0.3062993 0.5656569 0.7656457 -0.5782247 0.4214708 0.6985834 -0.4129205 0.4212924 0.807471 -3.85195e-5 0.6452329 0.763986 -0.5780977 0.575855 0.5780954 -0.7170931 0.4215084 0.555075 -0.2638509 0.6933935 0.6705133 1.43349e-5 0.7487874 0.6628102 -0.7656533 0.5656491 0.3062942 -0.7639854 0.6452336 3.80129e-5 -0.8206819 0.4210922 0.3862157 -0.4973306 0.7108625 0.4973298 -0.6705242 0.6933841 0.2638482 -0.6628234 0.7487758 -8.9705e-6 -0.1845872 0.8705515 0.4561442 -1.19954e-4 0.8366712 0.5477055 3.37794e-4 0.9069257 0.4212904 -0.3332462 0.8819831 0.333246 -0.456154 0.870543 0.1846038 -0.4211715 0.9069809 -3.42652e-4 -0.5477065 0.8366706 1.21482e-4 -0.1005517 0.9679585 0.2300995 -3.24309e-4 0.9583152 0.285713 -1.68216e-4 0.9857465 0.1682382 -0.1705908 0.9704633 0.1705861 -0.2301012 0.9679582 0.100551 -0.2857086 0.9583166 3.19082e-4 -0.05169111 0.9919146 0.1159031 0.005338788 0.1360256 0.9906909 -6.25938e-4 0.9999982 -0.001819372 -0.1159085 0.9919137 0.05169814 -0.1441471 0.9895563 1.62441e-5 -6.75232e-6 0.9857138 0.1684293 4.13298e-6 1 9.90182e-6 1.19396e-6 1 2.67429e-5 5.83939e-7 0.9691799 0.2463545 1.62935e-6 0.9582821 0.2858242 1.22911e-6 0.9069516 0.421235 2.41678e-7 0.8786307 0.477502 9.67877e-7 0.8366417 0.5477505 -1.99376e-6 0.7339457 0.6792082 9.76725e-7 0.7487806 0.662818 5.6962e-7 0.6452267 0.7639912 1.47265e-7 0.5792498 0.8151502 -7.68458e-7 0.5280949 0.8491854 1.21109e-5 0.4000365 0.9164993 4.24941e-6 0.4000058 0.9165126 0.8491694 0.5281207 1.54227e-5 0.8874631 0.4163715 0.1975958 0.9165011 0.4000322 8.12858e-6 -1.57952e-6 0.5791222 0.8152408 -1.39482e-5 0.4000381 0.9164987 0.1164855 0.4115544 0.9039106 0.7656561 0.5656454 0.3062943 0.8210615 0.4211105 0.3853881 0.7179307 0.421505 0.5539939 0.7639856 0.6452335 3.78937e-5 0.5780907 0.5758655 0.5780919 0.5796326 0.4214755 0.6974127 0.6705142 0.6933927 0.2638512 0.6628111 0.7487867 -1.37985e-5 0.306297 0.5656522 0.7656499 0.4149599 0.4213303 0.8064051 0.2293649 0.4176939 0.8791608 0.497345 0.710842 0.4973447 0.2638487 0.6933748 0.6705336 -3.24547e-5 0.7339959 0.6791539 0.4561443 0.8705515 0.1845874 0.547707 0.8366703 1.21258e-4 0.4212962 0.9069232 -3.33667e-4 0.3332573 0.8819754 0.3332554 0.1845793 0.8705539 0.456143 -2.0846e-4 0.8786998 0.4773749 0.2300993 0.9679586 0.1005516 0.2857139 0.958315 3.24547e-4 0.1682376 0.9857465 1.69951e-4 0.1706007 0.9704592 0.1706007 0.1005318 0.9679675 0.2300705 4.54795e-4 0.9692635 0.2460247 0.1159104 0.9919133 0.05169862 0.01362675 0.1385833 0.9902572 -0.001898288 0.999998 7.0639e-4 0.0516752 0.991914 0.1159144 0.1683982 0.985719 7.31205e-7 5.03436e-5 1 2.40997e-6 2.67867e-5 1 -1.22376e-6 0.2463238 0.9691877 6.89179e-7 0.2858133 0.9582853 -6.33765e-7 0.421222 0.9069576 0 0.4774941 0.878635 0 0.5477536 0.8366398 -7.07107e-7 0.6792038 0.7339498 1.04331e-6 0.6628136 0.7487844 0 0.7640076 0.6452073 2.25031e-7 0.8151642 0.57923 -6.34929e-7 0.8491808 0.5281022 -5.93369e-7 0.9165043 0.4000251 -2.11038e-6 0.9165118 0.4000077 -4.38763e-6 -1.69128e-5 0.5281107 -0.8491755 0.1975911 0.4163685 -0.8874655 -6.54906e-6 0.4000157 -0.9165083 0.8152458 0.5791152 -2.41399e-6 0.9164975 0.4000404 6.5458e-6 0.9039099 0.4115557 -0.1164851 0.3062945 0.5656439 -0.7656571 0.3853875 0.4211093 -0.8210623 0.5539914 0.4215052 -0.7179325 3.44217e-5 0.6452324 -0.7639865 0.578091 0.5758653 -0.5780917 0.6974146 0.4214776 -0.5796288 0.2638517 0.6933911 -0.6705155 -1.15037e-5 0.7487874 -0.6628104 0.7656512 0.565651 -0.3062958 0.8064039 0.421331 -0.4149615 0.8791645 0.4176878 -0.2293615 0.4973447 0.7108419 -0.4973451 0.6705331 0.6933755 -0.2638484 0.6791536 0.7339962 3.241e-5 0.1845853 0.8705505 -0.456147 1.22696e-4 0.8366668 -0.5477123 -3.3316e-4 0.9069236 -0.4212951 0.3332471 0.881983 -0.3332454 0.4561602 0.8705424 -0.1845911 0.4773731 0.8787007 2.07901e-4 0.1005507 0.9679594 -0.2300964 3.19511e-4 0.958315 -0.2857139 1.65433e-4 0.9857467 -0.168237 0.1705906 0.9704633 -0.1705865 0.2301035 0.9679589 -0.1005384 0.2460235 0.9692637 -4.53172e-4 0.05168962 0.9919148 -0.1159021 -0.005484342 0.1397259 0.9901751 6.10512e-4 0.999998 0.001915276 0.1159155 0.9919142 -0.05167174 -7.58935e-6 0.4000263 -0.9165038 -4.26197e-7 0.5281091 -0.8491767 -4.45674e-6 0.4000072 -0.9165121 0 0.528102 -0.849181 -3.90923e-7 0.6452203 -0.7639967 0 0.6452338 -0.7639852 -2.47965e-7 0.7487745 -0.6628249 6.02682e-7 0.7487515 -0.6628509 0 0.8366336 -0.5477629 2.91737e-7 0.8366559 -0.547729 -3.3062e-7 0.9069536 -0.4212307 2.67522e-7 0.9070192 -0.4210895 -1.41561e-7 0.9582899 -0.2857978 9.49018e-7 0.9582806 -0.2858292 -1.37486e-7 0.9857209 -0.1683875 -4.59169e-6 0.9857791 -0.1680467 -4.68641e-6 1 -1.71782e-5 0 1 -4.09186e-5 -0.7698373 0.6047385 -0.2040641 -0.8027121 0.4102188 -0.4328673 -0.8484201 0.4064314 -0.339112 -0.8855152 0.3989581 -0.2381079 0.002654492 0.5278185 -0.8493531 0.002867698 0.3998845 -0.916561 -0.1962833 0.4116213 -0.8899668 -0.379682 0.4135088 -0.8275579 -0.5009114 0.5622926 -0.6579626 -0.548597 0.4130244 -0.7269473 -0.6922992 0.412484 -0.5920971 0.002381324 0.6449158 -0.76425 -0.3684884 0.7906536 -0.4889615 0.001885473 0.7484542 -0.6631838 -0.3330327 0.8321015 -0.4435046 -0.6123729 0.7743575 -0.1592794 -0.4222244 0.9001388 -0.1071295 0.001475691 0.8365346 -0.5479122 -0.2242074 0.9269174 -0.300924 8.85412e-4 0.9068781 -0.4213922 -0.1508266 0.9673638 -0.2036142 -0.2168195 0.9747335 -0.05370122 4.78521e-4 0.9582794 -0.285833 -0.5844345 0.7134593 -0.3865388 -0.1054434 0.9916467 -0.07428789 -0.03204405 0.3521021 0.935413 -0.04210275 0.9912354 -0.1252192 8.31485e-6 1 3.12962e-4 2.80492e-4 0.9857511 -0.1682106 -0.7976092 0.5998896 -0.06286668 -0.9129046 0.4000349 -0.0811007 -0.916511 0.4000095 -5.7891e-6 -0.800078 0.5998962 5.68107e-6 -0.6388857 0.7676513 -0.05036443 -0.6408226 0.7676891 -5.94184e-6 -0.4459353 0.8943746 -0.03515392 -0.4472693 0.8943994 1.08872e-5 -0.7902068 0.5998857 -0.1253415 -0.9021481 0.4000344 -0.1615593 -0.2290714 0.9732421 -0.01805794 -6.27339e-6 1 2.24588e-6 -2.20537e-5 1 5.20982e-6 -0.2297843 0.9732417 -1.31968e-6 -0.787545 0.5998941 -0.1410672 -0.6329097 0.7676891 -0.1003938 -0.6307851 0.7676876 -0.1129865 -0.4417413 0.8944001 -0.070095 -0.4402691 0.8943945 -0.07887673 -0.7779003 0.5998954 -0.1870743 -0.8843193 0.4000197 -0.2407568 -0.2269643 0.9732384 -0.03597897 -2.28211e-5 1 -2.89269e-6 -0.7750122 0.5998847 -0.1987324 -0.7685813 0.6055732 -0.2063102 -0.2261865 0.9732412 -0.04051244 -2.55294e-5 1 -2.39536e-6 -0.6230521 0.7676914 -0.1498535 -0.6207416 0.7676864 -0.1591777 -0.6116334 0.7745907 -0.1609783 -0.4348869 0.8943948 -0.1045534 -0.2162632 0.9748511 -0.05381047 -0.4225883 0.8998187 -0.1083769 -0.4332337 0.8944002 -0.1111617 -0.2233989 0.973245 -0.05373275 1 -4.19584e-6 3.07746e-5 1 -1.50348e-5 1.93156e-5 0.9959817 5.8742e-6 0.08955693 0.995101 4.66905e-5 0.09886336 0.9839556 4.06336e-6 0.1784135 0.9804562 6.04603e-6 0.1967377 0.958894 1.57382e-5 0.2837647 0.9561743 -9.73727e-5 0.2927983 0.9225982 5.43438e-6 0.3857626 0.9226006 2.36239e-6 0.3857564 0.9225935 0 0.3857734 0.9225871 0 0.3857891 0.922587 0 0.3857892 0.922587 -1.87619e-7 0.3857891 0.2275432 5.76412e-5 -0.973768 3.63961e-5 -4.4387e-6 -1 2.70382e-5 0 -1 0.2289234 -1.03234e-4 -0.9734445 0.443145 -4.2704e-6 -0.8964499 0.445755 -7.25676e-7 -0.8951551 0.6123 -8.04866e-7 -0.7906255 0.6354933 2.27678e-5 -0.7721064 0.7394391 -1.75796e-5 -0.6732235 0.7945113 -1.14371e-5 -0.6072494 0.8444322 -2.4411e-5 -0.5356624 0.9118459 2.18309e-5 -0.4105327 0.9241643 1.34337e-5 -0.3819953 0.981339 -7.61007e-6 -0.192286 0.9761343 3.65167e-5 -0.2171676 0.9989646 1.83012e-5 -0.04549491 0.99935 2.15336e-5 0.03604942 0.9918516 -2.43038e-5 0.127399 0.9649326 6.84708e-6 0.262498 0.9550144 -5.14717e-6 0.2965599 0.8798926 -6.82194e-6 0.4751728 0.8896429 6.03379e-6 0.4566571 0.7975763 1.80029e-5 0.6032181 0.7486923 5.32977e-5 0.6629177 0.6816459 -5.73104e-5 0.7316822 0.5782121 1.78162e-6 0.8158866 0.5451633 -5.90186e-5 0.83833 0.3774182 4.84532e-6 0.926043 0.3926483 2.00252e-6 0.9196888 0.2282328 -1.45333e-6 0.9736067 0.1922926 3.5479e-5 0.9813377 0.1148649 3.62226e-6 0.9933812 2.67774e-5 9.30019e-6 1 2.68221e-7 0 1 -1.8321e-5 6.05247e-4 0.9999998 -0.2289425 -2.98511e-5 0.9734401 -2.11969e-5 0 1 -0.2392985 8.50963e-5 0.9709461 -0.4457567 -8.18691e-7 0.8951542 -0.4647247 -5.39119e-6 0.8854554 -0.6123049 -1.91445e-6 0.7906218 -0.6631219 1.16949e-5 0.7485114 -0.7394444 -4.4108e-5 0.6732177 -0.8229871 2.93446e-5 0.5680602 -0.8444043 -7.70521e-6 0.5357066 -0.9350163 -1.67638e-7 0.3546048 -0.9241534 -1.42545e-5 0.3820217 -0.9761641 4.34299e-6 0.217034 -0.9927089 -9.41684e-6 0.1205368 -0.9989647 -1.29643e-5 0.04549425 -0.9927091 -4.19717e-5 -0.120535 -0.9918355 1.32614e-5 -0.1275238 -0.9550548 -4.22102e-5 -0.2964293 -0.9350165 8.6592e-6 -0.3546042 -0.8896294 -1.67916e-5 -0.4566835 -0.8229807 3.29716e-5 -0.5680694 -0.7975685 -6.22318e-7 -0.6032285 -0.6631275 4.1083e-5 -0.7485065 -0.681671 6.56938e-6 -0.7316589 -0.545298 2.69709e-5 -0.8382423 -0.4647228 1.0211e-5 -0.8854562 -0.3926157 -5.79584e-5 -0.9197027 -0.2393164 1.71091e-5 -0.9709417 -0.2282052 -5.23234e-5 -0.9736131 -0.1148279 -6.20815e-5 -0.9933854 -6.96629e-6 3.36138e-6 -1 -2.68221e-7 0 -1 -2.28089e-4 1 -1.20636e-4 -1.1328e-4 1 -7.72014e-5 -1.10728e-4 1 -8.07484e-5 -1.10728e-4 1 -8.07486e-5 -1.08498e-5 1 -5.75492e-6 -1.08653e-5 1 -5.72592e-6 -1.08507e-5 1 -5.75326e-6 2.64058e-5 1 2.32354e-5 -1.46852e-6 1 1.22702e-6 -1.43244e-4 1 -5.90721e-5 -1.4325e-4 1 -5.90586e-5 -1.43233e-4 1 -5.91007e-5 2.50751e-5 1 1.28028e-5 2.12188e-6 1 1.64971e-6 1.60055e-5 1 8.34505e-6 1.38584e-4 1 5.30633e-5 -2.2887e-4 1 1.20016e-4 1.1192e-5 1 9.4547e-6 8.24693e-5 1 2.72021e-5 8.24756e-5 1 2.71832e-5 8.24708e-5 1 2.71979e-5 1.32281e-4 1 -9.09998e-5 1.06593e-4 1 -8.26874e-5 1.06609e-4 1 -8.26663e-5 1.06618e-4 1 -8.26547e-5 -1.29624e-4 1 6.819e-5 -1.29623e-4 1 6.81916e-5 -1.29623e-4 1 6.81909e-5 1.36739e-4 1 -8.2453e-5 1.36752e-4 1 -8.24314e-5 1.36771e-4 1 -8.23993e-5 4.40324e-5 1 -5.18617e-6 -1.96824e-4 1 7.47543e-5 -1.96825e-4 1 7.47514e-5 -1.96821e-4 1 7.47635e-5 8.64707e-5 1 -3.11081e-5 -2.69401e-4 1 9.63896e-5 -2.69413e-4 1 9.6358e-5 -2.69413e-4 1 9.6356e-5 -3.2513e-5 1 1.03827e-5 -3.25117e-5 1 1.03877e-5 -3.2516e-5 1 1.03751e-5 -2.2398e-4 1 -8.71255e-6 -2.23979e-4 1 -8.74631e-6 -2.2398e-4 1 -8.72633e-6 -1.17516e-5 1 1.27248e-5 -2.64571e-4 1 2.56659e-6 -4.94268e-6 1 3.76794e-6 -2.30182e-4 1 2.47349e-6 -8.01993e-6 1 1.27781e-5 7.50607e-5 1 1.1275e-5 -1.89286e-5 1 9.82957e-6 1.67692e-4 1 1.25239e-5 -1.4321e-6 1 3.95515e-6 1.1481e-4 1 4.51826e-6 1.1481e-4 1 4.53267e-6 1.14811e-4 1 4.50702e-6 -2.50084e-5 1 7.91517e-6 2.37372e-4 1 0 2.37372e-4 1 0 2.37372e-4 1 0 -1.39804e-6 1 1.20459e-5 1.66305e-5 1 4.0318e-7 0 1 0 0 1 5.69332e-7 2.7623e-5 1 9.26132e-7 5.0252e-7 1 1.53348e-6 3.60176e-5 1 1.94245e-6 1.6521e-6 1 3.08187e-6 2.41513e-4 1 2.15696e-6 9.17161e-6 1 1.17454e-5 -3.63556e-4 1 9.23561e-6 1.2941e-5 1 1.16723e-5 2.85502e-7 1 1.79893e-7 7.75204e-5 1 -6.56853e-7 7.75207e-5 1 -6.27711e-7 7.75212e-5 1 -5.62468e-7 3.66975e-5 1 1.49947e-5 2.17786e-5 1 -7.96672e-7 2.17825e-5 1 -6.8557e-7 2.17775e-5 1 -8.27422e-7 0 1 -1.21059e-7 0 1 6.0481e-7 -3.23158e-6 1 1.5238e-6 0 1 1.49382e-7 -2.18075e-6 1 1.63153e-6 0 1 0 0 1 0 0 1 0 0 1 0 0 1 0 0 1 1.22903e-7 0 1 -2.99198e-7 0 1 4.35033e-7 0 1 0 0 1 0 0 1 2.63945e-7 0 1 -2.78202e-7 0 1 2.94094e-7 0 1 -5.21037e-7 0 1 8.1281e-7 0 1 -3.847e-7 0 1 1.4362e-7 1.05308e-6 1 5.00334e-7 4.6572e-6 1 1.02037e-6 0 1 -3.54393e-7 0 1 7.40688e-7 7.75721e-7 1 4.58228e-7 0 1 0 1.43267e-4 1 -2.06347e-5 -2.49512e-6 1 0 -0.002669215 0.5278103 -0.8493581 0.1329523 0.4093782 -0.9026257 -0.002859413 0.3999115 -0.9165494 0.2139724 0.4120315 -0.8856895 0.2922585 0.4131822 -0.8624764 0.7968072 0.5658557 -0.2119093 0.8222714 0.4089782 -0.3957356 0.7559654 0.4116943 -0.5089443 0.8566421 0.4052658 -0.3192558 0.8855173 0.3989544 -0.238106 0.5009015 0.5623081 -0.657957 0.6528353 0.4126589 -0.6352313 0.5529677 0.4130112 -0.7236357 0.7073026 0.4123376 -0.5741958 0.4122618 0.4134426 -0.8118532 0.4839798 0.4132401 -0.7713601 0.3330395 0.8320922 -0.4435169 0.5261089 0.8395674 -0.1354101 0.6750413 0.716293 -0.1767592 -0.001927018 0.748459 -0.6631783 -0.001507401 0.8365323 -0.5479156 0.3684799 0.7906517 -0.4889709 0.224223 0.9269093 -0.3009371 0.4027174 0.9096316 -0.1019271 -8.86664e-4 0.9068215 -0.4215142 -4.70415e-4 0.9582799 -0.285831 0.1508566 0.9673558 -0.20363 0.1376854 0.9899072 -0.0335651 0.274018 0.9592829 -0.0684877 0.6281136 0.6580451 -0.4152712 0.0421096 0.9912376 -0.1251986 -0.006481051 0.1217314 0.9925419 0.001144349 0.9999992 -6.27875e-4 -2.51342e-4 0.9857065 -0.1684716 0.3388637 0.6752172 -0.6551743 -0.002393424 0.644913 -0.7642523 0.3536118 0.7175818 -0.6000293 -2.72132e-6 0.4000254 -0.9165042 -5.44707e-7 0.5281265 -0.8491657 2.41972e-6 0.4000254 -0.9165041 -4.56406e-7 0.5792513 -0.815149 -1.08418e-6 0.6452293 -0.763989 4.17931e-7 0.7339434 -0.6792107 -6.97328e-7 0.8366397 -0.5477536 -3.9814e-7 0.7487719 -0.6628278 2.00514e-6 0.8786422 -0.4774809 -1.13179e-6 0.9069531 -0.4212317 -1.61119e-7 0.9691801 -0.2463536 -6.61239e-7 0.9582883 -0.2858038 1.06141e-4 0.985756 -0.1681822 -7.21006e-6 1 -1.15708e-5 -2.0247e-6 1 -2.66735e-5 -0.8491702 0.5281195 1.18613e-5 -0.8798986 0.4175886 -0.2267119 -0.9041325 0.4114493 -0.1151267 -0.9164998 0.4000352 6.68317e-6 -0.7656466 0.565657 -0.3062968 -0.6985853 0.4214683 -0.5782242 -0.8074682 0.4212949 -0.4129236 -0.7639855 0.6452335 -3.80129e-5 -0.5780897 0.5758702 -0.5780881 -0.5550739 0.4215019 -0.7170978 -0.6705156 0.6933916 -0.2638504 -0.6628108 0.748787 1.40518e-5 -0.3062951 0.5656542 -0.7656491 -3.24845e-5 0.5791202 -0.8152422 4.29247e-6 0.4000107 -0.9165105 -0.198035 0.4163874 -0.8873577 -0.3862159 0.4210913 -0.8206822 -0.4973452 0.7108423 -0.4973439 -0.2638503 0.6933742 -0.6705336 3.28124e-5 0.733996 -0.6791538 -0.4561471 0.8705505 -0.1845852 -0.5477102 0.8366682 -1.24261e-4 -0.4212936 0.9069243 3.33801e-4 -0.3332434 0.8819842 -0.333246 -0.1845908 0.8705425 -0.4561601 2.05539e-4 0.8786996 -0.4773752 -0.2301008 0.9679577 -0.1005562 -0.2857143 0.9583148 -3.2277e-4 -0.1682377 0.9857465 -1.69076e-4 -0.1705917 0.9704632 -0.1705861 -0.1005362 0.9679597 -0.2301013 -4.55976e-4 0.9692641 -0.2460223 -0.1159025 0.9919147 -0.05169129 -0.01348143 0.1371055 0.9904648 0.00189656 0.9999981 -5.55962e-4 -0.05167531 0.991914 -0.1159158 -0.9165044 0.4000246 1.93343e-6 -0.8491809 0.5281022 5.88479e-7 -0.9165118 0.4000077 4.45674e-6 -0.8151642 0.5792301 6.59376e-7 -0.7640076 0.6452073 -2.13273e-7 -0.6792035 0.7339501 -1.06078e-6 -0.547753 0.8366402 7.21542e-7 -0.6628133 0.7487847 0 -0.4774941 0.878635 0 -0.4212219 0.9069576 0 -0.2463235 0.9691877 -6.38422e-7 -0.2858134 0.9582854 5.99772e-7 -0.1684443 0.9857112 -1.87976e-6 -5.03063e-5 1 -2.19623e-6 -2.70633e-5 1 1.4361e-6 1.18762e-5 0.528121 0.8491691 -0.2267121 0.4175881 0.8798987 -0.1151239 0.4114459 0.9041343 2.61962e-5 0.4000118 0.91651 -0.3062994 0.5656567 0.7656456 -0.5782243 0.4214712 0.6985834 -0.4129209 0.4212938 0.8074701 -3.85344e-5 0.6452328 0.7639861 -0.5780868 0.5758721 0.5780891 -0.7170932 0.4215083 0.555075 -0.2638511 0.6933926 0.6705141 1.38134e-5 0.7487867 0.6628111 -0.7656481 0.565656 0.3062945 -0.8152428 0.5791194 3.23802e-5 -0.9165101 0.400012 -1.2368e-5 -0.8873567 0.4163889 0.1980366 -0.8206838 0.4210888 0.3862153 -0.4973445 0.7108419 0.4973453 -0.6705335 0.6933749 0.2638486 -0.6791538 0.733996 -3.25739e-5 -0.1845903 0.8705488 0.4561483 -1.20044e-4 0.8366705 0.5477067 3.3544e-4 0.9069234 0.4212957 -0.3332536 0.8819765 0.333256 -0.4561606 0.8705428 0.1845882 -0.4773743 0.8787001 -2.08192e-4 -0.100537 0.967965 0.2300787 -3.24901e-4 0.9583144 0.2857158 -1.68666e-4 0.9857465 0.1682381 -0.1706104 0.9704555 0.1706113 -0.2301008 0.9679595 0.1005389 -0.2460247 0.9692635 4.5434e-4 -0.05169153 0.9919147 0.1159021 0.005338847 0.1360245 0.9906911 -6.28874e-4 0.9999981 -0.001856565 -0.1159163 0.991914 0.05167245 2.87034e-6 1 2.65343e-5 -8.39122e-7 0.9895565 0.1441457 1.16784e-6 1 5.61774e-6 -4.33158e-6 0.9857157 0.1684181 0 0.9582836 0.2858194 9.35979e-7 0.9582906 0.2857958 -4.85219e-7 0.9070216 0.4210842 1.01584e-6 0.9069545 0.4212287 -5.18979e-7 0.8366495 0.5477387 1.0035e-6 0.8366343 0.5477619 4.9849e-7 0.7487753 0.662824 -7.11996e-7 0.7487753 0.662824 7.34814e-7 0.6452167 0.7639998 -7.74162e-7 0.6452175 0.763999 3.56231e-7 0.5281036 0.84918 -4.93485e-7 0.528105 0.8491792 4.28486e-6 0.4000055 0.9165128 -2.29944e-6 0.4000042 0.9165134 -2.03103e-5 0.5281054 0.8491789 0.1164895 0.4115512 0.9039115 0.2293677 0.4176836 0.8791649 3.26615e-6 0.4000342 0.9165003 0.7656412 0.5656712 0.306284 0.8874706 0.4163579 0.1975911 0.9165018 0.4000309 -1.41263e-5 0.8210657 0.4211087 0.3853815 0.7179312 0.4215044 0.5539938 0.7933456 0.6087715 4.44427e-5 0.5780909 0.5758655 0.5780916 0.5796326 0.421477 0.6974118 0.670504 0.6934026 0.263851 0.6234184 0.7818885 9.95174e-5 0.3063031 0.5656688 0.7656352 0.4149589 0.4213318 0.8064047 3.81172e-5 0.6452315 0.7639872 0.4973453 0.7108418 0.4973446 0.2638555 0.6933999 0.670505 -9.79006e-6 0.7487759 0.6628233 0.4561359 0.870559 0.1845728 0.4167979 0.9089992 -3.40119e-4 0.3332458 0.8819831 0.3332465 0.1846034 0.8705433 0.4561536 -3.40566e-4 0.9069801 0.4211735 1.20774e-4 0.8366715 0.5477051 0.2300682 0.9679672 0.1005398 0.212931 0.9770672 4.24687e-4 0.1705912 0.9704633 0.1705861 0.1005501 0.9679584 0.2301005 3.20293e-4 0.9583163 0.2857093 0.1159051 0.9919137 0.05170309 0.0317524 0.3996847 0.9161025 0.05173629 0.9919108 0.1159151 -0.001901745 0.999998 6.08191e-4 2.04314e-5 0.9895566 0.1441454 0.8001049 0.5998602 -7.14879e-5 0.9164959 0.4000442 5.4354e-6 0.916509 0.4000142 0 0.7932582 0.6088855 3.25963e-7 0.6408041 0.7677046 1.08298e-4 0.6232931 0.7819884 -5.64381e-7 0.4473054 0.8943812 -3.3171e-4 0.4166895 0.909049 -4.92204e-7 0.2297294 0.9732545 -3.03347e-4 0.2132641 0.9769947 -1.70665e-6 2.86177e-5 1 4.47514e-6 2.29832e-5 1 -7.09668e-6 6.09771e-6 1 -1.71689e-6 0.2297857 0.9732413 -5.7295e-6 4.48897e-5 1 -1.07894e-5 0.7751385 0.599891 -0.1982201 0.8843168 0.4000375 -0.2407365 0.7954923 0.5668228 -0.2142525 0.6747975 0.7159667 -0.1789979 0.7778936 0.5999025 -0.1870796 0.9021462 0.4000343 -0.1615703 0.6208466 0.7676833 -0.1587829 0.5248233 0.8401951 -0.1365023 0.6230559 0.7676907 -0.1498413 0.4348829 0.894397 -0.104551 0.403171 0.9093009 -0.1030783 0.2729887 0.959576 -0.06849277 0.7875497 0.5998985 -0.1410217 0.7901945 0.599897 -0.1253644 0.9129053 0.4000333 -0.08110105 0.223404 0.9732432 -0.05374479 0.138099 0.9898373 -0.03392601 4.47184e-5 1 5.34579e-7 0.6307855 0.7676874 -0.1129865 0.632912 0.7676876 -0.1003912 0.440268 0.8943963 -0.07886284 0.4417438 0.8943993 -0.07008802 0.2261878 0.9732406 -0.04052215 5.66244e-6 1 -9.97539e-6 0.7969352 0.5999007 -0.0708065 0.9165118 0.4000077 -3.05241e-7 0.8000785 0.5998954 -1.93603e-5 0.2269364 0.9732435 -0.03601723 0.6383246 0.7676779 -0.05667841 0.6408219 0.7676897 6.97188e-6 0.4455254 0.8943943 -0.0395708 0.4472727 0.8943976 -4.34555e-6 0.2288942 0.973239 -0.02033066 -0.9225935 0 0.3857734 -0.922587 -1.87619e-7 0.3857891 -0.9225871 0 0.3857891 -0.922587 0 0.3857891 -0.922599 -4.19142e-6 0.3857607 -0.9225941 -2.1405e-6 0.385772 -0.9533981 1.08097e-4 0.3017151 -0.9562048 -1.16206e-6 0.2926983 -0.9766146 3.71016e-6 0.2149976 -0.9804524 5.22169e-5 0.1967569 -0.9941365 1.52541e-5 0.1081333 -0.9950982 3.55422e-5 0.09889203 -1 5.06453e-6 2.93441e-5 -1 2.36239e-6 3.57442e-5 4.9606e-5 9.7752e-5 -1 0.2460743 -6.86621e-5 -0.969251 5.03585e-5 0 -1 0.2472387 -2.05331e-4 -0.9689547 0.4770545 1.53196e-5 -0.8788738 0.4790197 2.75206e-7 -0.8778042 0.6304484 -2.4562e-5 -0.7762312 0.6786565 -2.90512e-5 -0.7344559 0.7639831 5.58877e-5 -0.6452363 0.8385325 -4.69168e-5 -0.5448517 0.8707847 -1.82103e-5 -0.4916647 0.9468262 -1.62916e-5 -0.3217456 0.9455708 -2.97041e-7 -0.3254163 0.9882405 2.71822e-5 -0.1529081 0.996887 7.02031e-6 -0.07884508 0.9997009 7.3266e-5 0.02445775 0.9856318 -1.97846e-5 0.1689084 0.9795818 -1.49719e-5 0.2010458 0.9285641 -1.17692e-5 0.371172 0.9137563 -1.23656e-5 0.4062628 0.8481827 -3.78396e-6 0.5297038 0.7856756 -1.54437e-5 0.6186388 0.7410209 2.11567e-5 0.671482 0.6092732 -2.64449e-6 0.7929605 0.6105564 -1.33322e-5 0.7919729 0.4606836 3.07155e-5 0.8875645 0.3953957 3.10596e-7 0.918511 0.2962747 -5.34579e-6 0.9551028 0.2018544 2.27587e-5 0.9794156 0.1498041 3.87513e-5 0.9887157 1.98763e-6 -2.65636e-6 1 2.70233e-5 0 1 -6.30319e-6 7.74329e-4 0.9999998 -0.2390432 -3.72238e-4 0.971009 -1.8619e-5 0 1 -0.2471807 3.7713e-5 0.9689694 -0.4647257 6.24987e-6 0.8854547 -0.4790428 -3.55787e-7 0.8777915 -0.6304491 -3.48079e-6 0.7762306 -0.6631216 -7.94511e-6 0.7485117 -0.7639809 2.07643e-5 0.6452388 -0.8229842 -3.36859e-5 0.5680644 -0.8707861 -8.04314e-6 0.4916622 -0.9350169 -8.63103e-6 0.3546032 -0.9455964 -4.90581e-5 0.3253421 -0.988237 -1.22565e-5 0.1529308 -0.9927091 2.89595e-6 0.1205359 -0.9997013 -4.50155e-6 -0.02444356 -0.9927089 1.04704e-5 -0.1205365 -0.9795902 9.94245e-6 -0.2010055 -0.9350165 6.16862e-6 -0.3546045 -0.9285051 -1.9845e-5 -0.3713198 -0.8481703 -5.92021e-6 -0.5297238 -0.8229845 -4.17139e-6 -0.568064 -0.7410348 -2.15275e-6 -0.6714667 -0.6631237 2.3087e-5 -0.7485098 -0.610468 3.38965e-5 -0.7920409 -0.4647241 3.36906e-5 -0.8854556 -0.460735 3.58138e-6 -0.8875379 -0.2963103 1.95636e-6 -0.9550918 -0.2393175 -2.14041e-5 -0.9709414 -0.1498 3.38174e-5 -0.9887164 -3.6732e-5 -1.11177e-5 -1 -7.24941e-6 0 -1 4.3273e-5 9.71722e-5 -1 0.2460712 -6.90365e-5 -0.9692518 4.41596e-5 0 -1 0.2471509 1.49569e-4 -0.968977 0.4770536 1.37899e-5 -0.8788743 0.4790246 6.0927e-7 -0.8778015 0.6304484 -2.49891e-5 -0.7762313 0.6786564 -2.92608e-5 -0.734456 0.7639831 5.59012e-5 -0.6452364 0.8385301 -1.50735e-6 -0.5448554 0.8707846 -1.85095e-5 -0.4916647 0.9468262 -1.61417e-5 -0.3217455 0.9456005 8.66154e-7 -0.32533 0.9882362 6.45994e-5 -0.1529355 0.996887 7.07805e-6 -0.07884496 0.9997012 2.76582e-5 0.02444839 0.9856318 -1.96607e-5 0.1689085 0.9795904 -8.84524e-7 0.2010042 0.9285644 -1.19108e-5 0.3711715 0.9137563 -1.22879e-5 0.4062628 0.8481827 -4.06848e-6 0.529704 0.7856755 -1.53622e-5 0.6186389 0.7410399 -7.61147e-6 0.6714611 0.6092733 -2.85497e-6 0.7929604 0.6105495 -1.33329e-5 0.7919781 0.4606845 3.21491e-5 0.887564 0.395394 4.52623e-7 0.9185116 0.296285 -1.12993e-6 0.9550997 0.2018508 -2.2931e-5 0.9794163 0.1498079 3.44113e-5 0.9887152 4.46041e-5 -3.42494e-6 1 3.42056e-5 0 1 -9.0301e-6 7.74026e-4 0.9999998 -0.2392577 -7.92121e-5 0.9709562 -2.51383e-5 0 1 -0.2471902 -6.73544e-6 0.968967 -0.4647248 3.67733e-6 0.8854553 -0.4790438 -6.25754e-7 0.877791 -0.630393 1.63302e-4 0.7762762 -0.6631216 -8.39122e-6 0.7485117 -0.7639811 1.95133e-5 0.6452387 -0.822984 -3.39695e-5 0.5680646 -0.870786 -7.70576e-6 0.4916622 -0.9350169 -8.06618e-6 0.3546032 -0.9455968 -5.00333e-5 0.3253409 -0.9882372 -1.16914e-5 0.1529292 -0.9927091 2.9197e-6 0.1205359 -0.9997013 -4.23589e-6 -0.02444338 -0.9927089 1.0578e-5 -0.1205363 -0.9795868 5.24168e-5 -0.2010219 -0.9350165 6.31949e-6 -0.3546044 -0.9285043 -2.01772e-5 -0.3713218 -0.8481666 -7.77934e-6 -0.5297296 -0.8229843 -4.80795e-6 -0.5680642 -0.7410348 -2.28244e-6 -0.6714667 -0.6631211 -2.26488e-5 -0.7485121 -0.6104474 7.1937e-5 -0.7920569 -0.4647225 -1.27573e-5 -0.8854564 -0.4607325 3.53371e-6 -0.8875392 -0.2963002 1.01072e-6 -0.9550949 -0.2393176 -2.23606e-5 -0.9709414 -0.1497554 7.42532e-5 -0.9887231 -4.46667e-5 -1.09077e-5 -1 -3.42503e-5 0 -1 -0.1000918 0.4974874 0.8616774 9.16421e-7 0.5000013 0.8660247 -1.90557e-5 0.5000005 0.8660252 -0.1337366 0.4955044 0.8582483 -0.1989834 0.490002 0.8487071 -0.2663858 0.481933 0.8347331 -0.3597268 0.4665302 0.8080509 -0.4441394 0.4479802 0.7759215 -0.5078732 0.4307152 0.7460224 -0.5986297 0.4005137 0.6937083 -0.655419 0.377632 0.6540797 -0.7377272 0.3375499 0.5846526 -0.7977355 0.3015046 0.5222195 -0.8392381 0.271883 0.4709131 -0.9030245 0.2147952 0.3720347 -0.9240529 0.1911342 0.3310498 -0.9716642 0.1181823 0.2046993 -0.9980585 0.03114277 0.05393952 -0.9753579 0.1103139 0.1910704 -0.9995753 0.01457047 0.02523726 -0.9912187 -0.06611746 -0.1145163 -0.9877481 -0.0780285 -0.1351498 -0.9572654 -0.1446048 -0.2504644 -0.9504458 -0.1554465 -0.2692383 -0.8923389 -0.2256831 -0.3908945 -0.874844 -0.2422029 -0.4195069 -0.7995165 -0.3003225 -0.5201729 -0.77912 -0.3134381 -0.5428892 -0.6842638 -0.3646166 -0.6315361 -0.6760095 -0.3684467 -0.6381679 -0.5372307 -0.4217163 -0.7304372 -0.533275 -0.4229715 -0.732607 -0.3756769 -0.4633745 -0.8025901 -0.3691974 -0.4646759 -0.8048415 -0.1900836 -0.4908841 -0.8502359 -0.1890186 -0.490987 -0.8504138 -2.91031e-5 -0.499998 -0.8660266 -3.241e-6 -0.4999988 -0.8660262 0.1001758 -0.4974866 -0.8616681 -3.18885e-6 -0.5000011 -0.8660249 1.87443e-5 -0.5000005 -0.8660252 0.1337922 -0.4955091 -0.8582369 0.1989356 -0.4900071 -0.8487154 0.266386 -0.4819324 -0.8347334 0.3597292 -0.4665304 -0.8080497 0.4441459 -0.4479787 -0.7759186 0.5078797 -0.4307153 -0.7460178 0.5986432 -0.4005072 -0.6937005 0.6554094 -0.3776381 -0.6540857 0.737751 -0.3375371 -0.5846301 0.79772 -0.3015148 -0.5222373 0.8392546 -0.27187 -0.4708912 0.9030201 -0.2147995 -0.372043 0.9240496 -0.1911363 -0.331058 0.9716618 -0.1181868 -0.204708 0.9753625 -0.1103031 -0.1910529 0.9995749 -0.01457852 -0.02524936 0.99122 0.0661121 0.1145086 0.9980601 -0.03112947 -0.05391818 0.9877497 0.07802337 0.1351405 0.957261 0.1446115 0.2504776 0.9504506 0.1554368 0.269227 0.892332 0.22569 0.3909064 0.8748626 0.2421841 0.4194786 0.7995022 0.3003327 0.520189 0.7791011 0.3134472 0.5429109 0.6842535 0.3646236 0.6315433 0.6759935 0.3684532 0.638181 0.5333051 0.4229603 0.7325915 0.537218 0.4217222 0.7304432 0.3692311 0.4646686 0.8048301 0.3756876 0.4633736 0.8025856 0.189001 0.4909888 0.8504168 0.1901043 0.4908819 0.8502326 1.8321e-5 0.5000008 0.866025 4.66417e-5 0.4999954 0.8660282 2.81483e-5 1.48666e-4 -1 0.239286 -7.21794e-5 -0.9709492 2.20388e-5 0 -1 0.2471553 2.21026e-4 -0.968976 0.4646905 -2.1236e-4 -0.8854732 0.4790068 3.60204e-7 -0.8778113 0.6631087 -5.63781e-5 -0.7485232 0.6583693 6.27349e-7 -0.7526952 0.7899966 3.39599e-5 -0.6131113 0.8229758 -1.31583e-4 -0.5680765 0.8925591 -5.92781e-5 -0.4509305 0.9350172 -1.08226e-4 -0.3546026 0.9622526 6.13929e-5 -0.2721583 0.9927098 -4.38711e-5 -0.1205288 0.9965358 1.23745e-4 -0.08316576 0.992708 6.17038e-5 0.1205437 0.9940722 2.41521e-5 0.1087224 0.9551253 3.87236e-4 0.2962018 0.9350187 -7.2543e-5 0.3545986 0.8809058 3.21515e-4 0.4732916 0.8229832 -9.66156e-5 0.568066 0.7742941 3.60494e-5 0.632826 0.6631121 -7.84408e-5 0.7485201 0.639233 -1.09295e-5 0.7690132 0.4647046 1.12286e-4 0.8854659 0.4806723 -2.55081e-5 0.8769003 0.3042134 1.69297e-7 0.9526039 0.2393212 -1.50903e-4 0.9709404 0.1539775 -7.38769e-5 0.9880744 2.0951e-5 -0.001026988 0.9999995 1.00657e-5 0 1 -2.41995e-5 1.47781e-4 1 -0.2392422 -7.262e-5 0.9709599 -2.2985e-5 0 1 -0.2471971 2.20553e-4 0.9689652 -0.4647561 7.89324e-5 0.8854389 -0.4790442 3.56908e-7 0.8777909 -0.6631082 -5.71993e-5 0.7485236 -0.6583711 -2.49905e-7 0.7526936 -0.7900435 -1.26953e-4 0.6130508 -0.822978 -1.29181e-4 0.5680733 -0.8925535 1.26214e-4 0.4509418 -0.9350168 -6.20299e-5 0.3546035 -0.9622527 6.1824e-5 0.2721578 -0.9927088 3.28524e-6 0.1205372 -0.9965361 1.23847e-4 0.08316189 -0.9927093 -3.02955e-5 -0.1205331 -0.9941117 -1.15124e-5 -0.1083607 -0.955063 -1.7488e-4 -0.2964029 -0.9350211 -1.63446e-4 -0.3545922 -0.8809061 -4.94469e-5 -0.4732911 -0.8229817 -9.73048e-5 -0.5680679 -0.7742965 2.89718e-5 -0.632823 -0.6631312 4.55889e-5 -0.7485032 -0.6390576 4.70559e-5 -0.7691588 -0.464713 6.97378e-5 -0.8854613 -0.4806923 -2.62922e-5 -0.8768894 -0.3042412 1.17611e-6 -0.9525951 -0.2393192 -5.92116e-5 -0.970941 -0.1539751 -5.27033e-5 -0.9880748 -2.02656e-5 -0.001026391 -0.9999995 -1.00657e-5 0 -1 3.28198e-5 1.48666e-4 -1 0.2393078 -7.21317e-5 -0.9709439 1.94386e-5 0 -1 0.2472366 -1.23411e-4 -0.9689551 0.4647077 -2.11729e-4 -0.8854643 0.4790073 6.79203e-7 -0.877811 0.6631132 -4.69813e-5 -0.7485191 0.65837 -3.43972e-7 -0.7526945 0.7898955 3.32545e-4 -0.6132414 0.8229773 -1.29549e-4 -0.5680743 0.892556 3.48182e-5 -0.4509369 0.9350171 -1.07624e-4 -0.3546028 0.9622527 6.19938e-5 -0.2721576 0.9927089 2.42994e-6 -0.1205371 0.9965359 1.23717e-4 -0.08316373 0.9927108 -1.23217e-4 0.1205215 0.9941112 -1.14848e-5 0.1083649 0.9550733 -9.17099e-5 0.29637 0.9350187 -7.1968e-5 0.3545988 0.8809062 -4.9293e-5 0.473291 0.8229829 -5.09847e-5 0.5680663 0.7742953 3.29092e-5 0.6328244 0.6631312 5.03115e-5 0.7485032 0.6390235 4.77717e-5 0.7691872 0.4647275 -2.50047e-5 0.8854539 0.4806705 -2.55393e-5 0.8769013 0.3041967 0 0.9526093 0.2393177 -5.89356e-5 0.9709414 0.1539754 -5.28778e-5 0.9880748 2.16663e-5 -0.001027226 0.9999995 8.75443e-6 0 1 -3.56957e-5 1.47829e-4 1 -0.2393068 -7.25215e-5 0.9709441 -2.20388e-5 0 1 -0.2470909 2.20542e-4 0.9689924 -0.4647212 1.09667e-4 0.885457 -0.4790478 2.79957e-7 0.8777889 -0.6631308 3.29861e-5 0.7485036 -0.65837 1.74171e-7 0.7526944 -0.7899148 3.33001e-4 0.6132166 -0.8229747 -1.32582e-4 0.5680781 -0.8925589 -5.93637e-5 0.450931 -0.935016 3.00717e-5 0.3546056 -0.9622489 -3.16758e-5 0.2721715 -0.9927098 -4.36628e-5 0.1205288 -0.9965354 1.23987e-4 0.08316951 -0.992711 -1.23444e-4 -0.1205205 -0.9941112 -1.17172e-5 -0.1083645 -0.9550914 7.9511e-5 -0.2963114 -0.9350188 -7.26048e-5 -0.3545984 -0.8809059 -4.94982e-5 -0.4732914 -0.822981 -9.80336e-5 -0.5680689 -0.7742717 2.15256e-4 -0.6328533 -0.6631237 5.99865e-6 -0.7485099 -0.6390265 4.73126e-5 -0.7691848 -0.4647272 -2.4626e-5 -0.8854539 -0.480717 -2.56118e-5 -0.8768758 -0.3041876 -7.24656e-7 -0.9526122 -0.2393248 -1.51519e-4 -0.9709396 -0.1539665 -3.25968e-5 -0.9880762 -1.83359e-5 -0.001026391 -0.9999995 -1.04457e-5 0 -1 2.82004e-5 1.48224e-4 -1 0.239263 -7.23281e-5 -0.9709548 0.2471441 2.21018e-4 -0.9689788 0.4646801 -2.12304e-4 -0.8854786 0.4790157 6.99889e-7 -0.8778064 0.6631113 -5.14502e-5 -0.7485209 0.6583701 1.21479e-7 -0.7526944 0.7899102 3.32427e-4 -0.6132225 0.822976 -1.3144e-4 -0.5680762 0.8925588 -5.96544e-5 -0.4509311 0.9350175 -2.45912e-4 -0.3546015 0.9622526 6.13973e-5 -0.2721583 0.9927089 1.95991e-6 -0.120537 0.9965358 1.23966e-4 -0.08316552 0.9927093 -3.11178e-5 0.1205328 0.9941115 -1.09486e-5 0.1083617 0.9550735 -9.30613e-5 0.2963694 0.9350187 -7.23512e-5 0.3545987 0.8809067 4.35589e-5 0.4732902 0.822983 -5.1438e-5 0.5680662 0.7742953 3.23706e-5 0.6328245 0.6631307 5.4239e-5 0.7485037 0.63939 -5.26007e-5 0.7688827 0.4647274 -2.51454e-5 0.8854538 0.4806834 -2.53645e-5 0.8768944 0.3041967 -4.90632e-7 0.9526093 0.2393171 -5.85504e-5 0.9709416 0.1538084 2.15426e-4 0.9881007 4.5225e-5 -0.001026928 0.9999995 9.22382e-6 0 1 -2.85432e-5 1.48754e-4 1 -0.239264 -7.21318e-5 0.9709545 -0.2472223 -1.37794e-4 0.9689589 -0.4646883 -2.12309e-4 0.8854743 -0.4790158 3.98839e-7 0.8778063 -0.6631113 -5.12255e-5 0.7485209 -0.6583721 3.03356e-7 0.7526927 -0.7899098 3.32415e-4 0.613223 -0.8229758 -1.31472e-4 0.5680765 -0.892554 1.2617e-4 0.4509406 -0.9350169 -1.07951e-4 0.3546031 -0.9622603 2.44982e-4 0.2721309 -0.9927088 2.80148e-6 0.1205371 -0.9965358 1.23973e-4 0.08316528 -0.9927093 -3.04319e-5 -0.1205329 -0.9941118 -1.09095e-5 -0.1083588 -0.9550732 -8.95958e-5 -0.2963702 -0.9350185 -7.17016e-5 -0.3545992 -0.8809084 1.3676e-4 -0.4732868 -0.8229848 4.06255e-5 -0.5680635 -0.7742747 2.1415e-4 -0.6328497 -0.6631309 5.21343e-5 -0.7485034 -0.6393984 -5.80187e-5 -0.7688757 -0.4647127 6.83542e-5 -0.8854616 -0.4806821 -2.55389e-5 -0.876895 -0.3042269 1.03182e-6 -0.9525996 -0.2393171 -5.84365e-5 -0.9709414 -0.1538077 2.15461e-4 -0.9881008 -4.52325e-5 -0.001026809 -0.9999995 -9.96888e-6 0 -1 2.76342e-5 1.484e-4 -1 0.2392684 -7.23255e-5 -0.9709535 0.2471552 2.2111e-4 -0.968976 0.4647436 1.02133e-4 -0.8854454 0.4790214 5.94147e-7 -0.8778033 0.6631106 -5.26174e-5 -0.7485215 0.6583659 -3.02512e-7 -0.7526981 0.7899941 3.9244e-5 -0.6131146 0.8229817 -3.88984e-5 -0.568068 0.8925537 1.26248e-4 -0.4509413 0.9350173 -1.53651e-4 -0.3546022 0.9622526 6.10902e-5 -0.2721584 0.9927089 2.38122e-6 -0.1205371 0.9965355 1.23735e-4 -0.08316802 0.9927093 -3.06199e-5 0.120533 0.9940717 2.55905e-5 0.1087269 0.9550638 -1.79194e-4 0.2964005 0.9350185 -7.17026e-5 0.3545992 0.8809074 1.36539e-4 0.4732886 0.8229807 -1.43706e-4 0.5680694 0.7742365 5.34011e-4 0.6328963 0.6631237 6.19603e-6 0.7485099 0.6392661 -2.2793e-5 0.7689856 0.4647266 -2.2576e-5 0.8854544 0.4806943 -2.54586e-5 0.8768882 0.3042324 1.07789e-6 0.9525979 0.2393181 -5.89428e-5 0.9709413 0.1539754 -5.3127e-5 0.9880748 3.1665e-5 -0.001026749 0.9999995 3.90634e-5 0 1 -2.88039e-5 1.48445e-4 1 -0.2392752 -7.22304e-5 0.9709519 -3.38033e-5 0 1 -0.2472193 -1.397e-4 0.9689596 -0.4646844 -2.12211e-4 0.8854764 -0.4790111 4.93332e-7 0.8778089 -0.663111 -5.1756e-5 0.7485211 -0.6583679 6.65775e-7 0.7526963 -0.7899941 3.91998e-5 0.6131146 -0.8229767 -1.30548e-4 0.5680752 -0.8925526 1.27098e-4 0.4509434 -0.9350173 -1.08283e-4 0.3546023 -0.9622524 6.10828e-5 0.2721588 -0.9927089 1.26177e-6 0.1205369 -0.9965359 1.23854e-4 0.08316421 -0.992708 6.13604e-5 -0.1205441 -0.994111 -1.11695e-5 -0.1083669 -0.9550732 -9.04532e-5 -0.2963701 -0.9350186 -7.20589e-5 -0.3545989 -0.8809067 4.34453e-5 -0.4732902 -0.8229821 -9.72612e-5 -0.5680674 -0.7742948 3.42448e-5 -0.6328252 -0.6631098 -8.22117e-5 -0.7485222 -0.6390208 4.70692e-5 -0.7691895 -0.4647274 -2.47395e-5 -0.8854539 -0.4806863 -2.5933e-5 -0.8768926 -0.3042095 0 -0.9526052 -0.2393186 -5.89074e-5 -0.9709412 -0.1537911 2.15505e-4 -0.9881034 -2.02656e-5 -0.00102657 -0.9999995 -1.01998e-5 0 -1 0.9749292 0 -0.2225158 1 0 -2.53692e-5 1 0 -2.20165e-5 0.9749273 0 -0.2225238 0.9009684 0 -0.4338848 0.9009692 0 -0.4338834 0.781833 0 -0.6234879 0.7818304 0 -0.6234912 0.6234977 0 -0.7818253 0.623488 0 -0.7818331 0.4338934 0 -0.9009643 0.4338789 0 -0.9009712 0.2225352 0 -0.9749247 0.2225195 0 -0.9749283 3.74168e-5 0 -1 3.73423e-5 0 -1 1.48267e-5 0 1 0.2225302 0 0.9749259 3.71486e-5 0 1 0.2225168 0 0.9749289 0.4338856 0 0.9009681 0.4338837 0 0.900969 0.6234897 0 0.7818316 0.6234887 0 0.7818325 0.7818323 0 0.6234887 0.781829 0 0.6234929 0.9009694 0 0.4338828 0.9009676 0 0.4338864 0.9749282 0 0.2225201 0.9749283 0 0.2225195 1 0 2.27988e-5 1 0 2.19718e-5 0 0 1 -0.9749283 0 0.2225195 -1 0 2.27988e-5 -1 0 2.19718e-5 -0.9749282 0 0.2225201 -0.9009676 0 0.4338864 -0.9009694 0 0.4338828 -0.781829 0 0.6234929 -0.7818323 0 0.6234887 -0.6234887 0 0.7818325 -0.6234897 0 0.7818316 -0.4338837 0 0.900969 -0.4338856 0 0.9009681 -0.2225168 0 0.9749289 -0.2225302 0 0.9749259 -1.48267e-5 0 1 -3.71486e-5 0 1 -3.74019e-5 0 -1 -0.2225195 0 -0.9749283 -3.73423e-5 0 -1 -0.2225352 0 -0.9749247 -0.4338789 0 -0.9009712 -0.4338934 0 -0.9009643 -0.623488 0 -0.7818331 -0.6234977 0 -0.7818253 -0.7818304 0 -0.6234912 -0.7818331 0 -0.623488 -0.9009692 0 -0.4338834 -0.9009684 0 -0.4338848 -0.9749273 0 -0.2225239 -0.9749292 0 -0.2225158 -1 0 -2.53692e-5 -1 0 -2.20165e-5 0 0 -1 -0.6523683 -0.7071061 0.272794 -0.6523674 -0.7071069 0.2727943 -0.5345236 -0.7071062 0.4629098 -0.5345174 -0.7071092 0.4629123 -6.17556e-6 0 1 6.17556e-6 0 1 0.5345174 -0.7071093 0.4629123 0.5345236 -0.7071062 0.4629098 0.6523674 -0.7071069 0.2727943 0.6523683 -0.7071061 0.272794 0.6738189 -0.7071041 0.2144106 0.6523677 -0.7071053 0.2727978 0.6523763 -0.7071053 0.272777 0.6761391 -0.7071067 0.2069687 0.6900572 -0.7070944 0.1543974 0.693286 -0.7071095 0.1391068 0.702845 -0.7070949 0.07762581 0.7036429 -0.7071102 0.0698716 0.7071042 -0.7071094 1.39996e-5 0.7071081 -0.7071056 2.66193e-5 -0.7043739 -0.7071041 0.06213963 -0.707107 -0.7071067 -4.15742e-6 -0.7071062 -0.7071074 1.76947e-5 -0.7036437 -0.7071064 0.06990051 -0.6961532 -0.7071195 0.1239064 -0.6932826 -0.7071095 0.1391239 -0.6783591 -0.7071259 0.1995044 -0.6761273 -0.7071102 0.2069953 -0.6523717 -0.7071082 0.2727806 -0.6523771 -0.7071077 0.272769 -0.9756558 0.2193077 9.31722e-5 -1 4.99561e-5 -3.81854e-6 -1 4.12762e-5 0 -0.9709466 0.2392963 -1.03356e-4 -0.903747 0.4280672 -1.36817e-6 -0.8854568 0.4647219 -7.94209e-6 -0.8074988 0.5898693 3.07802e-7 -0.7485109 0.6631225 7.31088e-6 -0.6989202 0.7151998 1.51621e-4 -0.5680656 0.8229833 -4.92039e-5 -0.5714129 0.8206627 -2.82409e-6 -0.4280053 0.9037764 2.15382e-5 -0.3546056 0.935016 -5.82389e-5 -0.2729157 0.962038 -5.8409e-5 -0.1205347 0.9927092 -3.62657e-5 -0.1100903 0.9939216 -2.0422e-5 0.05519711 0.9984755 9.96889e-5 0.120536 0.992709 -8.77283e-6 0.2194669 0.97562 1.6068e-4 0.3546114 0.9350138 -5.67811e-5 0.3776741 0.9259386 -4.21512e-5 0.5250886 0.8510476 1.89225e-5 0.5680665 0.8229828 1.60739e-5 0.6585299 0.7525546 7.11541e-5 0.7485071 0.6631268 2.86719e-5 0.7737149 0.6335341 1.70656e-5 0.8854563 0.4647228 2.06591e-6 0.8676919 0.4971024 -2.58896e-5 0.9378845 0.3469479 6.6668e-5 0.9709419 0.2393156 4.54951e-6 0.9823 0.1873145 -4.4945e-7 0.9955683 0.09404247 5.67969e-5 1 2.71804e-5 5.80749e-6 1 -6.04987e-6 0 0.975696 -0.2191286 3.60934e-4 1 -4.96879e-5 -4.02192e-6 1 -3.60161e-5 0 0.9709444 -0.2393051 -5.75216e-5 0.9037469 -0.4280674 -1.85089e-6 0.8854568 -0.464722 -7.82241e-6 0.8074991 -0.589869 0 0.7485097 -0.6631239 -3.87807e-5 0.6990327 -0.7150897 -2.27552e-5 0.5680648 -0.8229838 -2.90712e-6 0.5714147 -0.8206616 -2.90237e-6 0.4280048 -0.9037765 2.07335e-5 0.3546055 -0.935016 -5.81271e-5 0.2729156 -0.962038 -5.79518e-5 0.1205348 -0.9927092 -3.62608e-5 0.1104117 -0.9938859 1.15875e-5 -0.0553081 -0.9984694 1.48316e-5 -0.120533 -0.9927094 -5.4816e-5 -0.2194468 -0.9756246 6.98485e-5 -0.354601 -0.9350178 3.51691e-5 -0.3776741 -0.9259386 -4.21683e-5 -0.5252065 -0.8509749 2.94934e-6 -0.5680567 -0.8229895 -7.57319e-5 -0.6585231 -0.7525607 -6.78914e-5 -0.7485129 -0.6631203 -1.60518e-5 -0.7737147 -0.6335343 1.71822e-5 -0.8854563 -0.4647229 2.05007e-6 -0.8677325 -0.4970315 3.98641e-6 -0.9378846 -0.3469477 6.65415e-5 -0.9709419 -0.2393156 4.64893e-6 -0.9822937 -0.1873474 -4.41098e-7 -0.9955617 -0.09411072 -5.57079e-5 -1 -3.62776e-5 5.68177e-6 -1 -2.91206e-5 0 -0.975696 0.2191286 3.60926e-4 -1 4.9755e-5 -4.02244e-6 -1 3.60161e-5 0 -0.9709424 0.2393134 -1.23092e-5 -0.9037469 0.4280674 -1.85857e-6 -0.8854567 0.4647219 -7.84476e-6 -0.8074989 0.5898692 1.67754e-7 -0.7485098 0.6631239 -3.87188e-5 -0.698988 0.7151334 4.67548e-5 -0.5680648 0.8229838 -2.97069e-6 -0.5714149 0.8206614 -2.76714e-6 -0.4280049 0.9037764 2.09874e-5 -0.3546055 0.935016 -5.81618e-5 -0.2729157 0.962038 -5.82518e-5 -0.1205348 0.9927092 -3.62673e-5 -0.1100909 0.9939216 -2.04491e-5 0.05530804 0.9984694 1.48354e-5 0.120533 0.9927094 -5.4816e-5 0.2194668 0.97562 1.60709e-4 0.3546062 0.9350158 -1.07512e-5 0.3776741 0.9259386 -4.21843e-5 0.5250887 0.8510475 1.88771e-5 0.5680567 0.8229895 -7.56199e-5 0.6585304 0.7525541 7.16951e-5 0.7485129 0.6631203 -1.59538e-5 0.7737985 0.6334319 -2.72787e-5 0.8854562 0.4647228 2.07452e-6 0.8677325 0.4970315 4.0158e-6 0.9378846 0.3469476 6.65702e-5 0.9709419 0.2393157 4.64637e-6 0.9822938 0.1873475 -4.13536e-7 0.9955686 0.09403842 6.58263e-5 1 3.63521e-5 5.68014e-6 1 2.91206e-5 0 0.9756558 -0.2193077 9.31821e-5 1 -4.98891e-5 -3.81807e-6 1 -4.12762e-5 0 0.9709425 -0.2393131 -1.29715e-5 0.9037667 -0.4280256 3.57442e-6 0.8854566 -0.464722 -7.94651e-6 0.8074989 -0.5898692 1.94996e-7 0.7485097 -0.6631239 -3.87745e-5 0.699032 -0.7150905 -2.15319e-5 0.5680649 -0.8229837 -2.86102e-6 0.5714128 -0.8206629 -2.87328e-6 0.4280482 -0.903756 1.01392e-4 0.3546056 -0.935016 -5.81264e-5 0.2728971 -0.9620434 -1.57187e-5 0.1205347 -0.9927092 -3.62212e-5 0.1100907 -0.9939216 -2.02588e-5 -0.05519711 -0.9984755 9.97273e-5 -0.120536 -0.992709 -8.84174e-6 -0.2194468 -0.9756246 6.98895e-5 -0.3546062 -0.9350158 -1.08357e-5 -0.3775075 -0.9260066 1.03543e-6 -0.5250882 -0.8510479 1.89719e-5 -0.5680568 -0.8229894 -7.52767e-5 -0.6585299 -0.7525546 7.10851e-5 -0.7485072 -0.6631268 2.85956e-5 -0.773799 -0.6334312 -2.75482e-5 -0.8854563 -0.4647228 1.98022e-6 -0.8677567 -0.4969893 2.18909e-5 -0.9378833 -0.3469512 1.13144e-4 -0.9709419 -0.2393157 4.52925e-6 -0.9823001 -0.1873143 -4.6911e-7 -0.9955683 -0.09404247 5.67787e-5 -1 -2.71133e-5 5.80936e-6 -1 6.04987e-6 0 -0.9718408 0.2356387 4.48871e-5 -1 2.3216e-5 -3.09522e-6 -1 1.85668e-5 0 -0.9709477 0.239292 -1.35299e-4 -0.8889132 0.458076 0 -0.8854408 0.4647524 6.71397e-5 -0.7991675 0.6011084 6.81827e-6 -0.7485112 0.6631222 -1.94442e-5 -0.679794 0.7334032 1.84201e-4 -0.5680742 0.8229775 5.89563e-5 -0.538865 0.8423922 -1.04425e-6 -0.3894724 0.9210382 -8.89253e-7 -0.354635 0.935005 -1.61565e-4 -0.2376402 0.9713532 4.66716e-4 -0.1205355 0.9927091 -6.34848e-6 -0.07958382 0.9968282 -5.02055e-5 0.1205371 0.9927089 2.28477e-6 0.08010727 0.9967864 -5.623e-5 0.2381479 0.9712289 1.40117e-4 0.3546 0.9350182 3.17387e-5 0.3898839 0.9208641 3.14329e-5 0.5318 0.8468701 4.38686e-6 0.5680616 0.822986 -2.28805e-5 0.6600129 0.7512544 -1.54134e-6 0.748514 0.6631191 -3.25184e-5 0.7713869 0.6363666 -2.0709e-5 0.8629724 0.5052512 7.93603e-6 0.8854563 0.4647228 4.04741e-6 0.9324775 0.3612283 -4.61965e-6 0.9709419 0.2393155 -1.23633e-5 0.9781469 0.2079154 -1.54779e-6 0.9945307 0.1044453 1.41985e-4 0.999999 3.56883e-5 -0.001472234 1 2.68146e-5 0 0.9718394 -0.235644 4.48238e-5 1 -1.77175e-5 -3.18165e-6 1 -1.84029e-5 0 0.9709489 -0.2392871 -1.35347e-4 0.8889122 -0.4580776 0 0.8854597 -0.4647164 -1.56608e-5 0.7991714 -0.6011034 5.55493e-6 0.7485111 -0.6631222 -1.94568e-5 0.6797941 -0.7334031 1.84137e-4 0.5680598 -0.8229874 -3.16584e-5 0.5388632 -0.8423933 -7.81824e-7 0.389514 -0.9210205 -3.26117e-6 0.3546183 -0.9350112 -7.16021e-5 0.2376388 -0.9713535 4.66712e-4 0.1205274 -0.9927101 -5.17495e-5 0.07958382 -0.9968282 -5.01904e-5 -0.120537 -0.9927089 2.37266e-6 -0.08010983 -0.9967861 -5.55468e-5 -0.2381494 -0.9712286 0 -0.3546 -0.9350181 3.13105e-5 -0.3900415 -0.9207973 -3.62123e-5 -0.5316823 -0.846944 -3.8787e-5 -0.5680617 -0.8229861 -2.24464e-5 -0.6600129 -0.7512544 -1.55799e-6 -0.7485095 -0.6631241 1.30524e-5 -0.7715805 -0.6361318 -1.32317e-4 -0.8629726 -0.5052508 8.05929e-6 -0.8854562 -0.4647228 3.2963e-6 -0.9324775 -0.3612284 -4.1743e-6 -0.9709419 -0.2393156 -5.86391e-5 -0.9781394 -0.2079505 6.64688e-7 -0.9945306 -0.1044469 1.51269e-4 -0.9999989 1.54972e-6 -0.001472115 -1 -1.38842e-5 0 0.7071063 -0.7071074 0 0.7071074 -0.7071062 0 1 0 0 0 1 0 0 1 0 0 1 0 0 1 0 0 1 0 0 1 0 0 1 0 0 1 0 0 1 0 0 1 0 0 1 0 0 1 0 0 1 0 0 1 0 0 1 0 0 1 0 0 1 0 0 1 0 0 1 0 0 1 0 0 1 0 0 1 0 0 1 0 0 1 0 0 1 0 0 1 0 0 1 0 0 1 0 0 1 0 0 1 0 0 1 0 0 1 0 0 1 0 0 1 0 0 1 0 0 1 0 0 1 0 0 1 0 0 1 0 0 1 0 0 1 0 0 1 0 0 1 0 0 1 0 0 1 0 -1 0 0 -1 4.56276e-7 0 -1 -1.84786e-6 0 0 1 -2.57875e-7 0 1 2.68358e-7 0 1 -4.17554e-7 0 1 -7.69411e-7 0 1 6.36672e-7 0 1 2.2282e-7 0 1 3.65821e-7 0 1 3.46595e-7 0 1 -3.84403e-7 0 1 1.84829e-7 0 1 2.12906e-7 0 1 0 0 1 -1.36592e-7 0 1 0 0 1 0 0 1 1.29259e-7 0 1 0 0 1 0 0 1 0 0 1 -2.06906e-7 0 1 0 0 1 -1.42247e-7 0 1 0 0 1 0 0 1 -1.47112e-7 0 1 1.55693e-7 0 1 -1.72215e-7 0 1 2.94765e-7 0 1 -3.13442e-7 0 1 0 0 1 0 0 1 0 0 1 0 0 1 0 0 1 0 0 1 0 0 1 0 0 1 0 0 1 0 0 1 0 0 1 0 0 1 0 0 1 0 0 1 0 0 1 0 0 1 0 0 1 0 0 1 0 0 1 0 0 1 0 0 1 0 0 1 0 0 1 0 0 1 0 0 1 0 0 1 0 0 1 0 0 1 0 0 1 0 0 1 0 0 1 0 0 1 0 0 1 0 0 1 0 0 1 0 0 1 0 0 1 0 0 1 0 0 1 0 0 1 0 0 1 0 0 1 0 0 1 0 0 1 0 0 1 0 0 1 0 0 1 0 0 1 0 -0.7071063 -0.7071074 0 -0.7071074 -0.7071062 0 0 -1 2.36913e-6 0 -1 -1.91393e-6 0 -1 -1.11758e-6 0 -1 1.9593e-6 0 -1 2.25945e-6 0 -1 -8.05259e-6 0 -1 -2.08535e-6 0 -1 4.30139e-6 0 -1 9.98453e-7 0 -1 -1.81972e-7 0 -1 -2.0651e-6 0 -1 1.98866e-6 0 -1 8.79059e-6 0 -1 -7.62776e-6 0 -1 -1.48013e-6 0 -1 0 0 -1 1.90328e-6 0 -1 0 0 -1 4.50532e-6 0 -1 -4.0719e-7 0 -1 6.33826e-6 0 -1 6.75163e-6 0 -1 0 0 -1 1.49517e-5 0 -1 -1.27759e-7 0 -1 -5.25873e-6 0 -1 4.63869e-6 0 -1 -3.95111e-6 0 -1 0 0 -1 1.05883e-5 0 -1 -1.82578e-6 0 -1 -3.56883e-6 0 -1 1.22344e-6 0 -1 1.80309e-6 0 -1 2.41243e-6 0 -1 4.23349e-6 0 -1 -3.44021e-6 0 -1 2.33996e-6 0 -1 -5.33442e-7 0 -1 8.56111e-7 0 -1 -6.99505e-7 0 -1 1.50655e-7 0 -1 0 0 -1 5.26761e-6 0 -1 6.79652e-6 0 -1 -1.82271e-6 0 -1 0 0 -1 -1.87214e-6 0 -1 0 0 -1 0 0 -1 0 0 -1 -1.49516e-7 0 -1 1.68405e-7 0 -1 -1.75483e-7 0 -1 0 0 -1 -1.56775e-6 0 -1 1.43492e-6 0 -1 -3.7368e-6 0 -1 -1.57795e-6 0 -1 3.87411e-6 0 -1 3.82195e-7 0 -1 9.81819e-7 0 -1 -3.66303e-6 0 -1 4.20994e-6 0 -1 -1.77672e-7 0 -1 -4.13368e-6 0 -1 -2.08188e-7 0 -1 -6.22435e-7 0 -1 -2.37677e-6 0 -1 4.0743e-6 0 -1 -6.93287e-7 0 -1 1.36585e-6 0 -1 0 0 -1 -1.42703e-6 0 -1 6.14387e-7 0 -1 -1.02114e-6 0 -1 6.64628e-7 0 -1 -1.72775e-7 0 -1 -1.19505e-7 0 -1 9.92616e-7 0 -1 -3.54088e-6 0 -1 -6.74013e-6 0 -1 6.24017e-6 0 -1 6.90217e-6 0 -1 -2.38471e-6 0 -1 -7.43566e-6 0 -1 -7.61307e-6 0 -1 5.81767e-6 0 -1 8.41992e-6 0 -1 -1.64714e-7 0 -1 2.39737e-6 0 -1 -1.35457e-5 0 -1 -1.25307e-7 0 -1 0 0 -1 3.62161e-6 0 -1 -3.85928e-6 0 -1 7.9418e-6 0 -1 1.47656e-7 0 -1 0 0 -1 -6.57774e-6 0 -1 1.21675e-7 0 -1 2.46681e-6 0 -1 1.30292e-6 0 -1 -5.5576e-6 0 -1 5.6101e-6 0 -1 -2.22015e-6 0 -1 -3.73482e-6 0 -1 3.2796e-6 0 -1 -7.38213e-7 0 -1 2.23105e-6 0 -1 1.5591e-6 0 -1 6.37591e-6 0 -1 -3.60382e-5 0 -1 6.41497e-6 0 -1 -3.12786e-6 0 -1 -5.83053e-7 0 -1 9.25979e-7 0 -1 -7.49671e-7 0 -1 -1.35655e-7 0 -1 8.67881e-7 0 -1 3.02374e-6 0 -1 3.57692e-7 0 -1 8.48493e-6 0 -1 -2.4476e-6 0 -1 -3.07376e-6 0 -1 1.00362e-6 0 -1 0 0 -1 -5.70369e-6 0 -1 6.40769e-6 0 -1 3.70327e-6 0 -1 -7.33228e-6 0 -1 1.55847e-6 0 -1 -8.23113e-6 0 -1 9.93243e-6 0 -1 -4.80935e-6 0 -1 -1.16294e-6 0 -1 -5.88083e-6 0 -1 5.12415e-7 0 -1 -1.54261e-6 0 -1 1.21955e-6 0 -1 3.6339e-7 0 -1 -1.5529e-6 0 -1 6.91702e-7 0 -1 -1.35166e-6 0 -1 1.27594e-6 0 -1 1.14727e-6 0 -1 -1.39755e-6 0 -1 5.3143e-7 0 -1 2.09527e-6 0 -1 -1.58936e-6 0 -1 -2.19676e-6 0 -1 2.40149e-6 0 -1 -2.76212e-6 0 -1 8.9568e-7 0 -1 -2.64164e-6 0 -1 3.40328e-6 0 -1 -2.68858e-6 0 -1 -5.36545e-6 0 -1 2.82438e-6 0 -1 4.54292e-7 0 -1 3.15139e-6 0 -1 -5.70665e-6 0 -1 1.81815e-6 0 -1 -4.29434e-6 0 -1 1.38093e-7 0 -1 5.67006e-7 0 -1 -6.59542e-7 0 -1 4.82849e-7 0 -1 2.30141e-7 0 -1 -7.96941e-7 0 -1 1.75565e-7 0 -1 -2.59605e-7 0 -1 1.54916e-6 0 -1 -1.8113e-6 0 -1 1.39979e-7 0 -1 0 0 -1 -2.53725e-7 0 -1 0 0 -1 0 0 -1 0 0 -1 3.16763e-7 0 -1 2.63142e-7 0 -1 -1.00889e-5 0 -1 0 0 -1 -3.50095e-7 0.4640337 -0.2234659 -0.8571673 0.515054 1.16169e-5 -0.8571578 0.5150267 -3.49517e-5 -0.8571741 0.3211221 -0.4026727 -0.8571671 0.464021 -0.2234512 -0.857178 0.500054 -0.1232407 -0.8571801 0.456055 -0.2393374 -0.8571648 0.3855122 -0.3415369 -0.8571657 0.1146067 -0.5021268 -0.8571663 0.3211038 -0.4026551 -0.8571821 0.2925778 -0.4238678 -0.8571665 0.1826419 -0.4815562 -0.857173 -0.1146072 -0.5021257 -0.8571668 0.5400571 0.4306803 -0.7230856 0.114604 -0.5021156 -0.8571732 0.06208407 -0.5112854 -0.8571656 -0.06205272 -0.5112661 -0.8571794 -0.3211227 -0.4026722 -0.8571671 -0.1146097 -0.5021356 -0.8571607 -0.1826422 -0.4815554 -0.8571735 -0.4640672 -0.2234528 -0.8571525 -0.3211047 -0.4026558 -0.8571815 -0.2925776 -0.423868 -0.8571666 -0.3855121 -0.3415356 -0.8571663 -0.4640319 -0.223466 -0.8571682 -0.4560545 -0.2393379 -0.8571649 -0.5000552 -0.1232404 -0.8571795 -0.5150378 -1.13994e-5 -0.8571676 0.9709425 -0.2393128 0 1 -2.54065e-5 0 1 -2.54139e-5 0 0.9709408 -0.2393199 0 0.8854578 -0.4647198 0 0.8854544 -0.4647262 0 0.7485116 -0.6631217 0 0.7485103 -0.6631232 0 0.5680651 -0.8229837 0 0.5680633 -0.8229848 0 0.3546059 -0.9350159 0 0.3546046 -0.9350164 0 0.1205375 -0.9927088 0 0.1205362 -0.9927089 0 -0.1205371 -0.9927088 0 -0.1205358 -0.9927091 0 -0.3546021 -0.9350173 0 -0.3546077 -0.9350152 0 -0.5680647 -0.822984 0 -0.5680653 -0.8229835 0 -0.7485111 -0.6631224 0 -0.7485107 -0.6631227 0 -0.8854563 -0.4647226 0 -0.8854562 -0.4647229 0 -0.9709407 -0.2393201 0 -0.9709432 -0.2393103 0 -1 -3.05995e-5 0 -1 -1.99303e-5 0 -0.321122 0.4026736 -0.8571667 -0.5149931 1.81794e-5 -0.8571943 -0.4640592 0.2234572 -0.8571557 -0.4640274 0.2234584 -0.8571727 -0.515034 1.02142e-5 -0.8571698 -0.5000538 0.1232413 -0.8571801 -0.456023 0.2393724 -0.857172 -0.3855119 0.3415356 -0.8571663 -0.1146075 0.5021254 -0.857167 0.5841772 0.7325319 0.3494768 -0.3211038 0.4026548 -0.8571823 -0.2925776 0.4238675 -0.8571667 -0.1826422 0.4815552 -0.8571735 0.1146061 0.5021256 -0.8571671 -0.1146085 0.5021314 -0.8571633 -0.06208449 0.5112855 -0.8571655 0.06205451 0.5112667 -0.857179 0.3211212 0.4026732 -0.8571672 0.1146016 0.5021134 -0.8571749 0.1826419 0.4815562 -0.857173 0.4640336 0.2234666 -0.8571671 0.5150299 3.59789e-5 -0.8571722 0.3211049 0.4026556 -0.8571816 0.2925778 0.4238678 -0.8571665 0.3855123 0.3415369 -0.8571656 0.4640305 0.2234646 -0.8571694 0.4560546 0.239338 -0.8571648 0.5000541 0.1232399 -0.8571802 -0.9709432 0.2393102 0 -1 3.07187e-5 0 -1 2.00421e-5 0 -0.9709408 0.23932 0 -0.885458 0.4647197 0 -0.8854547 0.4647257 0 -0.7485111 0.6631224 0 -0.7485107 0.6631227 0 -0.5680647 0.822984 0 -0.5680653 0.8229835 0 -0.3546073 0.9350154 0 -0.3546018 0.9350175 0 -0.1205367 0.9927089 0 -0.1205353 0.9927091 0 0.1205357 0.9927091 0 0.1205371 0.9927089 0 0.3546051 0.9350162 0 0.3546046 0.9350165 0 0.5680633 0.8229848 0 0.5680651 0.8229837 0 0.7485103 0.6631232 0 0.7485116 0.6631217 0 0.8854574 0.4647206 0 0.885455 0.4647251 0 0.9709411 0.2393188 0 0.9709424 0.2393138 0 1 2.55182e-5 0 1 2.55182e-5 0</float_array>
          <technique_common>
            <accessor source="#_204_MECA_024_SPEC_stp-mesh-normals-array" count="2519" stride="3">
              <param name="X" type="float"/>
              <param name="Y" type="float"/>
              <param name="Z" type="float"/>
            </accessor>
          </technique_common>
        </source>
        <vertices id="_204_MECA_024_SPEC_stp-mesh-vertices">
          <input semantic="POSITION" source="#_204_MECA_024_SPEC_stp-mesh-positions"/>
        </vertices>
        <triangles material="mat_0-material" count="3084">
          <input semantic="VERTEX" source="#_204_MECA_024_SPEC_stp-mesh-vertices" offset="0"/>
          <input semantic="NORMAL" source="#_204_MECA_024_SPEC_stp-mesh-normals" offset="1"/>
          <p>3 0 21 1 2 2 3 0 22 3 21 1 4 4 23 5 22 3 4 4 22 3 3 0 5 6 24 7 23 5 5 6 23 5 4 4 6 8 25 9 24 7 6 8 24 7 5 6 7 10 25 9 6 8 8 11 26 12 25 9 8 11 25 9 7 10 9 13 27 14 26 12 9 13 26 12 8 11 10 15 27 14 9 13 11 16 28 17 27 14 11 16 27 14 10 15 12 18 29 19 28 17 12 18 28 17 11 16 13 20 30 21 29 19 13 20 29 19 12 18 14 22 30 21 13 20 15 23 31 24 30 21 15 23 30 21 14 22 16 25 32 26 31 24 16 25 31 24 15 23 17 27 32 26 16 25 18 28 33 29 32 26 18 28 32 26 17 27 19 30 34 31 33 29 19 30 33 29 18 28 20 32 34 31 19 30 20 32 0 33 34 31 1 34 0 33 20 32 36 35 55 36 35 37 36 35 56 38 55 36 37 39 57 40 56 38 37 39 56 38 36 35 38 41 58 42 57 40 38 41 57 40 37 39 39 43 58 42 38 41 40 44 59 45 58 42 40 44 58 42 39 43 41 46 60 47 59 45 41 46 59 45 40 44 42 48 60 47 41 46 43 49 61 50 60 47 43 49 60 47 42 48 44 51 62 52 61 50 44 51 61 50 43 49 45 53 62 52 44 51 46 54 63 55 62 52 46 54 62 52 45 53 47 56 64 57 63 55 47 56 63 55 46 54 48 58 64 57 47 56 49 59 65 60 64 57 49 59 64 57 48 58 50 61 66 62 65 60 50 61 65 60 49 59 51 63 66 62 50 61 52 64 67 65 66 62 52 64 66 62 51 63 53 66 68 67 67 65 53 66 67 65 52 64 54 68 68 67 53 66 72 69 70 69 71 69 73 70 70 70 72 70 74 70 70 70 73 70 69 70 70 70 74 70 75 70 69 70 74 70 79 71 97 72 78 73 79 71 98 74 97 72 80 75 99 76 98 74 80 75 98 74 79 71 81 77 100 78 99 76 81 77 99 76 80 75 82 79 101 80 100 78 82 79 100 78 81 77 83 81 101 80 82 79 84 82 102 83 101 80 84 82 101 80 83 81 85 84 103 85 102 83 85 84 102 83 84 82 86 86 103 85 85 84 87 87 104 88 103 85 87 87 103 85 86 86 88 89 105 90 104 88 88 89 104 88 87 87 89 91 106 92 105 90 89 91 105 90 88 89 90 93 106 92 89 91 91 94 107 95 106 92 91 94 106 92 90 93 92 96 108 97 107 95 92 96 107 95 91 94 93 98 108 97 92 96 94 99 109 100 108 97 94 99 108 97 93 98 95 101 110 102 109 100 95 101 109 100 94 99 96 103 110 102 95 101 96 103 76 104 110 102 77 105 76 104 96 103 112 106 131 107 111 108 112 106 132 109 131 107 113 110 133 111 132 109 113 110 132 109 112 106 114 112 134 113 133 111 114 112 133 111 113 110 115 114 134 113 114 112 116 115 135 116 134 113 116 115 134 113 115 114 117 117 136 118 135 116 117 117 135 116 116 115 118 119 136 118 117 117 119 120 137 121 136 118 119 120 136 118 118 119 120 122 138 123 137 121 120 122 137 121 119 120 121 124 138 123 120 122 122 125 139 126 138 123 122 125 138 123 121 124 123 127 140 128 139 126 123 127 139 126 122 125 124 129 140 128 123 127 125 130 141 131 140 128 125 130 140 128 124 129 126 132 142 133 141 131 126 132 141 131 125 130 127 134 142 133 126 132 128 135 143 136 142 133 128 135 142 133 127 134 129 137 144 138 143 136 129 137 143 136 128 135 130 139 144 138 129 137 148 140 161 141 147 142 148 140 162 143 161 141 149 144 163 145 162 143 149 144 164 146 163 145 149 144 162 143 148 140 150 147 165 148 164 146 150 147 164 146 149 144 151 149 166 150 165 148 151 149 165 148 150 147 152 151 167 152 166 150 152 151 166 150 151 149 153 153 168 154 167 152 153 153 169 155 168 154 153 153 167 152 152 151 154 156 170 157 169 155 154 156 169 155 153 153 155 158 171 159 170 157 155 158 170 157 154 156 156 160 172 161 171 159 156 160 173 162 172 161 156 160 171 159 155 158 157 163 174 164 173 162 157 163 173 162 156 160 158 165 175 166 174 164 158 165 174 164 157 163 159 167 176 168 175 166 159 167 177 169 176 168 159 167 175 166 158 165 160 170 178 171 177 169 160 170 177 169 159 167 146 172 145 173 178 171 146 172 178 171 160 170 179 174 194 175 193 176 180 177 195 178 194 175 180 177 194 175 179 174 181 179 196 180 195 178 181 179 195 178 180 177 182 181 197 182 196 180 182 181 196 180 181 179 183 183 198 184 197 182 183 183 197 182 182 181 184 185 199 186 198 184 184 185 200 187 199 186 184 185 198 184 183 183 185 188 201 189 200 187 185 188 200 187 184 185 186 190 202 191 201 189 186 190 203 192 202 191 186 190 201 189 185 188 187 193 204 194 203 192 187 193 203 192 186 190 188 195 205 196 204 194 188 195 204 194 187 193 189 197 206 198 205 196 189 197 207 199 206 198 189 197 205 196 188 195 190 200 208 201 207 199 190 200 207 199 189 197 191 202 209 203 208 201 191 202 210 204 209 203 191 202 208 201 190 200 192 205 211 206 210 204 192 205 210 204 191 202 212 70 215 70 216 70 212 70 216 70 217 70 212 207 217 207 218 207 213 70 214 70 215 70 213 70 215 70 212 70 250 208 222 208 223 208 250 208 249 208 222 208 248 208 221 208 222 208 248 208 222 208 249 208 251 209 223 209 224 209 251 208 250 208 223 208 247 208 220 208 221 208 247 208 221 208 248 208 252 208 251 208 224 208 246 208 219 208 220 208 246 210 220 210 247 210 253 211 224 211 225 211 253 208 252 208 224 208 254 208 225 208 226 208 254 212 253 212 225 212 245 208 219 208 246 208 255 213 254 213 226 213 282 214 219 214 245 214 282 208 244 208 219 208 281 215 244 215 282 215 243 216 244 216 281 216 256 208 255 208 226 208 256 208 226 208 227 208 280 208 243 208 281 208 257 208 256 208 227 208 228 208 257 208 227 208 279 217 243 217 280 217 258 208 257 208 228 208 242 218 243 218 279 218 278 208 242 208 279 208 259 208 258 208 228 208 229 219 259 219 228 219 229 208 260 208 259 208 241 220 242 220 278 220 241 221 278 221 277 221 276 222 241 222 277 222 261 223 260 223 229 223 230 208 262 208 261 208 230 224 261 224 229 224 240 208 241 208 276 208 240 225 276 225 275 225 231 226 263 226 262 226 231 227 262 227 230 227 239 228 274 228 273 228 239 229 275 229 274 229 239 208 240 208 275 208 232 208 264 208 263 208 232 208 265 208 264 208 232 208 263 208 231 208 238 230 273 230 272 230 238 208 239 208 273 208 233 208 266 208 265 208 233 231 265 231 232 231 237 208 238 208 272 208 237 232 271 232 270 232 237 233 272 233 271 233 234 234 267 234 266 234 234 235 266 235 233 235 236 208 270 208 269 208 236 208 237 208 270 208 235 208 268 208 267 208 235 208 269 208 268 208 235 208 236 208 269 208 235 236 267 236 234 236 314 208 286 208 287 208 314 208 313 208 286 208 312 208 285 208 286 208 312 208 286 208 313 208 315 237 287 237 288 237 315 208 314 208 287 208 311 208 284 208 285 208 311 208 285 208 312 208 316 208 315 208 288 208 310 208 283 208 284 208 310 210 284 210 311 210 317 238 288 238 289 238 317 208 316 208 288 208 318 208 289 208 290 208 318 239 317 239 289 239 309 208 283 208 310 208 319 213 318 213 290 213 346 240 283 240 309 240 346 208 308 208 283 208 345 241 308 241 346 241 307 242 308 242 345 242 320 208 319 208 290 208 320 208 290 208 291 208 344 208 307 208 345 208 321 208 320 208 291 208 292 208 321 208 291 208 343 243 307 243 344 243 322 208 321 208 292 208 306 244 307 244 343 244 342 208 306 208 343 208 323 208 322 208 292 208 293 245 323 245 292 245 293 208 324 208 323 208 305 246 306 246 342 246 305 247 342 247 341 247 340 222 305 222 341 222 325 248 324 248 293 248 294 208 326 208 325 208 294 249 325 249 293 249 304 208 305 208 340 208 304 250 340 250 339 250 295 251 327 251 326 251 295 252 326 252 294 252 303 253 338 253 337 253 303 254 339 254 338 254 303 208 304 208 339 208 296 208 328 208 327 208 296 208 329 208 328 208 296 208 327 208 295 208 302 255 337 255 336 255 302 208 303 208 337 208 297 208 330 208 329 208 297 256 329 256 296 256 301 208 302 208 336 208 301 257 335 257 334 257 301 258 336 258 335 258 298 234 331 234 330 234 298 259 330 259 297 259 300 208 334 208 333 208 300 208 301 208 334 208 299 208 332 208 331 208 299 208 333 208 332 208 299 208 300 208 333 208 299 260 331 260 298 260 363 261 361 262 347 263 364 264 361 262 363 261 365 265 347 263 348 266 365 265 348 266 349 267 365 265 349 267 350 268 365 265 363 261 347 263 366 269 361 262 364 264 367 270 350 268 351 271 367 270 351 271 352 272 367 270 363 261 365 265 367 270 364 264 363 261 367 270 365 265 350 268 368 273 362 274 361 262 368 273 361 262 366 269 369 275 352 272 353 276 369 275 353 276 354 277 369 275 364 264 367 270 369 275 367 270 352 272 369 275 366 269 364 264 370 278 362 274 368 273 371 279 354 277 355 280 371 279 368 273 366 269 371 279 369 275 354 277 371 279 366 269 369 275 372 281 362 274 370 278 373 282 355 280 356 283 373 282 356 283 357 284 373 282 371 279 355 280 373 282 370 278 368 273 373 282 368 273 371 279 374 285 357 284 358 286 374 285 358 286 359 287 374 285 359 287 360 288 374 285 360 288 362 274 374 285 373 282 357 284 374 285 362 274 372 281 374 285 372 281 370 278 374 285 370 278 373 282 391 289 389 290 392 291 393 292 375 293 376 294 393 292 376 294 377 295 393 292 377 295 378 296 393 292 389 290 375 293 393 292 392 291 389 290 394 297 390 298 389 290 394 297 389 290 391 289 395 299 378 296 379 300 395 299 379 300 380 301 395 299 392 291 393 292 395 299 391 289 392 291 395 299 393 292 378 296 396 302 390 298 394 297 397 303 380 301 381 304 397 303 381 304 382 305 397 303 391 289 395 299 397 303 394 297 391 289 397 303 395 299 380 301 398 306 390 298 396 302 399 307 382 305 383 308 399 307 394 297 397 303 399 307 397 303 382 305 399 307 396 302 394 297 400 309 390 298 398 306 401 310 383 308 384 311 401 310 384 311 385 312 401 310 399 307 383 308 401 310 398 306 396 302 401 310 396 302 399 307 402 313 385 312 386 314 402 313 386 314 387 315 402 313 387 315 388 316 402 313 388 316 390 298 402 313 401 310 385 312 402 313 390 298 400 309 402 313 400 309 398 306 402 313 398 306 401 310 419 317 417 318 403 319 420 320 417 318 419 317 421 321 403 319 404 322 421 321 404 322 405 323 421 321 405 323 406 324 421 321 419 317 403 319 422 325 417 318 420 320 423 326 406 324 407 327 423 326 407 327 408 328 423 326 419 317 421 321 423 326 420 320 419 317 423 326 421 321 406 324 424 329 418 330 417 318 424 329 417 318 422 325 425 331 408 328 409 332 425 331 409 332 410 333 425 331 420 320 423 326 425 331 423 326 408 328 425 331 422 325 420 320 426 334 418 330 424 329 427 335 410 333 411 336 427 335 424 329 422 325 427 335 425 331 410 333 427 335 422 325 425 331 428 337 418 330 426 334 429 338 411 336 412 339 429 338 412 339 413 340 429 338 427 335 411 336 429 338 426 334 424 329 429 338 424 329 427 335 430 341 413 340 414 342 430 341 414 342 415 343 430 341 415 343 416 344 430 341 416 344 418 330 430 341 429 338 413 340 430 341 418 330 428 337 430 341 428 337 426 334 430 341 426 334 429 338 447 345 445 346 448 347 449 348 431 349 432 350 449 348 432 350 433 351 449 348 433 351 434 352 449 348 445 346 431 349 449 348 448 347 445 346 450 353 446 354 445 346 450 353 445 346 447 345 451 355 434 352 435 356 451 355 435 356 436 357 451 355 448 347 449 348 451 355 447 345 448 347 451 355 449 348 434 352 452 358 446 354 450 353 453 359 436 357 437 360 453 359 437 360 438 361 453 359 447 345 451 355 453 359 450 353 447 345 453 359 451 355 436 357 454 362 446 354 452 358 455 363 438 361 439 364 455 363 450 353 453 359 455 363 453 359 438 361 455 363 452 358 450 353 455 363 454 362 452 358 456 365 446 354 454 362 457 366 439 364 440 367 457 366 440 367 441 368 457 366 455 363 439 364 457 366 454 362 455 363 458 369 441 368 442 370 458 369 442 370 443 371 458 369 443 371 444 372 458 369 444 372 446 354 458 369 457 366 441 368 458 369 446 354 456 365 458 369 456 365 454 362 458 369 454 362 457 366 475 373 473 374 459 375 476 376 473 374 475 373 477 377 459 375 460 378 477 377 460 378 461 379 477 377 461 379 462 380 477 377 475 373 459 375 478 381 473 374 476 376 479 382 462 380 463 383 479 382 463 383 464 384 479 382 475 373 477 377 479 382 476 376 475 373 479 382 477 377 462 380 480 385 474 386 473 374 480 385 473 374 478 381 481 387 464 384 465 388 481 387 465 388 466 389 481 387 476 376 479 382 481 387 479 382 464 384 481 387 478 381 476 376 482 390 474 386 480 385 483 391 466 389 467 392 483 391 480 385 478 381 483 391 481 387 466 389 483 391 478 381 481 387 484 393 472 394 474 386 484 393 474 386 482 390 485 395 467 392 468 396 485 395 468 396 469 397 485 395 483 391 467 392 485 395 482 390 480 385 485 395 480 385 483 391 486 398 469 397 470 399 486 398 470 399 471 400 486 398 471 400 472 394 486 398 472 394 484 393 486 398 485 395 469 397 486 398 484 393 482 390 486 398 482 390 485 395 503 401 501 402 487 403 504 404 501 402 503 401 505 405 487 403 488 406 505 405 488 406 489 407 505 405 489 407 490 408 505 405 503 401 487 403 506 409 501 402 504 404 507 410 490 408 491 411 507 410 491 411 492 412 507 410 503 401 505 405 507 410 504 404 503 401 507 410 505 405 490 408 508 413 502 414 501 402 508 413 501 402 506 409 509 415 492 412 493 416 509 415 493 416 494 417 509 415 504 404 507 410 509 415 507 410 492 412 509 415 506 409 504 404 510 418 502 414 508 413 511 419 494 417 495 420 511 419 508 413 506 409 511 419 509 415 494 417 511 419 506 409 509 415 512 421 502 414 510 418 513 422 495 420 496 423 513 422 496 423 497 424 513 422 511 419 495 420 513 422 510 418 508 413 513 422 508 413 511 419 514 425 497 424 498 426 514 425 498 426 499 427 514 425 499 427 500 428 514 425 500 428 502 414 514 425 513 422 497 424 514 425 502 414 512 421 514 425 512 421 510 418 514 425 510 418 513 422 531 429 529 430 515 431 532 432 529 430 531 429 533 433 515 431 516 434 533 433 516 434 517 435 533 433 517 435 518 436 533 433 531 429 515 431 534 437 529 430 532 432 535 438 518 436 519 439 535 438 519 439 520 440 535 438 531 429 533 433 535 438 532 432 531 429 535 438 533 433 518 436 536 441 530 442 529 430 536 441 529 430 534 437 537 443 520 440 521 444 537 443 521 444 522 445 537 443 532 432 535 438 537 443 535 438 520 440 537 443 534 437 532 432 538 446 530 442 536 441 539 447 522 445 523 448 539 447 536 441 534 437 539 447 537 443 522 445 539 447 534 437 537 443 540 449 530 442 538 446 541 450 523 448 524 451 541 450 524 451 525 452 541 450 539 447 523 448 541 450 538 446 536 441 541 450 536 441 539 447 541 450 540 449 538 446 542 453 525 452 526 454 542 453 526 454 527 455 542 453 527 455 528 456 542 453 528 456 530 442 542 453 540 449 541 450 542 453 541 450 525 452 542 453 530 442 540 449 559 457 557 458 560 459 561 460 543 461 544 462 561 460 544 462 545 463 561 460 545 463 546 464 561 460 557 458 543 461 561 460 560 459 557 458 562 465 557 458 559 457 563 466 546 464 547 467 563 466 547 467 548 468 563 466 560 459 561 460 563 466 559 457 560 459 563 466 561 460 546 464 564 469 558 470 557 458 564 469 557 458 562 465 565 471 548 468 549 472 565 471 549 472 550 473 565 471 559 457 563 466 565 471 562 465 559 457 565 471 563 466 548 468 566 474 558 470 564 469 567 475 550 473 551 476 567 475 562 465 565 471 567 475 564 469 562 465 567 475 565 471 550 473 568 477 558 470 566 474 569 478 551 476 552 479 569 478 552 479 553 480 569 478 567 475 551 476 569 478 566 474 564 469 569 478 564 469 567 475 570 481 553 480 554 482 570 481 554 482 555 483 570 481 555 483 556 484 570 481 556 484 558 470 570 481 569 478 553 480 570 481 558 470 568 477 570 481 568 477 566 474 570 481 566 474 569 478 574 485 571 485 572 485 574 486 573 486 571 486 575 487 578 487 577 487 576 488 578 488 575 488 595 489 593 490 579 491 596 492 593 490 595 489 597 493 579 491 580 494 597 493 580 494 581 495 597 493 581 495 582 496 597 493 595 489 579 491 598 497 593 490 596 492 599 498 582 496 583 499 599 498 583 499 584 500 599 498 595 489 597 493 599 498 596 492 595 489 599 498 597 493 582 496 600 501 594 502 593 490 600 501 593 490 598 497 601 503 584 500 585 504 601 503 585 504 586 505 601 503 596 492 599 498 601 503 599 498 584 500 601 503 598 497 596 492 601 503 600 501 598 497 602 506 594 502 600 501 603 507 586 505 587 508 603 507 600 501 601 503 603 507 601 503 586 505 604 509 594 502 602 506 605 510 587 508 588 511 605 510 588 511 589 512 605 510 603 507 587 508 605 510 602 506 600 501 605 510 600 501 603 507 606 513 589 512 590 514 606 513 590 514 591 515 606 513 591 515 592 516 606 513 592 516 594 502 606 513 605 510 589 512 606 513 594 502 604 509 606 513 604 509 602 506 606 513 602 506 605 510 623 517 621 518 624 519 625 520 607 521 608 522 625 520 608 522 609 523 625 520 609 523 610 524 625 520 621 518 607 521 625 520 624 519 621 518 626 525 621 518 623 517 627 526 610 524 611 527 627 526 611 527 612 528 627 526 624 519 625 520 627 526 623 517 624 519 627 526 625 520 610 524 628 529 622 530 621 518 628 529 621 518 626 525 629 531 612 528 613 532 629 531 613 532 614 533 629 531 623 517 627 526 629 531 626 525 623 517 629 531 627 526 612 528 630 534 622 530 628 529 631 535 614 533 615 536 631 535 626 525 629 531 631 535 628 529 626 525 631 535 629 531 614 533 632 537 622 530 630 534 633 538 615 536 616 539 633 538 616 539 617 540 633 538 631 535 615 536 633 538 630 534 628 529 633 538 628 529 631 535 634 541 617 540 618 542 634 541 618 542 619 543 634 541 619 543 620 544 634 541 620 544 622 530 634 541 633 538 617 540 634 541 622 530 632 537 634 541 632 537 630 534 634 541 630 534 633 538 651 545 649 546 635 547 652 548 649 546 651 545 653 549 635 547 636 550 653 549 636 550 637 551 653 549 637 551 638 552 653 549 651 545 635 547 654 553 649 546 652 548 655 554 638 552 639 555 655 554 639 555 640 556 655 554 651 545 653 549 655 554 652 548 651 545 655 554 653 549 638 552 656 557 650 558 649 546 656 557 649 546 654 553 657 559 640 556 641 560 657 559 641 560 642 561 657 559 652 548 655 554 657 559 655 554 640 556 657 559 654 553 652 548 658 562 650 558 656 557 659 563 642 561 643 564 659 563 656 557 654 553 659 563 657 559 642 561 659 563 654 553 657 559 660 565 650 558 658 562 661 566 643 564 644 567 661 566 644 567 645 568 661 566 659 563 643 564 661 566 658 562 656 557 661 566 656 557 659 563 662 569 645 568 646 570 662 569 646 570 647 571 662 569 647 571 648 572 662 569 648 572 650 558 662 569 661 566 645 568 662 569 650 558 660 565 662 569 660 565 658 562 662 569 658 562 661 566 679 573 677 574 680 575 681 576 663 577 664 578 681 576 664 578 665 579 681 576 665 579 666 580 681 576 677 574 663 577 681 576 680 575 677 574 682 581 677 574 679 573 683 582 666 580 667 583 683 582 667 583 668 584 683 582 680 575 681 576 683 582 679 573 680 575 683 582 681 576 666 580 684 585 678 586 677 574 684 585 677 574 682 581 685 587 668 584 669 588 685 587 669 588 670 589 685 587 679 573 683 582 685 587 682 581 679 573 685 587 683 582 668 584 686 590 678 586 684 585 687 591 670 589 671 592 687 591 682 581 685 587 687 591 684 585 682 581 687 591 685 587 670 589 687 591 686 590 684 585 688 593 678 586 686 590 689 594 671 592 672 595 689 594 672 595 673 596 689 594 687 591 671 592 689 594 686 590 687 591 689 594 688 593 686 590 690 597 673 596 674 598 690 597 674 598 675 599 690 597 675 599 676 600 690 597 676 600 678 586 690 597 689 594 673 596 690 597 678 586 688 593 690 597 688 593 689 594 707 601 705 602 691 603 708 604 705 602 707 601 709 605 691 603 692 606 709 605 692 606 693 607 709 605 693 607 694 608 709 605 707 601 691 603 710 609 705 602 708 604 711 610 694 608 695 611 711 610 695 611 696 612 711 610 707 601 709 605 711 610 708 604 707 601 711 610 709 605 694 608 712 613 706 614 705 602 712 613 705 602 710 609 713 615 696 612 697 616 713 615 697 616 698 617 713 615 708 604 711 610 713 615 711 610 696 612 713 615 710 609 708 604 714 618 706 614 712 613 715 619 698 617 699 620 715 619 712 613 710 609 715 619 713 615 698 617 715 619 710 609 713 615 716 621 706 614 714 618 717 622 699 620 700 623 717 622 700 623 701 624 717 622 715 619 699 620 717 622 714 618 712 613 717 622 712 613 715 619 718 625 701 624 702 626 718 625 702 626 703 627 718 625 703 627 704 628 718 625 704 628 706 614 718 625 717 622 701 624 718 625 706 614 716 621 718 625 716 621 714 618 718 625 714 618 717 622 735 629 733 630 736 631 737 632 719 633 720 634 737 632 720 634 721 635 737 632 721 635 722 636 737 632 733 630 719 633 737 632 736 631 733 630 738 637 734 638 733 630 738 637 733 630 735 629 739 639 722 636 723 640 739 639 723 640 724 641 739 639 736 631 737 632 739 639 735 629 736 631 739 639 737 632 722 636 740 642 734 638 738 637 741 643 724 641 725 644 741 643 725 644 726 645 741 643 735 629 739 639 741 643 738 637 735 629 741 643 739 639 724 641 742 646 734 638 740 642 743 647 726 645 727 648 743 647 738 637 741 643 743 647 741 643 726 645 743 647 740 642 738 637 744 649 732 650 734 638 744 649 734 638 742 646 745 651 727 648 728 652 745 651 728 652 729 653 745 651 743 647 727 648 745 651 742 646 740 642 745 651 740 642 743 647 746 654 729 653 730 655 746 654 730 655 731 656 746 654 731 656 732 650 746 654 732 650 744 649 746 654 745 651 729 653 746 654 744 649 742 646 746 654 742 646 745 651 753 657 756 658 754 659 752 660 755 661 756 658 752 660 756 658 753 657 751 662 757 663 758 664 751 662 758 664 755 661 751 662 755 661 752 660 750 665 759 666 760 667 750 665 760 667 757 663 750 665 757 663 751 662 749 668 761 669 759 666 749 668 759 666 750 665 748 670 747 671 761 669 748 670 761 669 749 668 781 672 777 673 778 674 781 672 778 674 779 675 771 676 770 677 772 678 787 679 775 680 776 681 787 679 776 681 777 673 787 679 781 672 780 682 787 679 777 673 781 672 788 683 774 684 775 680 788 683 775 680 787 679 789 685 780 682 783 686 789 685 787 679 780 682 790 687 768 688 771 676 790 687 772 678 773 689 790 687 773 689 774 684 790 687 774 684 788 683 790 687 771 676 772 678 791 690 787 679 789 685 791 690 788 683 787 679 791 690 790 687 788 683 792 691 769 692 768 688 792 691 768 688 790 687 792 691 790 687 791 690 793 693 783 686 782 694 793 693 782 694 785 695 793 693 789 685 783 686 794 696 789 685 793 693 794 696 791 690 789 685 795 697 767 698 766 699 795 697 766 699 769 692 795 697 792 691 791 690 795 697 769 692 792 691 795 697 791 690 794 696 796 700 785 695 784 701 796 700 784 701 786 702 796 700 793 693 785 695 797 703 794 696 793 693 797 703 793 693 796 700 798 704 764 705 767 698 798 704 767 698 795 697 798 704 794 696 797 703 798 704 795 697 794 696 799 706 762 707 763 708 799 706 786 702 762 707 799 706 796 700 786 702 799 706 797 703 796 700 800 709 765 710 764 705 800 709 763 708 765 710 800 709 799 706 763 708 800 709 764 705 798 704 800 709 798 704 797 703 800 709 797 703 799 706 815 711 802 712 801 713 815 711 803 714 802 712 813 715 803 714 815 711 814 716 804 717 803 714 814 716 803 714 813 715 811 718 805 719 804 717 811 718 804 717 814 716 812 720 805 719 811 718 809 721 806 722 805 719 809 721 805 719 812 720 810 723 807 724 806 722 810 723 806 722 809 721 808 725 807 724 810 723 832 726 824 727 823 728 821 729 822 730 830 731 838 732 825 733 824 727 838 732 826 734 825 733 838 732 832 726 831 735 838 732 824 727 832 726 839 736 827 737 826 734 839 736 826 734 838 732 840 738 831 735 834 739 840 738 838 732 831 735 841 740 828 741 827 737 841 740 829 742 828 741 841 740 830 731 829 742 841 740 821 729 830 731 841 740 827 737 839 736 842 743 838 732 840 738 842 743 839 736 838 732 843 744 820 745 821 729 843 744 841 740 839 736 843 744 821 729 841 740 843 744 839 736 842 743 844 746 834 739 833 747 844 746 833 747 836 748 844 746 840 738 834 739 845 749 840 738 844 746 845 749 842 743 840 738 846 750 819 751 820 745 846 750 843 744 842 743 846 750 820 745 843 744 846 750 842 743 845 749 847 752 836 748 835 753 847 752 835 753 837 754 847 752 844 746 836 748 848 755 846 750 845 749 848 755 845 749 844 746 848 755 844 746 847 752 849 756 818 757 819 751 849 756 819 751 846 750 849 756 846 750 848 755 850 758 816 759 817 760 850 758 837 754 816 759 850 758 847 752 837 754 850 758 848 755 847 752 851 761 817 760 818 757 851 761 850 758 817 760 851 761 818 757 849 756 851 761 849 756 848 755 851 761 848 755 850 758 866 762 853 763 852 764 866 762 854 765 853 763 864 766 854 765 866 762 865 767 855 768 854 765 865 767 854 765 864 766 862 769 856 770 855 768 862 769 855 768 865 767 863 771 856 770 862 769 860 772 857 773 856 770 860 772 856 770 863 771 861 774 858 775 857 773 861 774 857 773 860 772 859 776 858 775 861 774 883 777 875 778 874 779 872 780 873 781 881 782 889 783 876 784 875 778 889 783 877 785 876 784 889 783 883 777 882 786 889 783 875 778 883 777 890 787 878 788 877 785 890 787 877 785 889 783 891 789 882 786 885 790 891 789 889 783 882 786 892 791 879 792 878 788 892 791 880 793 879 792 892 791 881 782 880 793 892 791 872 780 881 782 892 791 878 788 890 787 893 794 889 783 891 789 893 794 890 787 889 783 894 795 871 796 872 780 894 795 892 791 890 787 894 795 872 780 892 791 894 795 890 787 893 794 895 797 885 790 884 798 895 797 884 798 887 799 895 797 891 789 885 790 896 800 891 789 895 797 896 800 893 794 891 789 897 801 870 802 871 796 897 801 894 795 893 794 897 801 871 796 894 795 897 801 893 794 896 800 898 803 887 799 886 804 898 803 886 804 888 805 898 803 895 797 887 799 899 806 896 800 895 797 899 806 895 797 898 803 900 807 869 808 870 802 900 807 870 802 897 801 900 807 897 801 896 800 900 807 896 800 899 806 901 809 867 810 868 811 901 809 888 805 867 810 901 809 898 803 888 805 901 809 899 806 898 803 902 812 868 811 869 808 902 812 901 809 868 811 902 812 869 808 900 807 902 812 900 807 899 806 902 812 899 806 901 809 903 813 906 814 904 815 920 816 905 817 906 814 920 816 906 814 903 813 918 818 908 819 905 817 918 818 905 817 920 816 919 820 907 821 908 819 919 820 908 819 918 818 916 822 910 823 907 821 916 822 907 821 919 820 917 824 909 825 910 823 917 824 910 823 916 822 914 826 912 827 909 825 914 826 909 825 917 824 915 828 911 829 912 827 915 828 912 827 914 826 913 830 911 829 915 828 929 831 926 832 927 833 929 831 927 833 928 834 941 835 921 836 922 837 941 835 922 837 923 838 942 839 923 838 924 840 942 839 924 840 925 841 942 839 925 841 926 832 942 839 939 842 941 835 942 839 926 832 929 831 942 839 941 835 923 838 943 843 940 844 939 842 943 843 939 842 942 839 944 845 930 846 931 847 944 845 937 848 940 844 944 845 943 843 930 846 944 845 940 844 943 843 945 849 938 850 937 848 945 849 937 848 944 845 945 849 944 845 931 847 946 851 931 847 932 852 946 851 935 853 938 850 946 851 945 849 931 847 946 851 938 850 945 849 947 854 929 831 930 846 947 854 942 839 929 831 947 854 943 843 942 839 947 854 930 846 943 843 948 855 932 852 933 856 948 855 946 851 932 852 949 857 933 856 934 858 949 857 936 859 935 853 949 857 934 858 936 859 949 857 948 855 933 856 949 857 935 853 946 851 949 857 946 851 948 855 966 860 951 861 950 862 966 860 950 862 962 863 967 864 962 863 963 865 967 864 966 860 962 863 968 866 963 865 964 867 968 866 967 864 963 865 969 868 952 869 951 861 969 868 951 861 966 860 970 870 961 871 960 872 970 870 964 867 965 873 970 870 965 873 961 871 970 870 968 866 964 867 971 874 952 869 969 868 972 875 966 860 967 864 972 875 969 868 966 860 973 876 971 874 969 868 973 876 969 868 972 875 974 877 972 875 967 864 974 877 967 864 968 866 975 878 973 876 972 875 975 878 972 875 974 877 976 879 953 880 952 869 976 879 971 874 973 876 976 879 952 869 971 874 977 881 960 872 959 882 977 881 970 870 960 872 977 881 968 866 970 870 977 881 974 877 968 866 977 881 975 878 974 877 978 883 954 884 953 880 978 883 953 880 976 879 979 885 959 882 958 886 979 885 977 881 959 882 979 885 975 878 977 881 980 887 973 876 975 878 980 887 976 879 973 876 980 887 978 883 976 879 981 888 955 889 954 884 981 888 954 884 978 883 981 888 978 883 980 887 982 890 957 891 956 892 982 890 980 887 975 878 982 890 975 878 979 885 983 893 956 892 955 889 983 893 982 890 956 892 983 893 955 889 981 888 983 893 981 888 980 887 983 893 980 887 982 890 984 894 958 886 957 891 984 894 957 891 982 890 984 894 979 885 958 886 984 894 982 890 979 885 990 895 991 896 994 897 989 898 994 897 993 899 989 898 990 895 994 897 988 900 993 899 992 901 988 900 989 898 993 899 987 902 992 901 986 903 987 902 988 900 992 901 985 904 987 902 986 903 995 905 1000 905 996 905 998 906 999 906 1000 906 997 907 998 907 1000 907 997 908 1000 908 995 908 1004 909 1017 910 1003 911 1004 909 1018 912 1017 910 1005 913 1019 914 1018 912 1005 913 1020 915 1019 914 1005 913 1018 912 1004 909 1006 916 1021 917 1020 915 1006 916 1020 915 1005 913 1007 918 1022 919 1021 917 1007 918 1021 917 1006 916 1008 920 1023 921 1022 919 1008 920 1022 919 1007 918 1009 922 1024 923 1023 921 1009 922 1025 924 1024 923 1009 922 1023 921 1008 920 1010 925 1026 926 1025 924 1010 925 1025 924 1009 922 1011 927 1027 928 1026 926 1011 927 1026 926 1010 925 1012 929 1028 930 1027 928 1012 929 1029 931 1028 930 1012 929 1027 928 1011 927 1013 932 1030 933 1029 931 1013 932 1029 931 1012 929 1014 934 1031 935 1030 933 1014 934 1030 933 1013 932 1015 936 1032 937 1031 935 1015 936 1033 938 1032 937 1015 936 1031 935 1014 934 1016 939 1034 940 1033 938 1016 939 1033 938 1015 936 1002 941 1001 942 1034 940 1002 941 1034 940 1016 939 1035 943 1050 944 1049 945 1036 946 1051 947 1050 944 1036 946 1050 944 1035 943 1037 948 1052 949 1051 947 1037 948 1051 947 1036 946 1038 950 1053 951 1052 949 1038 950 1052 949 1037 948 1039 952 1054 953 1053 951 1039 952 1053 951 1038 950 1040 954 1055 955 1054 953 1040 954 1056 956 1055 955 1040 954 1054 953 1039 952 1041 957 1057 958 1056 956 1041 957 1056 956 1040 954 1042 959 1058 960 1057 958 1042 959 1059 961 1058 960 1042 959 1057 958 1041 957 1043 962 1060 963 1059 961 1043 962 1059 961 1042 959 1044 964 1061 965 1060 963 1044 964 1060 963 1043 962 1045 966 1062 967 1061 965 1045 966 1063 968 1062 967 1045 966 1061 965 1044 964 1046 969 1064 970 1063 968 1046 969 1063 968 1045 966 1047 971 1065 972 1064 970 1047 971 1066 973 1065 972 1047 971 1064 970 1046 969 1048 974 1067 975 1066 973 1048 974 1066 973 1047 971 1084 70 1085 70 1086 70 1103 976 1084 976 1104 976 1105 977 1104 978 1084 979 1102 980 1084 981 1103 982 1106 983 1105 983 1084 983 1106 984 1084 984 1086 984 1101 985 1084 986 1102 987 1089 70 1087 70 1088 70 1107 988 1106 988 1086 988 1100 989 1084 989 1101 989 1108 70 1086 70 1087 70 1108 990 1107 990 1086 990 1099 991 1084 991 1100 991 1109 992 1108 992 1087 992 1109 993 1087 993 1089 993 1098 994 1084 995 1099 996 1110 997 1109 997 1089 997 1111 998 1110 999 1089 1000 1112 1001 1111 1002 1089 1003 1113 1004 1112 1005 1089 1006 1114 1007 1113 1007 1089 1007 1115 1008 1114 1009 1089 1010 1116 1011 1115 1011 1089 1011 1117 1012 1116 1013 1089 1014 1118 1015 1117 1016 1089 1017 1148 1018 1094 1019 1093 1020 1147 1021 1148 1021 1093 1021 1149 1022 1095 1022 1094 1022 1149 1023 1094 1023 1148 1023 1146 1024 1093 1024 1092 1024 1146 1025 1147 1025 1093 1025 1150 1026 1096 1026 1095 1026 1150 1027 1095 1027 1149 1027 1145 1028 1092 1028 1091 1028 1145 1029 1146 1029 1092 1029 1151 1030 1097 1031 1096 1032 1151 1033 1096 1033 1150 1033 1144 1034 1091 1035 1090 1036 1144 1037 1145 1037 1091 1037 1143 1038 1090 1038 1125 1038 1143 1039 1144 1039 1090 1039 1142 1040 1143 1040 1125 1040 1142 1041 1125 1041 1124 1041 1141 1042 1142 1042 1124 1042 1141 1043 1124 1043 1123 1043 1140 1044 1141 1044 1123 1044 1140 1045 1123 1045 1122 1045 1139 1046 1140 1046 1122 1046 1138 1047 1122 1047 1121 1047 1138 1048 1139 1048 1122 1048 1137 1049 1138 1049 1121 1049 1137 1050 1121 1051 1120 1052 1136 1053 1137 1053 1120 1053 1136 1054 1120 1055 1119 1056 1081 1057 1152 1057 1153 1057 1080 70 1152 70 1081 70 1080 1058 1151 1058 1152 1058 1080 1059 1097 1059 1151 1059 1082 70 1081 70 1153 70 1082 1060 1153 1060 1154 1060 1079 1061 1097 1061 1080 1061 1083 70 1082 70 1154 70 1083 1062 1154 1062 1155 1062 1076 70 1083 70 1155 70 1076 1063 1155 1063 1156 1063 1076 1064 1156 1064 1157 1064 1076 1065 1157 1065 1158 1065 1076 1066 1158 1066 1159 1066 1076 1067 1159 1067 1160 1067 1076 1068 1160 1068 1161 1068 1126 1069 1076 1069 1161 1069 1068 70 1076 70 1126 70 1068 70 1126 70 1127 70 1068 1070 1127 1070 1128 1070 1068 1071 1128 1071 1129 1071 1068 1072 1129 1072 1130 1072 1068 1073 1130 1073 1131 1073 1069 70 1068 70 1131 70 1069 1074 1131 1074 1132 1074 1069 1075 1132 1075 1133 1075 1070 1076 1069 1076 1133 1076 1070 1077 1133 1077 1134 1077 1071 1078 1134 1078 1135 1078 1071 70 1070 70 1134 70 1072 1079 1136 1079 1119 1079 1072 1080 1119 1080 1118 1080 1072 1081 1135 1081 1136 1081 1072 1082 1071 1082 1135 1082 1073 1083 1072 1083 1118 1083 1077 70 1084 70 1078 70 1078 70 1084 70 1079 70 1079 1084 1084 1084 1098 1084 1079 1085 1098 1085 1097 1085 1089 70 1075 70 1074 70 1089 70 1074 70 1073 70 1089 1086 1073 1086 1118 1086 1184 1087 1181 1088 1180 1089 1184 1087 1182 1090 1181 1088 1184 1087 1177 1091 1182 1090 1169 1092 1172 1093 1171 1094 1169 1092 1173 1095 1172 1093 1169 1092 1168 1096 1173 1095 1190 1097 1175 1098 1174 1099 1190 1097 1176 1100 1175 1098 1190 1097 1171 1094 1176 1100 1190 1097 1178 1101 1177 1091 1190 1097 1179 1102 1178 1101 1190 1097 1174 1099 1179 1102 1190 1097 1177 1091 1184 1087 1190 1097 1169 1092 1171 1094 1191 1103 1166 1104 1170 1105 1191 1103 1186 1106 1185 1107 1191 1103 1192 1108 1186 1106 1191 1103 1170 1105 1192 1108 1193 1109 1167 1110 1166 1104 1193 1109 1188 1111 1187 1112 1193 1109 1185 1107 1188 1111 1193 1109 1166 1104 1191 1103 1193 1109 1191 1103 1185 1107 1194 1113 1165 1114 1164 1115 1194 1113 1164 1115 1167 1110 1194 1113 1193 1109 1187 1112 1194 1113 1167 1110 1193 1109 1195 1116 1170 1105 1169 1092 1195 1116 1192 1108 1170 1105 1195 1116 1169 1092 1190 1097 1196 1117 1162 1118 1163 1119 1196 1117 1163 1119 1165 1114 1196 1117 1189 1120 1162 1118 1196 1117 1187 1112 1189 1120 1196 1117 1194 1113 1187 1112 1196 1117 1165 1114 1194 1113 1197 1121 1184 1087 1183 1122 1197 1121 1190 1097 1184 1087 1197 1121 1195 1116 1190 1097 1198 1123 1183 1122 1186 1106 1198 1123 1195 1116 1197 1121 1198 1123 1186 1106 1192 1108 1198 1123 1192 1108 1195 1116 1198 1123 1197 1121 1183 1122 1205 1124 1208 1125 1206 1126 1204 1127 1207 1128 1208 1125 1204 1127 1208 1125 1205 1124 1203 1129 1209 1130 1210 1131 1203 1129 1210 1131 1207 1128 1203 1129 1207 1128 1204 1127 1202 1132 1212 1133 1209 1130 1202 1132 1209 1130 1203 1129 1201 1134 1211 1135 1212 1133 1201 1134 1213 1136 1211 1135 1201 1134 1212 1133 1202 1132 1200 1137 1199 1138 1213 1136 1200 1137 1213 1136 1201 1134 1230 1139 1226 1140 1227 1141 1230 1139 1227 1141 1228 1142 1236 1143 1224 1144 1225 1145 1236 1143 1225 1145 1226 1140 1236 1143 1230 1139 1229 1146 1236 1143 1226 1140 1230 1139 1237 1147 1223 1148 1224 1144 1237 1147 1224 1144 1236 1143 1238 1149 1229 1146 1232 1150 1238 1149 1236 1143 1229 1146 1239 1151 1219 1152 1220 1153 1239 1151 1220 1153 1221 1154 1239 1151 1221 1154 1222 1155 1239 1151 1222 1155 1223 1148 1239 1151 1223 1148 1237 1147 1240 1156 1236 1143 1238 1149 1240 1156 1237 1147 1236 1143 1241 1157 1218 1158 1219 1152 1241 1157 1237 1147 1240 1156 1241 1157 1239 1151 1237 1147 1241 1157 1219 1152 1239 1151 1242 1159 1232 1150 1231 1160 1242 1159 1231 1160 1234 1161 1242 1159 1238 1149 1232 1150 1243 1162 1238 1149 1242 1159 1243 1162 1240 1156 1238 1149 1244 1163 1217 1164 1218 1158 1244 1163 1241 1157 1240 1156 1244 1163 1218 1158 1241 1157 1244 1163 1240 1156 1243 1162 1245 1165 1234 1161 1233 1166 1245 1165 1233 1166 1235 1167 1245 1165 1242 1159 1234 1161 1246 1168 1243 1162 1242 1159 1246 1168 1242 1159 1245 1165 1247 1169 1216 1170 1217 1164 1247 1169 1217 1164 1244 1163 1247 1169 1244 1163 1243 1162 1247 1169 1243 1162 1246 1168 1248 1171 1214 1172 1215 1173 1248 1171 1235 1167 1214 1172 1248 1171 1245 1165 1235 1167 1248 1171 1246 1168 1245 1165 1249 1174 1215 1173 1216 1170 1249 1174 1248 1171 1215 1173 1249 1174 1216 1170 1247 1169 1249 1174 1247 1169 1246 1168 1249 1174 1246 1168 1248 1171 1256 1175 1259 1176 1257 1177 1255 1178 1258 1179 1259 1176 1255 1178 1259 1176 1256 1175 1254 1180 1260 1181 1261 1182 1254 1180 1261 1182 1258 1179 1254 1180 1258 1179 1255 1178 1253 1183 1263 1184 1260 1181 1253 1183 1260 1181 1254 1180 1252 1185 1262 1186 1263 1184 1252 1185 1264 1187 1262 1186 1252 1185 1263 1184 1253 1183 1251 1188 1250 1189 1264 1187 1251 1188 1264 1187 1252 1185 1281 1190 1277 1191 1278 1192 1281 1190 1278 1192 1279 1193 1287 1194 1275 1195 1276 1196 1287 1194 1276 1196 1277 1191 1287 1194 1281 1190 1280 1197 1287 1194 1277 1191 1281 1190 1288 1198 1274 1199 1275 1195 1288 1198 1275 1195 1287 1194 1289 1200 1280 1197 1283 1201 1289 1200 1287 1194 1280 1197 1290 1202 1270 1203 1271 1204 1290 1202 1271 1204 1272 1205 1290 1202 1272 1205 1273 1206 1290 1202 1273 1206 1274 1199 1290 1202 1274 1199 1288 1198 1291 1207 1287 1194 1289 1200 1291 1207 1288 1198 1287 1194 1292 1208 1269 1209 1270 1203 1292 1208 1288 1198 1291 1207 1292 1208 1290 1202 1288 1198 1292 1208 1270 1203 1290 1202 1293 1210 1283 1201 1282 1211 1293 1210 1282 1211 1285 1212 1293 1210 1289 1200 1283 1201 1294 1213 1289 1200 1293 1210 1294 1213 1291 1207 1289 1200 1295 1214 1268 1215 1269 1209 1295 1214 1292 1208 1291 1207 1295 1214 1269 1209 1292 1208 1295 1214 1291 1207 1294 1213 1296 1216 1285 1212 1284 1217 1296 1216 1284 1217 1286 1218 1296 1216 1293 1210 1285 1212 1296 1216 1294 1213 1293 1210 1297 1219 1294 1213 1296 1216 1298 1220 1267 1221 1268 1215 1298 1220 1268 1215 1295 1214 1298 1220 1295 1214 1294 1213 1298 1220 1294 1213 1297 1219 1299 1222 1265 1223 1266 1224 1299 1222 1286 1218 1265 1223 1299 1222 1296 1216 1286 1218 1299 1222 1297 1219 1296 1216 1300 1225 1266 1224 1267 1221 1300 1225 1299 1222 1266 1224 1300 1225 1267 1221 1298 1220 1300 1225 1298 1220 1297 1219 1300 1225 1297 1219 1299 1222 1309 1226 1313 1227 1311 1228 1310 1229 1312 1230 1313 1227 1310 1229 1313 1227 1309 1226 1307 1231 1315 1232 1312 1230 1307 1231 1312 1230 1310 1229 1308 1233 1314 1234 1315 1232 1308 1233 1315 1232 1307 1231 1305 1235 1314 1234 1308 1233 1306 1236 1317 1237 1314 1234 1306 1236 1314 1234 1305 1235 1303 1238 1316 1239 1317 1237 1303 1238 1317 1237 1306 1236 1304 1240 1318 1241 1316 1239 1304 1240 1316 1239 1303 1238 1302 1242 1301 1243 1318 1241 1302 1242 1318 1241 1304 1240 1340 1244 1326 1245 1325 1246 1340 1244 1327 1247 1326 1245 1341 1248 1320 1249 1319 1250 1341 1248 1321 1251 1320 1249 1341 1248 1322 1252 1321 1251 1341 1248 1319 1250 1328 1253 1342 1254 1323 1255 1322 1252 1342 1254 1322 1252 1341 1248 1343 1256 1328 1253 1329 1257 1343 1256 1341 1248 1328 1253 1344 1258 1324 1259 1323 1255 1344 1258 1325 1246 1324 1259 1344 1258 1338 1260 1340 1244 1344 1258 1340 1244 1325 1246 1344 1258 1323 1255 1342 1254 1345 1261 1341 1248 1343 1256 1345 1261 1342 1254 1341 1248 1346 1262 1339 1263 1338 1260 1346 1262 1344 1258 1342 1254 1346 1262 1342 1254 1345 1261 1346 1262 1338 1260 1344 1258 1347 1264 1329 1257 1330 1265 1347 1264 1343 1256 1329 1257 1348 1266 1343 1256 1347 1264 1348 1266 1345 1261 1343 1256 1349 1267 1337 1268 1336 1269 1349 1267 1336 1269 1339 1263 1349 1267 1345 1261 1348 1266 1349 1267 1339 1263 1346 1262 1349 1267 1346 1262 1345 1261 1350 1270 1330 1265 1331 1271 1350 1270 1347 1264 1330 1265 1351 1272 1348 1266 1347 1264 1351 1272 1347 1264 1350 1270 1352 1273 1334 1274 1337 1268 1352 1273 1349 1267 1348 1266 1352 1273 1337 1268 1349 1267 1352 1273 1348 1266 1351 1272 1353 1275 1331 1271 1332 1276 1353 1275 1351 1272 1350 1270 1353 1275 1350 1270 1331 1271 1354 1277 1332 1276 1333 1278 1354 1277 1335 1279 1334 1274 1354 1277 1333 1278 1335 1279 1354 1277 1334 1274 1352 1273 1354 1277 1353 1275 1332 1276 1354 1277 1352 1273 1351 1272 1354 1277 1351 1272 1353 1275 1363 1280 1355 1281 1356 1282 1363 1280 1357 1283 1355 1281 1364 1284 1358 1285 1357 1283 1364 1284 1357 1283 1363 1280 1365 1286 1359 1287 1358 1285 1365 1286 1358 1285 1364 1284 1366 1288 1360 1289 1359 1287 1366 1288 1359 1287 1365 1286 1362 1290 1361 1291 1360 1289 1362 1290 1360 1289 1366 1288 1375 1292 1374 1293 1376 1294 1385 1295 1370 1296 1383 1297 1385 1295 1383 1297 1384 1298 1386 1299 1369 1300 1370 1296 1386 1299 1370 1296 1385 1295 1387 1301 1384 1298 1381 1302 1387 1301 1385 1295 1384 1298 1388 1303 1385 1295 1387 1301 1388 1303 1387 1301 1381 1302 1388 1303 1386 1299 1385 1295 1389 1304 1381 1302 1382 1305 1389 1304 1382 1305 1379 1306 1389 1304 1388 1303 1381 1302 1390 1307 1369 1300 1386 1299 1391 1308 1368 1309 1369 1300 1391 1308 1369 1300 1390 1307 1392 1310 1379 1306 1380 1311 1392 1310 1380 1311 1378 1312 1392 1310 1389 1304 1379 1306 1393 1313 1390 1307 1386 1299 1393 1313 1391 1308 1390 1307 1393 1313 1386 1299 1388 1303 1394 1314 1391 1308 1393 1313 1395 1315 1388 1303 1389 1304 1395 1315 1393 1313 1388 1303 1395 1315 1394 1314 1393 1313 1396 1316 1394 1314 1395 1315 1397 1317 1378 1312 1377 1318 1397 1317 1395 1315 1389 1304 1397 1317 1392 1310 1378 1312 1397 1317 1389 1304 1392 1310 1397 1317 1396 1316 1395 1315 1398 1319 1367 1320 1368 1309 1398 1319 1371 1321 1367 1320 1398 1319 1368 1309 1391 1308 1399 1322 1397 1317 1377 1318 1399 1322 1396 1316 1397 1317 1400 1323 1372 1324 1371 1321 1400 1323 1371 1321 1398 1319 1400 1323 1391 1308 1394 1314 1400 1323 1398 1319 1391 1308 1401 1325 1373 1326 1372 1324 1401 1325 1374 1293 1373 1326 1401 1325 1394 1314 1396 1316 1401 1325 1372 1324 1400 1323 1401 1325 1400 1323 1394 1314 1402 1327 1377 1318 1376 1294 1402 1327 1374 1293 1401 1325 1402 1327 1376 1294 1374 1293 1402 1327 1399 1322 1377 1318 1402 1327 1396 1316 1399 1322 1402 1327 1401 1325 1396 1316 1407 1328 1405 1328 1406 1328 1404 1329 1405 1329 1407 1329 1403 1330 1407 1330 1408 1330 1403 1331 1404 1331 1407 1331 1414 1332 1415 1333 1418 1334 1413 1335 1418 1334 1417 1336 1413 1335 1414 1332 1418 1334 1412 1337 1417 1336 1416 1338 1412 1337 1413 1335 1417 1336 1411 1339 1416 1338 1410 1340 1411 1339 1412 1337 1416 1338 1409 1341 1411 1339 1410 1340 1421 1342 1439 1343 1438 1344 1422 1345 1440 1346 1439 1343 1422 1345 1439 1343 1421 1342 1423 1347 1440 1346 1422 1345 1424 1348 1441 1349 1440 1346 1424 1348 1440 1346 1423 1347 1425 1350 1442 1351 1441 1349 1425 1350 1441 1349 1424 1348 1426 1352 1443 1353 1442 1351 1426 1352 1442 1351 1425 1350 1427 1354 1443 1353 1426 1352 1428 1355 1444 1356 1443 1353 1428 1355 1443 1353 1427 1354 1429 1357 1445 1358 1444 1356 1429 1357 1444 1356 1428 1355 1430 1359 1445 1358 1429 1357 1431 1360 1446 1361 1445 1358 1431 1360 1445 1358 1430 1359 1432 1362 1447 1363 1446 1361 1432 1362 1446 1361 1431 1360 1433 1364 1448 1365 1447 1363 1433 1364 1447 1363 1432 1362 1434 1366 1448 1365 1433 1364 1435 1367 1449 1368 1448 1365 1435 1367 1448 1365 1434 1366 1436 1369 1450 1370 1449 1368 1436 1369 1449 1368 1435 1367 1437 1371 1419 1372 1450 1370 1437 1371 1450 1370 1436 1369 1420 1373 1419 1372 1437 1371 1451 1374 1470 1375 1469 1376 1452 1377 1471 1378 1470 1375 1452 1377 1470 1375 1451 1374 1453 1379 1471 1378 1452 1377 1454 1380 1472 1381 1471 1378 1454 1380 1471 1378 1453 1379 1455 1382 1473 1383 1472 1381 1455 1382 1472 1381 1454 1380 1456 1384 1474 1385 1473 1383 1456 1384 1473 1383 1455 1382 1457 1386 1474 1385 1456 1384 1458 1387 1475 1388 1474 1385 1458 1387 1474 1385 1457 1386 1459 1389 1476 1390 1475 1388 1459 1389 1475 1388 1458 1387 1460 1391 1477 1392 1476 1390 1460 1391 1476 1390 1459 1389 1461 1393 1477 1392 1460 1391 1462 1394 1478 1395 1477 1392 1462 1394 1477 1392 1461 1393 1463 1396 1479 1397 1478 1395 1463 1396 1478 1395 1462 1394 1464 1398 1480 1399 1479 1397 1464 1398 1479 1397 1463 1396 1465 1400 1480 1399 1464 1398 1466 1401 1481 1402 1480 1399 1466 1401 1480 1399 1465 1400 1467 1403 1482 1404 1481 1402 1467 1403 1481 1402 1466 1401 1468 1405 1482 1404 1467 1403 1485 1406 1503 1407 1502 1408 1486 1409 1504 1410 1503 1407 1486 1409 1503 1407 1485 1406 1487 1411 1504 1410 1486 1409 1488 1412 1505 1413 1504 1410 1488 1412 1504 1410 1487 1411 1489 1414 1506 1415 1505 1413 1489 1414 1505 1413 1488 1412 1490 1416 1507 1417 1506 1415 1490 1416 1506 1415 1489 1414 1491 1418 1507 1417 1490 1416 1492 1419 1508 1420 1507 1417 1492 1419 1507 1417 1491 1418 1493 1421 1509 1422 1508 1420 1493 1421 1508 1420 1492 1419 1494 1423 1509 1422 1493 1421 1495 1424 1510 1425 1509 1422 1495 1424 1509 1422 1494 1423 1496 1426 1511 1427 1510 1425 1496 1426 1510 1425 1495 1424 1497 1428 1512 1429 1511 1427 1497 1428 1511 1427 1496 1426 1498 1430 1512 1429 1497 1428 1499 1431 1513 1432 1512 1429 1499 1431 1512 1429 1498 1430 1500 1433 1514 1434 1513 1432 1500 1433 1513 1432 1499 1431 1501 1435 1483 1436 1514 1434 1501 1435 1514 1434 1500 1433 1484 1437 1483 1436 1501 1435 1515 1438 1534 1439 1533 1440 1516 1441 1535 1442 1534 1439 1516 1441 1534 1439 1515 1438 1517 1443 1535 1442 1516 1441 1518 1444 1536 1445 1535 1442 1518 1444 1535 1442 1517 1443 1519 1446 1537 1447 1536 1445 1519 1446 1536 1445 1518 1444 1520 1448 1538 1449 1537 1447 1520 1448 1537 1447 1519 1446 1521 1450 1538 1449 1520 1448 1522 1451 1539 1452 1538 1449 1522 1451 1538 1449 1521 1450 1523 1453 1540 1454 1539 1452 1523 1453 1539 1452 1522 1451 1524 1455 1541 1456 1540 1454 1524 1455 1540 1454 1523 1453 1525 1457 1541 1456 1524 1455 1526 1458 1542 1459 1541 1456 1526 1458 1541 1456 1525 1457 1527 1460 1543 1461 1542 1459 1527 1460 1542 1459 1526 1458 1528 1462 1544 1463 1543 1461 1528 1462 1543 1461 1527 1460 1529 1464 1544 1463 1528 1462 1530 1465 1545 1466 1544 1463 1530 1465 1544 1463 1529 1464 1531 1467 1546 1468 1545 1466 1531 1467 1545 1466 1530 1465 1532 1469 1546 1468 1531 1467 1564 1470 1566 1471 1565 1472 1564 1470 1584 1473 1566 1471 1563 1474 1583 1475 1584 1473 1563 1474 1584 1473 1564 1470 1562 1476 1582 1477 1583 1475 1562 1476 1583 1475 1563 1474 1561 1478 1581 1479 1582 1477 1561 1478 1582 1477 1562 1476 1560 1480 1580 1481 1581 1479 1560 1480 1581 1479 1561 1478 1559 1482 1579 1483 1580 1481 1559 1482 1580 1481 1560 1480 1558 1484 1578 1485 1579 1483 1558 1484 1579 1483 1559 1482 1557 1486 1576 1487 1577 1488 1557 1486 1577 1488 1578 1485 1557 1486 1578 1485 1558 1484 1556 1489 1575 1490 1576 1487 1556 1489 1576 1487 1557 1486 1555 1491 1574 1492 1575 1490 1555 1491 1575 1490 1556 1489 1554 1493 1573 1494 1574 1492 1554 1493 1574 1492 1555 1491 1553 1495 1572 1496 1573 1494 1553 1495 1573 1494 1554 1493 1552 1497 1571 1498 1572 1496 1552 1497 1572 1496 1553 1495 1551 1499 1570 1500 1571 1498 1551 1499 1571 1498 1552 1497 1550 1501 1570 1500 1551 1499 1550 1501 1569 1502 1570 1500 1549 1503 1569 1502 1550 1501 1549 1503 1568 1504 1569 1502 1548 1505 1568 1504 1549 1503 1548 1505 1567 1506 1568 1504 1547 1507 1567 1506 1548 1505 1603 1508 1605 1509 1604 1510 1603 1508 1622 1511 1605 1509 1602 1512 1621 1513 1622 1511 1602 1512 1622 1511 1603 1508 1601 1514 1620 1515 1621 1513 1601 1514 1621 1513 1602 1512 1600 1516 1619 1517 1620 1515 1600 1516 1620 1515 1601 1514 1599 1518 1618 1519 1619 1517 1599 1518 1619 1517 1600 1516 1598 1520 1617 1521 1618 1519 1598 1520 1618 1519 1599 1518 1597 1522 1616 1523 1617 1521 1597 1522 1617 1521 1598 1520 1596 1524 1615 1525 1616 1523 1596 1524 1616 1523 1597 1522 1595 1526 1613 1527 1614 1528 1595 1526 1614 1528 1615 1525 1595 1526 1615 1525 1596 1524 1594 1529 1612 1530 1613 1527 1594 1529 1613 1527 1595 1526 1593 1531 1611 1532 1612 1530 1593 1531 1612 1530 1594 1529 1592 1533 1610 1534 1611 1532 1592 1533 1611 1532 1593 1531 1591 1535 1609 1536 1610 1534 1591 1535 1610 1534 1592 1533 1590 1537 1609 1536 1591 1535 1589 1538 1609 1536 1590 1537 1589 1538 1608 1539 1609 1536 1588 1540 1608 1539 1589 1538 1588 1540 1607 1541 1608 1539 1587 1542 1607 1541 1588 1540 1587 1542 1606 1543 1607 1541 1586 1544 1606 1543 1587 1542 1586 1544 1585 1545 1606 1543 1625 1546 1642 1547 1641 1548 1626 1549 1643 1550 1642 1547 1626 1549 1642 1547 1625 1546 1627 1551 1644 1552 1643 1550 1627 1551 1643 1550 1626 1549 1628 1553 1644 1552 1627 1551 1629 1554 1645 1555 1644 1552 1629 1554 1644 1552 1628 1553 1630 1556 1646 1557 1645 1555 1630 1556 1645 1555 1629 1554 1631 1558 1647 1559 1646 1557 1631 1558 1646 1557 1630 1556 1632 1560 1648 1561 1647 1559 1632 1560 1647 1559 1631 1558 1633 1562 1648 1561 1632 1560 1634 1563 1649 1564 1648 1561 1634 1563 1648 1561 1633 1562 1635 1565 1650 1566 1649 1564 1635 1565 1649 1564 1634 1563 1636 1567 1651 1568 1650 1566 1636 1567 1650 1566 1635 1565 1637 1569 1652 1570 1651 1568 1637 1569 1651 1568 1636 1567 1638 1571 1652 1570 1637 1569 1639 1572 1653 1573 1652 1570 1639 1572 1652 1570 1638 1571 1640 1574 1623 1575 1653 1573 1640 1574 1653 1573 1639 1572 1624 1576 1623 1575 1640 1574 1654 1577 1672 1578 1671 1579 1655 1580 1673 1581 1672 1578 1655 1580 1672 1578 1654 1577 1656 1582 1674 1583 1673 1581 1656 1582 1673 1581 1655 1580 1657 1584 1674 1583 1656 1582 1658 1585 1675 1586 1674 1583 1658 1585 1674 1583 1657 1584 1659 1587 1676 1588 1675 1586 1659 1587 1675 1586 1658 1585 1660 1589 1677 1590 1676 1588 1660 1589 1676 1588 1659 1587 1661 1591 1678 1592 1677 1590 1661 1591 1677 1590 1660 1589 1662 1593 1678 1592 1661 1591 1663 1594 1679 1595 1678 1592 1663 1594 1678 1592 1662 1593 1664 1596 1680 1597 1679 1595 1664 1596 1679 1595 1663 1594 1665 1598 1681 1599 1680 1597 1665 1598 1680 1597 1664 1596 1666 1600 1682 1601 1681 1599 1666 1600 1681 1599 1665 1598 1667 1602 1682 1601 1666 1600 1668 1603 1683 1604 1682 1601 1668 1603 1682 1601 1667 1602 1669 1605 1684 1606 1683 1604 1669 1605 1683 1604 1668 1603 1670 1607 1684 1606 1669 1605 1687 1608 1704 1609 1703 1610 1688 1611 1705 1612 1704 1609 1688 1611 1704 1609 1687 1608 1689 1613 1706 1614 1705 1612 1689 1613 1705 1612 1688 1611 1690 1615 1706 1614 1689 1613 1691 1616 1707 1617 1706 1614 1691 1616 1706 1614 1690 1615 1692 1618 1708 1619 1707 1617 1692 1618 1707 1617 1691 1616 1693 1620 1709 1621 1708 1619 1693 1620 1708 1619 1692 1618 1694 1622 1710 1623 1709 1621 1694 1622 1709 1621 1693 1620 1695 1624 1710 1623 1694 1622 1696 1625 1711 1626 1710 1623 1696 1625 1710 1623 1695 1624 1697 1627 1712 1628 1711 1626 1697 1627 1711 1626 1696 1625 1698 1629 1713 1630 1712 1628 1698 1629 1712 1628 1697 1627 1699 1631 1714 1632 1713 1630 1699 1631 1713 1630 1698 1629 1700 1633 1714 1632 1699 1631 1701 1634 1715 1635 1714 1632 1701 1634 1714 1632 1700 1633 1702 1636 1685 1637 1715 1635 1702 1636 1715 1635 1701 1634 1686 1638 1685 1637 1702 1636 1716 1639 1734 1640 1733 1641 1717 1642 1735 1643 1734 1640 1717 1642 1734 1640 1716 1639 1718 1644 1736 1645 1735 1643 1718 1644 1735 1643 1717 1642 1719 1646 1736 1645 1718 1644 1720 1647 1737 1648 1736 1645 1720 1647 1736 1645 1719 1646 1721 1649 1738 1650 1737 1648 1721 1649 1737 1648 1720 1647 1722 1651 1739 1652 1738 1650 1722 1651 1738 1650 1721 1649 1723 1653 1740 1654 1739 1652 1723 1653 1739 1652 1722 1651 1724 1655 1740 1654 1723 1653 1725 1656 1741 1657 1740 1654 1725 1656 1740 1654 1724 1655 1726 1658 1742 1659 1741 1657 1726 1658 1741 1657 1725 1656 1727 1660 1743 1661 1742 1659 1727 1660 1742 1659 1726 1658 1728 1662 1744 1663 1743 1661 1728 1662 1743 1661 1727 1660 1729 1664 1744 1663 1728 1662 1730 1665 1745 1666 1744 1663 1730 1665 1744 1663 1729 1664 1731 1667 1746 1668 1745 1666 1731 1667 1745 1666 1730 1665 1732 1669 1746 1668 1731 1667 1749 1670 1766 1671 1765 1548 1750 1672 1767 1673 1766 1671 1750 1672 1766 1671 1749 1670 1751 1674 1768 1675 1767 1673 1751 1674 1767 1673 1750 1672 1752 1676 1768 1675 1751 1674 1753 1677 1769 1678 1768 1675 1753 1677 1768 1675 1752 1676 1754 1679 1770 1680 1769 1678 1754 1679 1769 1678 1753 1677 1755 1681 1771 1682 1770 1680 1755 1681 1770 1680 1754 1679 1756 1683 1772 1684 1771 1682 1756 1683 1771 1682 1755 1681 1757 1685 1772 1684 1756 1683 1758 1686 1773 1687 1772 1684 1758 1686 1772 1684 1757 1685 1759 1688 1774 1689 1773 1687 1759 1688 1773 1687 1758 1686 1760 1690 1775 1691 1774 1689 1760 1690 1774 1689 1759 1688 1761 1692 1776 1693 1775 1691 1761 1692 1775 1691 1760 1690 1762 1694 1776 1693 1761 1692 1763 1695 1777 1696 1776 1693 1763 1695 1776 1693 1762 1694 1764 1697 1747 1698 1777 1696 1764 1697 1777 1696 1763 1695 1748 1699 1747 1698 1764 1697 1778 1700 1796 1701 1795 1641 1779 1702 1797 1703 1796 1701 1779 1702 1796 1701 1778 1700 1780 1704 1798 1705 1797 1703 1780 1704 1797 1703 1779 1702 1781 1706 1798 1705 1780 1704 1782 1707 1799 1708 1798 1705 1782 1707 1798 1705 1781 1706 1783 1709 1800 1710 1799 1708 1783 1709 1799 1708 1782 1707 1784 1711 1801 1712 1800 1710 1784 1711 1800 1710 1783 1709 1785 1713 1802 1714 1801 1712 1785 1713 1801 1712 1784 1711 1786 1715 1802 1714 1785 1713 1787 1716 1803 1717 1802 1714 1787 1716 1802 1714 1786 1715 1788 1718 1804 1719 1803 1717 1788 1718 1803 1717 1787 1716 1789 1720 1805 1721 1804 1719 1789 1720 1804 1719 1788 1718 1790 1722 1806 1723 1805 1721 1790 1722 1805 1721 1789 1720 1791 1724 1806 1723 1790 1722 1792 1725 1807 1726 1806 1723 1792 1725 1806 1723 1791 1724 1793 1727 1808 1728 1807 1726 1793 1727 1807 1726 1792 1725 1794 1729 1808 1728 1793 1727 1811 1730 1828 1731 1827 1548 1812 1732 1829 1733 1828 1731 1812 1732 1828 1731 1811 1730 1813 1734 1830 1735 1829 1733 1813 1734 1829 1733 1812 1732 1814 1736 1830 1735 1813 1734 1815 1737 1831 1738 1830 1735 1815 1737 1830 1735 1814 1736 1816 1739 1832 1740 1831 1738 1816 1739 1831 1738 1815 1737 1817 1741 1833 1742 1832 1740 1817 1741 1832 1740 1816 1739 1818 1743 1834 1744 1833 1742 1818 1743 1833 1742 1817 1741 1819 1745 1834 1744 1818 1743 1820 1746 1835 1747 1834 1744 1820 1746 1834 1744 1819 1745 1821 1748 1836 1749 1835 1747 1821 1748 1835 1747 1820 1746 1822 1750 1837 1751 1836 1749 1822 1750 1836 1749 1821 1748 1823 1752 1838 1753 1837 1751 1823 1752 1837 1751 1822 1750 1824 1754 1838 1753 1823 1752 1825 1755 1839 1756 1838 1753 1825 1755 1838 1753 1824 1754 1826 1757 1809 1758 1839 1756 1826 1757 1839 1756 1825 1755 1810 1759 1809 1758 1826 1757 1840 1760 1858 1761 1857 1762 1841 1763 1859 1764 1858 1761 1841 1763 1858 1761 1840 1760 1842 1765 1860 1766 1859 1764 1842 1765 1859 1764 1841 1763 1843 1767 1860 1766 1842 1765 1844 1768 1861 1769 1860 1766 1844 1768 1860 1766 1843 1767 1845 1770 1862 1771 1861 1769 1845 1770 1861 1769 1844 1768 1846 1772 1863 1773 1862 1771 1846 1772 1862 1771 1845 1770 1847 1774 1864 1775 1863 1773 1847 1774 1863 1773 1846 1772 1848 1776 1864 1775 1847 1774 1849 1777 1865 1778 1864 1775 1849 1777 1864 1775 1848 1776 1850 1779 1866 1780 1865 1778 1850 1779 1865 1778 1849 1777 1851 1781 1867 1782 1866 1780 1851 1781 1866 1780 1850 1779 1852 1783 1868 1784 1867 1782 1852 1783 1867 1782 1851 1781 1853 1785 1868 1784 1852 1783 1854 1786 1869 1787 1868 1784 1854 1786 1868 1784 1853 1785 1855 1788 1870 1789 1869 1787 1855 1788 1869 1787 1854 1786 1856 1790 1870 1789 1855 1788 1881 1791 1871 1792 1872 1793 1881 1791 1873 1794 1871 1792 1882 1795 1874 1796 1873 1794 1882 1795 1873 1794 1881 1791 1883 1797 1875 1798 1874 1796 1883 1797 1874 1796 1882 1795 1884 1799 1876 1800 1875 1798 1884 1799 1875 1798 1883 1797 1885 1801 1877 1802 1876 1800 1885 1801 1876 1800 1884 1799 1886 1803 1878 1804 1877 1802 1886 1803 1877 1802 1885 1801 1880 1805 1879 1806 1878 1804 1880 1805 1878 1804 1886 1803 1888 1807 1889 1808 1887 1809 1897 1810 1890 1811 1889 1808 1897 1810 1889 1808 1888 1807 1898 1812 1891 1813 1890 1811 1898 1812 1890 1811 1897 1810 1899 1814 1892 1815 1891 1813 1899 1814 1891 1813 1898 1812 1900 1816 1893 1817 1892 1815 1900 1816 1892 1815 1899 1814 1901 1818 1894 1819 1893 1817 1901 1818 1893 1817 1900 1816 1902 1820 1895 1821 1894 1819 1902 1820 1894 1819 1901 1818 1896 1822 1895 1821 1902 1820 1905 1823 1903 1823 1904 1823 1906 1823 1905 1823 1904 1823 1917 1824 1907 1825 1908 1826 1917 1824 1909 1827 1907 1825 1918 1828 1910 1829 1909 1827 1918 1828 1909 1827 1917 1824 1919 1830 1911 1831 1910 1829 1919 1830 1910 1829 1918 1828 1920 1832 1912 1833 1911 1831 1920 1832 1911 1831 1919 1830 1921 1834 1913 1835 1912 1833 1921 1834 1912 1833 1920 1832 1922 1836 1914 1837 1913 1835 1922 1836 1913 1835 1921 1834 1916 1838 1915 1839 1914 1837 1916 1838 1914 1837 1922 1836 1924 1840 1925 1841 1923 1842 1933 1843 1926 1844 1925 1841 1933 1843 1925 1841 1924 1840 1934 1845 1927 1846 1926 1844 1934 1845 1926 1844 1933 1843 1935 1847 1928 1848 1927 1846 1935 1847 1927 1846 1934 1845 1936 1849 1929 1850 1928 1848 1936 1849 1928 1848 1935 1847 1937 1851 1930 1852 1929 1850 1937 1851 1929 1850 1936 1849 1938 1853 1931 1854 1930 1852 1938 1853 1930 1852 1937 1851 1932 1855 1931 1854 1938 1853 1942 1856 1939 1856 1940 1856 1941 1856 1939 1856 1942 1856 1946 1857 1944 1857 1943 1857 1946 1858 1943 1858 1945 1858 1948 1859 1947 1859 1950 1859 1949 1860 1948 1860 1950 1860 1952 1861 1951 1861 1953 1861 1952 1823 1953 1823 1954 1823 1956 1862 1954 1862 1955 1862 1956 1823 1952 1823 1954 1823 1957 1863 1959 1863 1958 1863 1957 1864 1960 1864 1959 1864 1962 1865 1961 1865 1963 1865 1962 1866 1963 1866 1964 1866 1970 1867 1965 1868 1966 1869 1972 1870 1965 1868 1970 1867 1969 1871 1972 1870 1970 1867 1973 1872 1972 1870 1969 1871 1968 1873 1973 1872 1969 1871 1974 1874 1973 1872 1968 1873 1967 1875 1974 1874 1968 1873 1971 1876 1974 1874 1967 1875 1984 1877 1977 1878 1981 1879 1978 1880 1977 1878 1984 1877 1983 1881 1978 1880 1984 1877 1979 1882 1978 1880 1983 1881 1982 1883 1979 1882 1983 1881 1980 1884 1979 1882 1982 1883 1975 1885 1980 1884 1982 1883 1976 1886 1980 1884 1975 1885 1988 1887 2006 1888 1987 1889 1988 1887 2007 1890 2006 1888 1989 1891 2008 1892 2007 1890 1989 1891 2007 1890 1988 1887 1990 1893 2009 1894 2008 1892 1990 1893 2008 1892 1989 1891 1991 1895 2010 1896 2009 1894 1991 1895 2009 1894 1990 1893 1992 1897 2010 1896 1991 1895 1993 1898 2011 1899 2010 1896 1993 1898 2010 1896 1992 1897 1994 1900 2012 1901 2011 1899 1994 1900 2011 1899 1993 1898 1995 1902 2012 1901 1994 1900 1996 1903 2013 1904 2012 1901 1996 1903 2012 1901 1995 1902 1997 1905 2014 1906 2013 1904 1997 1905 2013 1904 1996 1903 1998 1907 2014 1906 1997 1905 1999 1908 2015 1909 2014 1906 1999 1908 2014 1906 1998 1907 2000 1910 2016 1911 2015 1909 2000 1910 2015 1909 1999 1908 2001 1912 2017 1913 2016 1911 2001 1912 2016 1911 2000 1910 2002 1914 2017 1913 2001 1912 2003 1915 2018 1916 2017 1913 2003 1915 2017 1913 2002 1914 2004 1917 2018 1916 2003 1915 2005 1918 1985 1919 2018 1916 2005 1918 2018 1916 2004 1917 1986 1920 1985 1919 2005 1918 2020 1921 2039 1922 2019 1923 2020 1921 2040 1924 2039 1922 2021 1925 2041 1926 2040 1924 2021 1925 2040 1924 2020 1921 2022 1927 2042 1928 2041 1926 2022 1927 2041 1926 2021 1925 2023 1929 2043 1930 2042 1928 2023 1929 2042 1928 2022 1927 2024 1931 2043 1930 2023 1929 2025 1932 2044 1933 2043 1930 2025 1932 2043 1930 2024 1931 2026 1934 2045 1935 2044 1933 2026 1934 2044 1933 2025 1932 2027 1936 2045 1935 2026 1934 2028 1937 2046 1938 2045 1935 2028 1937 2045 1935 2027 1936 2029 1939 2047 1940 2046 1938 2029 1939 2046 1938 2028 1937 2030 1941 2047 1940 2029 1939 2031 1942 2048 1943 2047 1940 2031 1942 2047 1940 2030 1941 2032 1944 2049 1945 2048 1943 2032 1944 2048 1943 2031 1942 2033 1946 2050 1947 2049 1945 2033 1946 2049 1945 2032 1944 2034 1948 2050 1947 2033 1946 2035 1949 2051 1950 2050 1947 2035 1949 2050 1947 2034 1948 2036 1951 2051 1950 2035 1949 2037 1952 2052 1953 2051 1950 2037 1952 2051 1950 2036 1951 2038 1954 2052 1953 2037 1952 2056 1955 2074 1956 2055 1957 2056 1955 2075 1958 2074 1956 2057 1959 2076 1960 2075 1958 2057 1959 2075 1958 2056 1955 2058 1961 2077 1962 2076 1960 2058 1961 2076 1960 2057 1959 2059 1963 2078 1964 2077 1962 2059 1963 2077 1962 2058 1961 2060 1965 2078 1964 2059 1963 2061 1966 2079 1967 2078 1964 2061 1966 2078 1964 2060 1965 2062 1968 2080 1969 2079 1967 2062 1968 2079 1967 2061 1966 2063 1970 2080 1969 2062 1968 2064 1971 2081 1972 2080 1969 2064 1971 2080 1969 2063 1970 2065 1973 2082 1974 2081 1972 2065 1973 2081 1972 2064 1971 2066 1975 2082 1974 2065 1973 2067 1976 2083 1977 2082 1974 2067 1976 2082 1974 2066 1975 2068 1978 2084 1979 2083 1977 2068 1978 2083 1977 2067 1976 2069 1980 2085 1981 2084 1979 2069 1980 2084 1979 2068 1978 2070 1982 2085 1981 2069 1980 2071 1983 2086 1984 2085 1981 2071 1983 2085 1981 2070 1982 2072 1985 2086 1984 2071 1983 2073 1986 2053 1987 2086 1984 2073 1986 2086 1984 2072 1985 2054 1988 2053 1987 2073 1986 2088 1989 2107 1990 2087 1991 2088 1989 2108 1992 2107 1990 2089 1993 2109 1994 2108 1992 2089 1993 2108 1992 2088 1989 2090 1995 2110 1996 2109 1994 2090 1995 2109 1994 2089 1993 2091 1997 2111 1998 2110 1996 2091 1997 2110 1996 2090 1995 2092 1999 2111 1998 2091 1997 2093 2000 2112 2001 2111 1998 2093 2000 2111 1998 2092 1999 2094 2002 2113 2003 2112 2001 2094 2002 2112 2001 2093 2000 2095 2004 2113 2003 2094 2002 2096 2005 2114 2006 2113 2003 2096 2005 2113 2003 2095 2004 2097 2007 2115 2008 2114 2006 2097 2007 2114 2006 2096 2005 2098 2009 2115 2008 2097 2007 2099 2010 2116 2011 2115 2008 2099 2010 2115 2008 2098 2009 2100 2012 2117 2013 2116 2011 2100 2012 2116 2011 2099 2010 2101 2014 2118 2015 2117 2013 2101 2014 2117 2013 2100 2012 2102 2016 2118 2015 2101 2014 2103 2017 2119 2018 2118 2015 2103 2017 2118 2015 2102 2016 2104 2019 2119 2018 2103 2017 2105 2020 2120 2021 2119 2018 2105 2020 2119 2018 2104 2019 2106 2022 2120 2021 2105 2020 2124 2023 2142 2024 2123 2025 2124 2023 2143 2026 2142 2024 2125 2027 2144 2028 2143 2026 2125 2027 2143 2026 2124 2023 2126 2029 2145 2030 2144 2028 2126 2029 2144 2028 2125 2027 2127 2031 2146 2032 2145 2030 2127 2031 2145 2030 2126 2029 2128 2033 2146 2032 2127 2031 2129 2034 2147 2035 2146 2032 2129 2034 2146 2032 2128 2033 2130 2036 2148 2037 2147 2035 2130 2036 2147 2035 2129 2034 2131 2038 2149 2039 2148 2037 2131 2038 2148 2037 2130 2036 2132 2040 2149 2039 2131 2038 2133 2041 2150 2042 2149 2039 2133 2041 2149 2039 2132 2040 2134 2043 2150 2042 2133 2041 2135 2044 2151 2045 2150 2042 2135 2044 2150 2042 2134 2043 2136 2046 2152 2047 2151 2045 2136 2046 2151 2045 2135 2044 2137 2048 2152 2047 2136 2046 2138 2049 2153 2050 2152 2047 2138 2049 2152 2047 2137 2048 2139 2051 2154 2052 2153 2050 2139 2051 2153 2050 2138 2049 2140 2053 2154 2052 2139 2051 2141 2054 2121 2055 2154 2052 2141 2054 2154 2052 2140 2053 2122 2056 2121 2055 2141 2054 2156 2057 2175 2058 2155 2059 2156 2057 2176 2060 2175 2058 2157 2061 2177 2062 2176 2060 2157 2061 2176 2060 2156 2057 2158 2063 2178 2064 2177 2062 2158 2063 2177 2062 2157 2061 2159 2065 2179 2066 2178 2064 2159 2065 2178 2064 2158 2063 2160 2067 2179 2066 2159 2065 2161 2068 2180 2069 2179 2066 2161 2068 2179 2066 2160 2067 2162 2070 2181 2071 2180 2069 2162 2070 2180 2069 2161 2068 2163 2072 2182 2073 2181 2071 2163 2072 2181 2071 2162 2070 2164 2074 2182 2073 2163 2072 2165 2075 2183 2076 2182 2073 2165 2075 2182 2073 2164 2074 2166 2077 2183 2076 2165 2075 2167 2078 2184 2079 2183 2076 2167 2078 2183 2076 2166 2077 2168 2080 2185 2081 2184 2079 2168 2080 2184 2079 2167 2078 2169 2082 2185 2081 2168 2080 2170 2083 2186 2084 2185 2081 2170 2083 2185 2081 2169 2082 2171 2085 2187 2086 2186 2084 2171 2085 2186 2084 2170 2083 2172 2087 2187 2086 2171 2085 2173 2088 2188 2089 2187 2086 2173 2088 2187 2086 2172 2087 2174 2090 2188 2089 2173 2088 2192 2091 2191 2091 2190 2091 2189 2092 2192 2092 2190 2092 2193 2093 2195 2093 2194 2093 2193 2093 2196 2093 2195 2093 2228 2094 2229 2094 2203 2094 2230 2095 2203 2095 2229 2095 2227 2096 2228 2096 2203 2096 2231 2097 2203 2097 2230 2097 2226 2098 2227 2098 2203 2098 2232 2099 2203 2099 2231 2099 2224 2100 2203 2100 2232 2100 2225 2101 2226 2101 2203 2101 2199 2102 2233 2102 2225 2102 2199 2103 2225 2103 2203 2103 2234 2104 2233 2104 2199 2104 2235 2105 2234 2105 2199 2105 2236 2106 2235 2106 2199 2106 2200 2107 2237 2107 2236 2107 2200 2108 2238 2108 2237 2108 2200 2109 2239 2109 2238 2109 2200 2110 2240 2110 2239 2110 2200 2111 2236 2111 2199 2111 2201 2112 2242 2112 2240 2112 2201 2113 2240 2113 2200 2113 2202 2114 2241 2114 2242 2114 2202 2115 2242 2115 2201 2115 2197 2116 2206 2116 2241 2116 2197 2117 2241 2117 2202 2117 2204 2118 2216 2118 2217 2118 2204 2119 2217 2119 2218 2119 2204 2120 2218 2120 2219 2120 2204 2121 2224 2121 2216 2121 2204 2122 2203 2122 2224 2122 2220 2123 2204 2123 2219 2123 2221 2124 2204 2124 2220 2124 2222 2125 2204 2125 2221 2125 2223 2126 2204 2126 2222 2126 2215 2127 2204 2127 2223 2127 2205 2128 2206 2128 2197 2128 2214 2121 2204 2121 2215 2121 2198 2129 2207 2129 2205 2129 2198 2130 2208 2130 2207 2130 2198 2131 2209 2131 2208 2131 2198 2132 2210 2132 2209 2132 2198 2133 2211 2133 2210 2133 2198 2134 2212 2134 2211 2134 2198 2135 2213 2135 2212 2135 2198 2136 2214 2136 2213 2136 2198 2137 2204 2137 2214 2137 2198 2138 2205 2138 2197 2138 2247 2139 2249 2139 2248 2139 2244 2139 2246 2139 2245 2139 2244 2139 2247 2139 2246 2139 2250 2139 2244 2139 2243 2139 2249 2140 2244 2140 2250 2140 2249 2141 2247 2141 2244 2141 2290 2142 2291 2142 2251 2142 2292 2143 2251 2143 2291 2143 2289 70 2290 70 2251 70 2293 2144 2252 2144 2251 2144 2293 70 2251 70 2292 70 2288 70 2289 70 2251 70 2294 2145 2253 2145 2252 2145 2294 2146 2252 2146 2293 2146 2295 2147 2254 2147 2253 2147 2295 2148 2253 2148 2294 2148 2287 70 2288 70 2251 70 2296 70 2254 70 2295 70 2259 2149 2285 2149 2286 2149 2259 2150 2286 2150 2287 2150 2259 70 2287 70 2251 70 2284 70 2285 70 2259 70 2283 70 2284 70 2259 70 2282 70 2283 70 2259 70 2281 70 2282 70 2259 70 2280 70 2259 70 2266 70 2280 70 2281 70 2259 70 2279 2151 2266 2151 2265 2151 2279 70 2280 70 2266 70 2278 70 2279 70 2265 70 2277 2152 2265 2152 2264 2152 2277 70 2278 70 2265 70 2268 2153 2255 2153 2254 2153 2268 70 2256 70 2255 70 2268 2154 2296 2154 2297 2154 2268 2155 2297 2155 2298 2155 2268 2156 2298 2156 2299 2156 2268 2157 2299 2157 2300 2157 2268 2158 2300 2158 2301 2158 2268 2159 2301 2159 2302 2159 2268 2160 2302 2160 2303 2160 2268 2161 2303 2161 2304 2161 2268 2162 2304 2162 2269 2162 2268 70 2254 70 2296 70 2267 70 2263 70 2262 70 2267 2153 2264 2153 2263 2153 2267 2163 2269 2163 2270 2163 2267 2164 2270 2164 2271 2164 2267 2165 2271 2165 2272 2165 2267 2166 2272 2166 2273 2166 2267 2167 2273 2167 2274 2167 2267 2168 2274 2168 2275 2168 2267 2169 2275 2169 2276 2169 2267 2170 2276 2170 2277 2170 2267 70 2268 70 2269 70 2267 70 2277 70 2264 70 2260 70 2267 70 2261 70 2261 70 2267 70 2262 70 2268 70 2258 70 2257 70 2268 70 2257 70 2256 70 2311 2093 2306 2093 2312 2093 2308 2093 2310 2093 2309 2093 2308 2093 2311 2093 2310 2093 2305 2093 2308 2093 2307 2093 2306 2093 2308 2093 2305 2093 2306 2093 2311 2093 2308 2093 2327 2171 2316 2171 2326 2171 2325 2172 2316 2172 2317 2172 2325 2173 2326 2173 2316 2173 2321 2174 2316 2174 2327 2174 2330 2175 2325 2175 2317 2175 2329 2176 2330 2176 2317 2176 2322 2177 2316 2177 2321 2177 2323 2178 2316 2178 2322 2178 2328 2179 2329 2179 2317 2179 2324 2180 2315 2180 2316 2180 2324 2181 2316 2181 2323 2181 2333 2182 2328 2182 2317 2182 2332 2183 2333 2183 2317 2183 2331 2184 2332 2184 2317 2184 2363 2185 2314 2185 2315 2185 2363 2186 2315 2186 2324 2186 2362 2187 2313 2187 2314 2187 2362 2188 2314 2188 2363 2188 2361 2189 2313 2189 2362 2189 2334 2190 2317 2190 2320 2190 2334 2191 2331 2191 2317 2191 2335 2192 2334 2192 2320 2192 2336 2193 2335 2193 2320 2193 2337 2194 2336 2194 2320 2194 2338 2195 2337 2195 2320 2195 2339 2196 2338 2196 2320 2196 2353 2197 2313 2197 2361 2197 2318 2198 2313 2198 2353 2198 2318 2199 2353 2199 2354 2199 2318 2200 2354 2200 2355 2200 2356 2201 2318 2201 2355 2201 2357 2202 2318 2202 2356 2202 2358 2203 2318 2203 2357 2203 2359 2204 2318 2204 2358 2204 2360 2205 2318 2205 2359 2205 2352 2206 2318 2206 2360 2206 2319 2207 2343 2207 2342 2207 2319 2208 2344 2208 2343 2208 2319 2209 2345 2209 2344 2209 2319 2190 2318 2190 2352 2190 2319 2210 2346 2210 2345 2210 2319 2211 2347 2211 2346 2211 2319 2212 2348 2212 2347 2212 2319 2213 2349 2213 2348 2213 2319 2214 2350 2214 2349 2214 2319 2215 2351 2215 2350 2215 2319 2216 2352 2216 2351 2216 2319 2216 2342 2216 2320 2216 2342 2217 2341 2217 2320 2217 2341 2218 2340 2218 2320 2218 2340 2219 2339 2219 2320 2219 2364 2139 2367 2139 2366 2139 2364 2139 2365 2139 2367 2139 2370 2220 2369 2220 2368 2220 2370 2221 2368 2221 2371 2221 2488 208 2374 208 2372 208 2488 2222 2372 2222 2487 2222 2486 2223 2487 2223 2372 2223 2489 2224 2374 2224 2488 2224 2485 2225 2486 2225 2372 2225 2490 2226 2374 2226 2489 2226 2491 2227 2374 2227 2490 2227 2484 2228 2485 2228 2372 2228 2456 2229 2374 2229 2491 2229 2456 208 2375 208 2374 208 2483 208 2484 208 2372 208 2457 208 2375 208 2456 208 2482 208 2483 208 2372 208 2458 208 2375 208 2457 208 2481 208 2482 208 2372 208 2459 2230 2375 2230 2458 2230 2376 2231 2375 2231 2459 2231 2376 2232 2459 2232 2460 2232 2376 2233 2460 2233 2461 2233 2462 208 2376 208 2461 208 2463 208 2376 208 2462 208 2464 208 2376 208 2463 208 2465 208 2376 208 2464 208 2466 208 2376 208 2465 208 2467 2234 2376 2234 2466 2234 2496 208 2495 208 2372 208 2494 208 2372 208 2495 208 2497 2235 2496 2235 2372 2235 2493 2236 2480 2236 2481 2236 2493 2237 2481 2237 2372 2237 2493 2238 2372 2238 2494 2238 2492 2239 2479 2239 2480 2239 2492 2240 2480 2240 2493 2240 2523 2241 2478 2241 2479 2241 2523 208 2479 208 2492 208 2522 2242 2478 2242 2523 2242 2392 2243 2521 2243 2520 2243 2391 2244 2477 2244 2478 2244 2391 2245 2522 2245 2521 2245 2391 208 2521 208 2392 208 2391 2246 2478 2246 2522 2246 2393 2247 2519 2247 2518 2247 2393 2248 2520 2248 2519 2248 2393 2249 2392 2249 2520 2249 2390 2250 2476 2250 2477 2250 2390 208 2477 208 2391 208 2394 2251 2518 2251 2517 2251 2394 208 2393 208 2518 208 2389 208 2475 208 2476 208 2389 208 2476 208 2390 208 2395 2252 2394 2252 2517 2252 2395 2253 2516 2253 2515 2253 2395 2254 2517 2254 2516 2254 2388 208 2473 208 2474 208 2388 208 2474 208 2475 208 2388 208 2475 208 2389 208 2396 2255 2395 2255 2515 2255 2396 2256 2515 2256 2514 2256 2373 2257 2499 2257 2498 2257 2373 208 2500 208 2499 208 2373 2258 2501 2258 2500 2258 2373 2259 2502 2259 2501 2259 2373 2260 2503 2260 2502 2260 2373 2261 2504 2261 2503 2261 2373 2262 2505 2262 2504 2262 2421 2263 2472 2263 2473 2263 2421 2264 2473 2264 2388 2264 2397 2265 2513 2265 2512 2265 2397 2266 2514 2266 2513 2266 2397 2267 2396 2267 2514 2267 2420 2268 2472 2268 2421 2268 2420 208 2471 208 2472 208 2398 2269 2397 2269 2512 2269 2419 208 2471 208 2420 208 2419 2270 2470 2270 2471 2270 2418 2271 2470 2271 2419 2271 2418 2272 2469 2272 2470 2272 2417 2273 2469 2273 2418 2273 2417 2274 2468 2274 2469 2274 2416 2275 2468 2275 2417 2275 2416 2276 2467 2276 2468 2276 2623 2277 2510 2277 2509 2277 2624 2278 2511 2278 2510 2278 2624 2279 2510 2279 2623 2279 2622 2280 2509 2280 2508 2280 2622 2281 2623 2281 2509 2281 2625 2282 2399 2282 2398 2282 2625 2283 2512 2283 2511 2283 2625 208 2398 208 2512 208 2625 208 2511 208 2624 208 2621 2284 2508 2284 2507 2284 2621 2285 2622 2285 2508 2285 2626 2286 2400 2286 2399 2286 2626 2287 2399 2287 2625 2287 2620 2288 2373 2288 2385 2288 2620 2289 2506 2289 2505 2289 2620 2290 2507 2290 2506 2290 2620 208 2621 208 2507 208 2620 208 2505 208 2373 208 2627 2291 2400 2291 2626 2291 2627 2292 2401 2292 2400 2292 2627 2293 2402 2293 2401 2293 2386 208 2620 208 2385 208 2415 2294 2376 2294 2467 2294 2415 208 2467 208 2416 208 2403 2295 2402 2295 2627 2295 2404 208 2403 208 2627 208 2405 208 2404 208 2627 208 2645 208 2405 208 2627 208 2645 2296 2406 2296 2405 2296 2645 2297 2407 2297 2406 2297 2645 2298 2408 2298 2407 2298 2645 208 2409 208 2408 208 2646 2299 2410 2299 2409 2299 2646 208 2409 208 2645 208 2647 208 2410 208 2646 208 2647 208 2411 208 2410 208 2648 208 2411 208 2647 208 2648 2300 2412 2300 2411 2300 2649 208 2412 208 2648 208 2649 2301 2413 2301 2412 2301 2650 2302 2413 2302 2649 2302 2528 2303 2527 2303 2644 2303 2526 2304 2644 2304 2527 2304 2529 208 2528 208 2644 208 2530 2305 2529 2305 2644 2305 2525 208 2644 208 2526 208 2525 2306 2651 2306 2644 2306 2531 2307 2530 2307 2644 2307 2524 2308 2651 2308 2525 2308 2524 2309 2650 2309 2651 2309 2532 2310 2531 2310 2644 2310 2555 2311 2413 2311 2650 2311 2555 2312 2414 2312 2413 2312 2555 208 2650 208 2524 208 2533 208 2532 208 2644 208 2554 208 2414 208 2555 208 2534 2313 2533 2313 2644 2313 2553 2314 2415 2314 2414 2314 2553 208 2414 208 2554 208 2553 2315 2376 2315 2415 2315 2552 2316 2376 2316 2553 2316 2592 208 2591 208 2384 208 2590 208 2384 208 2591 208 2593 208 2592 208 2384 208 2594 208 2593 208 2384 208 2589 208 2384 208 2590 208 2595 208 2594 208 2384 208 2588 2317 2384 2317 2589 2317 2596 208 2595 208 2384 208 2619 208 2384 208 2588 208 2618 2318 2384 2318 2619 2318 2617 2319 2386 2319 2387 2319 2617 2320 2387 2320 2384 2320 2617 208 2384 208 2618 208 2616 2321 2386 2321 2617 2321 2377 2322 2376 2322 2552 2322 2377 2323 2541 2323 2540 2323 2377 2324 2542 2324 2541 2324 2377 2325 2543 2325 2542 2325 2377 2326 2544 2326 2543 2326 2377 2327 2545 2327 2544 2327 2377 2328 2546 2328 2545 2328 2377 2329 2547 2329 2546 2329 2377 2330 2548 2330 2547 2330 2377 2331 2549 2331 2548 2331 2377 2332 2550 2332 2549 2332 2377 2333 2551 2333 2550 2333 2377 2334 2552 2334 2551 2334 2383 208 2596 208 2384 208 2383 2335 2597 2335 2596 2335 2383 2336 2598 2336 2597 2336 2383 2337 2599 2337 2598 2337 2383 2338 2600 2338 2599 2338 2383 2339 2601 2339 2600 2339 2383 2340 2602 2340 2601 2340 2383 2341 2603 2341 2602 2341 2383 2342 2604 2342 2603 2342 2381 208 2377 208 2540 208 2381 2343 2540 2343 2539 2343 2628 2344 2609 2344 2608 2344 2628 2345 2610 2345 2609 2345 2628 2346 2611 2346 2610 2346 2628 208 2612 208 2611 208 2628 2347 2613 2347 2612 2347 2628 2348 2614 2348 2613 2348 2628 2349 2615 2349 2614 2349 2628 2350 2616 2350 2615 2350 2635 2351 2608 2351 2607 2351 2635 2352 2628 2352 2608 2352 2634 2353 2607 2353 2606 2353 2634 2354 2635 2354 2607 2354 2633 2355 2634 2355 2606 2355 2633 2356 2606 2356 2605 2356 2380 2357 2538 2357 2537 2357 2380 2358 2539 2358 2538 2358 2380 2359 2381 2359 2539 2359 2379 208 2380 208 2537 208 2425 208 2629 208 2426 208 2427 208 2629 208 2630 208 2427 208 2630 208 2631 208 2427 208 2426 208 2629 208 2424 2360 2629 2360 2425 2360 2428 208 2631 208 2632 208 2428 208 2427 208 2631 208 2423 2361 2629 2361 2424 2361 2429 2362 2632 2362 2633 2362 2429 208 2428 208 2632 208 2422 2363 2629 2363 2423 2363 2430 2364 2605 2364 2604 2364 2430 208 2633 208 2605 208 2430 2365 2429 2365 2633 2365 2431 208 2604 208 2383 208 2431 208 2430 208 2604 208 2378 208 2379 208 2537 208 2432 208 2431 208 2383 208 2636 208 2629 208 2422 208 2636 2366 2454 2366 2453 2366 2636 2367 2455 2367 2454 2367 2636 2368 2422 2368 2455 2368 2637 2369 2536 2369 2535 2369 2433 2370 2432 2370 2383 2370 2452 2371 2636 2371 2453 2371 2434 2372 2433 2372 2383 2372 2451 208 2636 208 2452 208 2435 2373 2434 2373 2383 2373 2450 208 2636 208 2451 208 2450 208 2643 208 2636 208 2436 2374 2435 2374 2383 2374 2449 2375 2643 2375 2450 2375 2449 2376 2641 2376 2642 2376 2449 208 2642 208 2643 208 2437 2377 2436 2377 2383 2377 2448 208 2641 208 2449 208 2448 2378 2640 2378 2641 2378 2438 2379 2437 2379 2383 2379 2447 208 2640 208 2448 208 2447 2380 2639 2380 2640 2380 2439 208 2438 208 2383 208 2559 208 2378 208 2537 208 2560 208 2536 208 2637 208 2560 208 2559 208 2537 208 2560 2381 2537 2381 2536 2381 2558 208 2378 208 2559 208 2561 208 2560 208 2637 208 2562 208 2561 208 2637 208 2557 208 2378 208 2558 208 2563 208 2562 208 2637 208 2556 2382 2378 2382 2557 2382 2564 208 2563 208 2637 208 2587 208 2378 208 2556 208 2565 2383 2564 2383 2637 2383 2586 208 2378 208 2587 208 2566 208 2565 208 2637 208 2585 208 2378 208 2586 208 2567 208 2566 208 2637 208 2584 208 2378 208 2585 208 2568 208 2567 208 2637 208 2583 208 2378 208 2584 208 2569 2384 2637 2384 2638 2384 2569 208 2568 208 2637 208 2582 208 2378 208 2583 208 2570 2385 2638 2385 2639 2385 2570 208 2569 208 2638 208 2581 208 2378 208 2582 208 2571 208 2570 208 2639 208 2580 208 2378 208 2581 208 2579 208 2378 208 2580 208 2382 2386 2574 2386 2573 2386 2382 2387 2575 2387 2574 2387 2382 2388 2576 2388 2575 2388 2382 2389 2577 2389 2576 2389 2382 2390 2578 2390 2577 2390 2382 2391 2579 2391 2578 2391 2382 208 2571 208 2639 208 2382 208 2378 208 2579 208 2382 2392 2639 2392 2447 2392 2382 2393 2440 2393 2439 2393 2382 2394 2441 2394 2440 2394 2382 2395 2442 2395 2441 2395 2382 2396 2443 2396 2442 2396 2382 2397 2444 2397 2443 2397 2382 2398 2445 2398 2444 2398 2382 2399 2446 2399 2445 2399 2382 2400 2447 2400 2446 2400 2382 2401 2572 2401 2571 2401 2382 2402 2573 2402 2572 2402 2373 2403 2497 2403 2372 2403 2373 2404 2498 2404 2497 2404 2382 208 2439 208 2383 208 2620 208 2616 208 2628 208 2620 2405 2386 2405 2616 2405 2637 208 2534 208 2644 208 2637 2406 2535 2406 2534 2406 2668 2407 2666 2408 2652 2409 2669 2410 2666 2408 2668 2407 2670 2411 2652 2409 2653 2412 2670 2411 2653 2412 2654 2413 2670 2411 2654 2413 2655 2414 2670 2411 2668 2407 2652 2409 2671 2415 2666 2408 2669 2410 2672 2416 2655 2414 2656 2417 2672 2416 2656 2417 2657 2418 2672 2416 2668 2407 2670 2411 2672 2416 2669 2410 2668 2407 2672 2416 2670 2411 2655 2414 2673 2419 2667 2420 2666 2408 2673 2419 2666 2408 2671 2415 2674 2421 2657 2418 2658 2422 2674 2421 2658 2422 2659 2423 2674 2421 2669 2410 2672 2416 2674 2421 2672 2416 2657 2418 2674 2421 2671 2415 2669 2410 2675 2424 2667 2420 2673 2419 2676 2425 2659 2423 2660 2426 2676 2425 2673 2419 2671 2415 2676 2425 2674 2421 2659 2423 2676 2425 2671 2415 2674 2421 2677 2427 2667 2420 2675 2424 2678 2428 2660 2426 2661 2429 2678 2428 2661 2429 2662 2430 2678 2428 2676 2425 2660 2426 2678 2428 2675 2424 2673 2419 2678 2428 2673 2419 2676 2425 2679 2431 2662 2430 2663 2432 2679 2431 2663 2432 2664 2433 2679 2431 2664 2433 2665 2434 2679 2431 2665 2434 2667 2420 2679 2431 2678 2428 2662 2430 2679 2431 2667 2420 2677 2427 2679 2431 2677 2427 2675 2424 2679 2431 2675 2424 2678 2428 2703 1856 2689 1856 2688 1856 2704 1856 2703 1856 2688 1856 2702 1856 2689 1856 2703 1856 2705 1856 2704 1856 2688 1856 2701 1856 2689 1856 2702 1856 2706 1856 2705 1856 2688 1856 2700 1856 2689 1856 2701 1856 2707 1856 2706 1856 2688 1856 2708 1856 2707 1856 2688 1856 2699 1856 2689 1856 2700 1856 2709 1856 2708 1856 2688 1856 2698 1856 2689 1856 2699 1856 2697 1856 2689 1856 2698 1856 2687 1856 2710 1856 2709 1856 2687 1856 2711 1856 2710 1856 2687 1856 2712 1856 2711 1856 2687 1856 2709 1856 2688 1856 2713 1856 2712 1856 2687 1856 2714 1856 2713 1856 2687 1856 2715 1856 2714 1856 2687 1856 2716 1856 2715 1856 2687 1856 2717 1856 2716 1856 2687 1856 2718 1856 2717 1856 2687 1856 2719 1856 2718 1856 2687 1856 2779 1856 2694 1856 2693 1856 2780 1856 2693 1856 2692 1856 2780 1856 2779 1856 2693 1856 2778 1856 2695 1856 2694 1856 2778 1856 2694 1856 2779 1856 2781 1856 2780 1856 2692 1856 2777 1856 2696 1856 2695 1856 2777 1856 2695 1856 2778 1856 2782 1856 2692 1856 2691 1856 2782 1856 2781 1856 2692 1856 2776 1856 2697 1856 2696 1856 2776 1856 2696 1856 2777 1856 2776 1856 2689 1856 2697 1856 2783 1856 2782 1856 2691 1856 2784 1856 2691 1856 2690 1856 2784 1856 2783 1856 2691 1856 2775 1856 2689 1856 2776 1856 2785 1856 2690 1856 2727 1856 2785 1856 2784 1856 2690 1856 2774 1856 2689 1856 2775 1856 2786 1856 2726 1856 2725 1856 2786 1856 2727 1856 2726 1856 2786 1856 2785 1856 2727 1856 2787 1856 2725 1856 2724 1856 2787 1856 2786 1856 2725 1856 2788 1856 2787 1856 2724 1856 2788 1856 2724 1856 2723 1856 2789 1856 2788 1856 2723 1856 2789 1856 2723 1856 2722 1856 2790 1856 2722 1856 2721 1856 2790 1856 2789 1856 2722 1856 2791 1856 2721 1856 2720 1856 2791 1856 2790 1856 2721 1856 2792 1856 2791 1856 2720 1856 2685 1856 2799 1856 2798 1856 2685 1856 2800 1856 2799 1856 2685 1856 2801 1856 2800 1856 2685 1856 2802 1856 2801 1856 2685 1856 2803 1856 2802 1856 2685 1856 2766 1856 2803 1856 2685 1856 2767 1856 2766 1856 2685 1856 2768 1856 2767 1856 2685 1856 2769 1856 2768 1856 2686 1856 2685 1856 2798 1856 2686 1856 2793 1856 2792 1856 2686 1856 2794 1856 2793 1856 2686 1856 2795 1856 2794 1856 2686 1856 2796 1856 2795 1856 2686 1856 2797 1856 2796 1856 2686 1856 2798 1856 2797 1856 2686 1856 2719 1856 2687 1856 2686 1856 2720 1856 2719 1856 2686 1856 2792 1856 2720 1856 2684 1856 2769 1856 2685 1856 2814 1856 2769 1856 2684 1856 2814 1856 2770 1856 2769 1856 2813 1856 2770 1856 2814 1856 2813 1856 2771 1856 2770 1856 2813 1856 2772 1856 2771 1856 2815 1856 2814 1856 2684 1856 2812 1856 2772 1856 2813 1856 2812 1856 2773 1856 2772 1856 2816 1856 2815 1856 2684 1856 2811 1856 2773 1856 2812 1856 2811 1856 2689 1856 2774 1856 2811 1856 2774 1856 2773 1856 2817 1856 2816 1856 2684 1856 2818 1856 2817 1856 2684 1856 2819 1856 2818 1856 2684 1856 2820 1856 2819 1856 2684 1856 2821 1856 2684 1856 2683 1856 2821 1856 2820 1856 2684 1856 2822 1856 2821 1856 2683 1856 2823 1856 2822 1856 2683 1856 2824 1856 2823 1856 2683 1856 2742 1856 2808 1856 2807 1856 2742 1856 2741 1856 2808 1856 2740 1856 2809 1856 2808 1856 2740 1856 2808 1856 2741 1856 2743 1856 2807 1856 2806 1856 2743 1856 2742 1856 2807 1856 2739 1856 2810 1856 2809 1856 2739 1856 2809 1856 2740 1856 2744 1856 2806 1856 2805 1856 2744 1856 2743 1856 2806 1856 2745 1856 2744 1856 2805 1856 2746 1856 2805 1856 2804 1856 2746 1856 2745 1856 2805 1856 2747 1856 2804 1856 2829 1856 2747 1856 2746 1856 2804 1856 2748 1856 2829 1856 2828 1856 2748 1856 2747 1856 2829 1856 2681 1856 2689 1856 2811 1856 2681 1856 2811 1856 2810 1856 2681 1856 2736 1856 2735 1856 2681 1856 2737 1856 2736 1856 2681 1856 2738 1856 2737 1856 2681 1856 2739 1856 2738 1856 2681 1856 2810 1856 2739 1856 2734 1856 2681 1856 2735 1856 2749 1856 2828 1856 2827 1856 2749 1856 2748 1856 2828 1856 2733 1856 2681 1856 2734 1856 2750 1856 2749 1856 2827 1856 2732 1856 2681 1856 2733 1856 2751 1856 2827 1856 2826 1856 2751 1856 2750 1856 2827 1856 2752 1856 2826 1856 2825 1856 2752 1856 2751 1856 2826 1856 2753 1856 2825 1856 2824 1856 2753 1856 2752 1856 2825 1856 2680 1856 2681 1856 2732 1856 2680 1856 2731 1856 2730 1856 2680 1856 2732 1856 2731 1856 2754 1856 2753 1856 2824 1856 2754 1856 2824 1856 2683 1856 2729 1856 2680 1856 2730 1856 2728 1856 2680 1856 2729 1856 2765 1856 2680 1856 2728 1856 2682 1856 2754 1856 2683 1856 2682 1856 2680 1856 2765 1856 2682 1856 2755 1856 2754 1856 2682 1856 2756 1856 2755 1856 2682 1856 2757 1856 2756 1856 2682 1856 2758 1856 2757 1856 2682 1856 2759 1856 2758 1856 2682 1856 2760 1856 2759 1856 2682 1856 2761 1856 2760 1856 2682 1856 2762 1856 2761 1856 2682 1856 2763 1856 2762 1856 2682 1856 2764 1856 2763 1856 2682 1856 2765 1856 2764 1856 2831 2435 2844 2436 2830 2437 2831 2435 2845 2438 2844 2436 2832 2439 2846 2440 2845 2438 2832 2439 2845 2438 2831 2435 2833 2441 2847 2442 2846 2440 2833 2441 2846 2440 2832 2439 2834 2443 2848 2444 2847 2442 2834 2443 2847 2442 2833 2441 2835 2445 2849 2446 2848 2444 2835 2445 2848 2444 2834 2443 2836 2447 2850 2448 2849 2446 2836 2447 2849 2446 2835 2445 2837 2449 2851 2450 2850 2448 2837 2449 2852 2451 2851 2450 2837 2449 2850 2448 2836 2447 2838 2452 2853 2453 2852 2451 2838 2452 2852 2451 2837 2449 2839 2454 2853 2453 2838 2452 2840 2455 2854 2456 2853 2453 2840 2455 2855 2457 2854 2456 2840 2455 2853 2453 2839 2454 2841 2458 2855 2457 2840 2455 2842 2459 2856 2460 2855 2457 2842 2459 2855 2457 2841 2458 2843 2461 2857 2462 2856 2460 2843 2461 2856 2460 2842 2459 2874 2463 2872 2464 2875 2465 2876 2466 2858 2467 2859 2468 2876 2466 2859 2468 2860 2469 2876 2466 2860 2469 2861 2470 2876 2466 2872 2464 2858 2467 2876 2466 2875 2465 2872 2464 2877 2471 2873 2472 2872 2464 2877 2471 2872 2464 2874 2463 2878 2473 2861 2470 2862 2474 2878 2473 2862 2474 2863 2475 2878 2473 2875 2465 2876 2466 2878 2473 2874 2463 2875 2465 2878 2473 2876 2466 2861 2470 2879 2476 2873 2472 2877 2471 2880 2477 2863 2475 2864 2478 2880 2477 2864 2478 2865 2479 2880 2477 2874 2463 2878 2473 2880 2477 2877 2471 2874 2463 2880 2477 2878 2473 2863 2475 2880 2477 2879 2476 2877 2471 2881 2480 2873 2472 2879 2476 2882 2481 2865 2479 2866 2482 2882 2481 2879 2476 2880 2477 2882 2481 2880 2477 2865 2479 2883 2483 2871 2484 2873 2472 2883 2483 2873 2472 2881 2480 2884 2485 2866 2482 2867 2486 2884 2485 2867 2486 2868 2487 2884 2485 2882 2481 2866 2482 2884 2485 2881 2480 2879 2476 2884 2485 2879 2476 2882 2481 2885 2488 2868 2487 2869 2489 2885 2488 2869 2489 2870 2490 2885 2488 2870 2490 2871 2484 2885 2488 2871 2484 2883 2483 2885 2488 2884 2485 2868 2487 2885 2488 2883 2483 2881 2480 2885 2488 2881 2480 2884 2485 2889 2491 2901 2492 2888 2493 2889 2491 2902 2494 2901 2492 2890 2495 2903 2496 2902 2494 2890 2495 2902 2494 2889 2491 2891 2497 2904 2498 2903 2496 2891 2497 2905 2499 2904 2498 2891 2497 2903 2496 2890 2495 2892 2500 2905 2499 2891 2497 2893 2501 2906 2502 2905 2499 2893 2501 2905 2499 2892 2500 2894 2503 2907 2504 2906 2502 2894 2503 2908 2505 2907 2504 2894 2503 2906 2502 2893 2501 2895 2506 2909 2507 2908 2505 2895 2506 2908 2505 2894 2503 2896 2508 2909 2507 2895 2506 2897 2509 2910 2510 2909 2507 2897 2509 2909 2507 2896 2508 2898 2511 2911 2512 2910 2510 2898 2511 2910 2510 2897 2509 2899 2513 2912 2514 2911 2512 2899 2513 2913 2515 2912 2514 2899 2513 2911 2512 2898 2511 2900 2516 2913 2515 2899 2513 2887 2517 2886 2518 2913 2515 2887 2517 2913 2515 2900 2516</p>
        </triangles>
      </mesh>
    </geometry>
  </library_geometries>
  <library_visual_scenes>
    <visual_scene id="Scene" name="Scene">
      <node id="outil_sans_billes_et_aiguille" name="outil_sans_billes_et_aiguille" type="NODE">
        <matrix sid="transform">1 0 0 0 0 1 0 0 0 0 1 0 0 0 0 1</matrix>
        <node id="outil_stp" name="outil.stp" type="NODE">
          <matrix sid="transform">1 0 0 0 0 1 0 0 0 0 1 0 0 0 0 1</matrix>
          <node id="_204_ASSY_009_SPEC_stp" name="0204_ASSY_009_SPEC.stp" type="NODE">
            <matrix sid="transform">1 0 0 0 0 1 0 0 0 0 1 0 0 0 0 1</matrix>
            <node id="_204_ASSY_021_SPEC_stp" name="0204_ASSY_021_SPEC.stp" type="NODE">
              <matrix sid="transform">1 0 0 0 0 1 0 0 0 0 1 0 0 0 0 1</matrix>
              <node id="_204_MECA_024_SPEC_stp" name="0204_MECA_024_SPEC.stp" type="NODE">
                <matrix sid="transform">1 0 0 0 0 1 0 0 0 0 1 0.015 0 0 0 1</matrix>
                <instance_geometry url="#_204_MECA_024_SPEC_stp-mesh" name="0204_MECA_024_SPEC.stp">
                  <bind_material>
                    <technique_common>
                      <instance_material symbol="mat_0-material" target="#mat_0-material"/>
                    </technique_common>
                  </bind_material>
                </instance_geometry>
              </node>
              <node id="_204_MECA_023_SPEC_stp" name="0204_MECA_023_SPEC.stp" type="NODE">
                <matrix sid="transform">1 0 0 0 0 1 0 0 0 0 1 0 0 0 0 1</matrix>
                <instance_geometry url="#_204_MECA_023_SPEC_stp-mesh" name="0204_MECA_023_SPEC.stp">
                  <bind_material>
                    <technique_common>
                      <instance_material symbol="mat_0-material" target="#mat_0-material"/>
                    </technique_common>
                  </bind_material>
                </instance_geometry>
              </node>
              <node id="_204_MECA_025_SPEC_stp" name="0204_MECA_025_SPEC.stp" type="NODE">
                <matrix sid="transform">-1.34359e-7 0 1 0 0 1 0 0 -1 0 -1.34359e-7 0.015 0 0 0 1</matrix>
                <instance_geometry url="#_204_MECA_025_SPEC_stp-mesh" name="0204_MECA_025_SPEC.stp">
                  <bind_material>
                    <technique_common>
                      <instance_material symbol="mat_0-material" target="#mat_0-material"/>
                    </technique_common>
                  </bind_material>
                </instance_geometry>
              </node>
            </node>
          </node>
        </node>
      </node>
      <node id="Camera" name="Camera" type="NODE">
        <matrix sid="transform">0.6859207 -0.3240135 0.6515582 7.358891 0.7276763 0.3054208 -0.6141704 -6.925791 0 0.8953956 0.4452714 4.958309 0 0 0 1</matrix>
        <instance_camera url="#Camera-camera"/>
      </node>
      <node id="Light" name="Light" type="NODE">
        <matrix sid="transform">-0.2908646 -0.7711008 0.5663932 4.076245 0.9551712 -0.1998834 0.2183912 1.005454 -0.05518906 0.6045247 0.7946723 5.903862 0 0 0 1</matrix>
        <instance_light url="#Light-light"/>
      </node>
    </visual_scene>
  </library_visual_scenes>
  <scene>
    <instance_visual_scene url="#Scene"/>
  </scene>
</COLLADA>
